hearing_date,order,slot_start,case_number,advocate_id,hearing_purpose,age_4plus,why_listed,expected_minutes,sim_reached,sim_substantive,sim_advanced_to,sim_adjournment_reason,next_gap_days
2026-10-01,1,10:00,ST/67/2021,ADV-0647,APPLICATION_REVIEW,1,old-case guarantee,9.0,1,0,,Evidence / Filing Not Ready,7
2026-10-01,2,10:00,ST/82/2021,ADV-0194,APPLICATION_REVIEW,1,old-case guarantee,9.0,1,1,JUDGEMENT,,21
2026-10-01,3,10:00,ST/111/2021,ADV-0802,APPLICATION_REVIEW,1,old-case guarantee,9.0,1,1,JUDGEMENT,,21
2026-10-01,4,10:00,ST/525/2026,ADV-0802,ADMISSION,0,ranked (advocate already listed),4.1,1,1,COGNIZANCE,,14
2026-10-01,5,10:00,ST/121/2021,ADV-0314,APPLICATION_REVIEW,1,old-case guarantee,9.0,1,1,JUDGEMENT,,21
2026-10-01,6,10:00,ST/2309/2023,ADV-0314,APPLICATION_REVIEW,0,ranked (advocate already listed),9.2,1,1,JUDGEMENT,,21
2026-10-01,7,10:00,ST/343/2021,ADV-1223,APPLICATION_REVIEW,1,old-case guarantee,9.0,1,0,,Evidence / Filing Not Ready,7
2026-10-01,8,10:00,ST/377/2021,ADV-0653,APPLICATION_REVIEW,1,old-case guarantee,9.0,1,0,,Unclear,7
2026-10-01,9,11:00,ST/380/2021,ADV-0405,APPLICATION_REVIEW,1,old-case guarantee,9.0,1,1,JUDGEMENT,,21
2026-10-01,10,11:00,ST/392/2021,ADV-0706,APPLICATION_REVIEW,1,old-case guarantee,9.0,1,1,JUDGEMENT,,21
2026-10-01,11,11:00,ST/407/2021,ADV-0541,APPLICATION_REVIEW,1,old-case guarantee,9.0,1,1,JUDGEMENT,,21
2026-10-01,12,11:00,ST/410/2021,ADV-0759,APPLICATION_REVIEW,1,old-case guarantee,9.0,1,1,JUDGEMENT,,21
2026-10-01,13,11:00,ST/472/2021,ADV-1065,APPLICATION_REVIEW,1,old-case guarantee,9.0,1,1,JUDGEMENT,,21
2026-10-01,14,11:00,ST/535/2021,ADV-1042,APPLICATION_REVIEW,1,old-case guarantee,9.0,1,1,JUDGEMENT,,21
2026-10-01,15,12:00,ST/578/2021,ADV-0081,APPLICATION_REVIEW,1,ranked,9.0,1,1,JUDGEMENT,,21
2026-10-01,16,12:00,ST/696/2021,ADV-0227,APPLICATION_REVIEW,1,ranked,9.0,1,0,,Unclear,7
2026-10-01,17,12:00,ST/1341/2026,ADV-0227,ADMISSION,0,ranked (advocate already listed),4.1,1,1,COGNIZANCE,,14
2026-10-01,18,12:00,ST/734/2021,ADV-0424,APPLICATION_REVIEW,1,ranked,9.0,1,1,JUDGEMENT,,21
2026-10-01,19,12:00,ST/828/2021,ADV-0559,APPLICATION_REVIEW,1,ranked,9.0,1,1,JUDGEMENT,,21
2026-10-01,20,12:00,ST/850/2021,ADV-0688,APPLICATION_REVIEW,1,ranked,9.0,1,1,JUDGEMENT,,21
2026-10-01,21,12:00,ST/910/2021,ADV-0722,APPLICATION_REVIEW,1,ranked,9.0,1,0,,Party Sought Time / Adjournment,7
2026-10-01,22,12:00,ST/166/2023,ADV-0722,APPLICATION_REVIEW,0,ranked (advocate already listed),9.1,1,1,JUDGEMENT,,21
2026-10-01,23,13:00,ST/917/2021,ADV-0781,APPLICATION_REVIEW,1,ranked,9.0,1,1,JUDGEMENT,,21
2026-10-01,24,13:00,ST/964/2021,ADV-0718,APPLICATION_REVIEW,1,ranked,9.0,1,0,,Party Sought Time / Adjournment,7
2026-10-01,25,13:00,ST/1044/2021,ADV-1153,APPLICATION_REVIEW,1,ranked,9.0,1,1,JUDGEMENT,,21
2026-10-01,26,13:00,ST/1067/2021,ADV-0849,APPLICATION_REVIEW,1,ranked,9.0,1,1,JUDGEMENT,,21
2026-10-01,27,13:00,ST/1071/2021,ADV-0400,APPLICATION_REVIEW,1,ranked,9.0,1,1,JUDGEMENT,,21
2026-10-01,28,13:00,ST/1119/2021,ADV-0440,APPLICATION_REVIEW,1,ranked,9.0,1,0,,Unclear,7
2026-10-01,29,14:00,ST/1235/2021,ADV-1026,APPLICATION_REVIEW,1,ranked,9.0,1,0,,Party Sought Time / Adjournment,7
2026-10-01,30,14:00,ST/1319/2021,ADV-0045,APPLICATION_REVIEW,1,ranked,9.0,1,1,JUDGEMENT,,21
2026-10-01,31,14:00,ST/1358/2021,ADV-0727,APPLICATION_REVIEW,1,ranked,9.0,1,1,JUDGEMENT,,21
2026-10-01,32,14:00,ST/1618/2021,ADV-0564,APPLICATION_REVIEW,1,ranked,9.0,1,1,JUDGEMENT,,21
2026-10-01,33,14:00,ST/1642/2021,ADV-0658,APPLICATION_REVIEW,1,ranked,9.0,1,0,,Unclear,7
2026-10-01,34,14:00,ST/2352/2023,ADV-0658,APPLICATION_REVIEW,0,ranked (advocate already listed),8.7,1,1,JUDGEMENT,,21
2026-10-01,35,14:00,ST/1770/2021,ADV-1136,APPLICATION_REVIEW,1,ranked,9.0,1,1,JUDGEMENT,,21
2026-10-01,36,15:00,ST/1829/2021,ADV-0378,APPLICATION_REVIEW,1,ranked,9.0,1,1,JUDGEMENT,,21
2026-10-01,37,15:00,ST/1991/2021,ADV-0504,APPLICATION_REVIEW,1,ranked,9.0,1,1,JUDGEMENT,,21
2026-10-01,38,15:00,ST/2211/2021,ADV-0915,APPLICATION_REVIEW,1,ranked,9.0,1,1,JUDGEMENT,,21
2026-10-01,39,15:00,ST/2594/2021,ADV-0819,APPLICATION_REVIEW,1,ranked,9.0,1,0,,Unclear,7
2026-10-01,40,15:00,ST/2890/2021,ADV-0903,APPLICATION_REVIEW,1,ranked,9.0,1,1,JUDGEMENT,,21
2026-10-01,41,15:00,ST/2917/2021,ADV-0100,APPLICATION_REVIEW,1,ranked,9.0,1,1,JUDGEMENT,,21
2026-10-01,42,15:00,ST/2458/2023,ADV-0100,APPLICATION_REVIEW,0,ranked (advocate already listed),8.7,1,1,JUDGEMENT,,21
2026-10-01,43,16:00,ST/2939/2021,ADV-0938,APPLICATION_REVIEW,1,ranked,9.0,1,1,JUDGEMENT,,21
2026-10-01,44,16:00,ST/2981/2021,ADV-0901,APPLICATION_REVIEW,1,ranked,9.0,1,1,JUDGEMENT,,21
2026-10-01,45,16:00,ST/114/2021,ADV-1237,APPLICATION_REVIEW,1,ranked,8.9,1,1,JUDGEMENT,,21
2026-10-01,46,16:00,ST/269/2021,ADV-1103,APPLICATION_REVIEW,1,ranked,8.9,1,0,,Unclear,7
2026-10-05,1,10:00,ST/271/2021,ADV-1170,APPLICATION_REVIEW,1,old-case guarantee,8.9,1,1,JUDGEMENT,,21
2026-10-05,2,10:00,ST/504/2023,ADV-1170,APPLICATION_REVIEW,0,ranked (advocate already listed),8.7,1,1,JUDGEMENT,,21
2026-10-05,3,10:00,ST/2015/2026,ADV-1170,ADMISSION,0,ranked (advocate already listed),4.1,1,1,COGNIZANCE,,14
2026-10-05,4,10:00,ST/585/2021,ADV-0489,APPLICATION_REVIEW,1,old-case guarantee,8.9,1,1,JUDGEMENT,,21
2026-10-05,5,10:00,ST/742/2021,ADV-0125,APPLICATION_REVIEW,1,old-case guarantee,8.9,1,1,JUDGEMENT,,21
2026-10-05,6,10:00,ST/831/2021,ADV-0393,APPLICATION_REVIEW,1,old-case guarantee,8.9,1,1,JUDGEMENT,,21
2026-10-05,7,10:00,ST/1022/2026,ADV-0393,ADMISSION,0,ranked (advocate already listed),4.1,1,1,COGNIZANCE,,14
2026-10-05,8,10:00,ST/877/2021,ADV-0632,APPLICATION_REVIEW,1,old-case guarantee,8.9,1,1,JUDGEMENT,,21
2026-10-05,9,11:00,ST/901/2021,ADV-0579,APPLICATION_REVIEW,1,old-case guarantee,8.9,1,0,,Unclear,7
2026-10-05,10,11:00,ST/949/2021,ADV-1093,APPLICATION_REVIEW,1,old-case guarantee,8.9,1,1,JUDGEMENT,,21
2026-10-05,11,11:00,ST/1141/2021,ADV-0086,APPLICATION_REVIEW,1,old-case guarantee,8.9,1,1,JUDGEMENT,,21
2026-10-05,12,11:00,ST/1143/2021,ADV-1148,APPLICATION_REVIEW,1,old-case guarantee,8.9,1,1,JUDGEMENT,,21
2026-10-05,13,11:00,ST/1188/2021,ADV-1059,APPLICATION_REVIEW,1,old-case guarantee,8.9,1,1,JUDGEMENT,,21
2026-10-05,14,11:00,ST/1193/2021,ADV-0831,APPLICATION_REVIEW,1,old-case guarantee,8.9,1,1,JUDGEMENT,,21
2026-10-05,15,11:00,ST/1245/2021,ADV-0516,APPLICATION_REVIEW,1,old-case guarantee,8.9,1,1,JUDGEMENT,,21
2026-10-05,16,12:00,ST/1288/2021,ADV-0898,APPLICATION_REVIEW,1,old-case guarantee,8.9,1,1,JUDGEMENT,,21
2026-10-05,17,12:00,ST/1331/2021,ADV-0596,APPLICATION_REVIEW,1,ranked,8.9,1,1,JUDGEMENT,,21
2026-10-05,18,12:00,ST/1344/2021,ADV-0840,APPLICATION_REVIEW,1,ranked,8.9,1,1,JUDGEMENT,,21
2026-10-05,19,12:00,ST/1386/2021,ADV-1126,APPLICATION_REVIEW,1,ranked,8.9,1,1,JUDGEMENT,,21
2026-10-05,20,12:00,ST/2724/2022,ADV-1126,APPLICATION_REVIEW,1,ranked (advocate already listed),8.2,1,1,EVIDENCE_COMPLAINANT,,14
2026-10-05,21,12:00,ST/2384/2023,ADV-1126,APPLICATION_REVIEW,0,ranked (advocate already listed),9.2,1,1,JUDGEMENT,,21
2026-10-05,22,12:00,ST/1391/2021,ADV-0300,APPLICATION_REVIEW,1,ranked,8.9,1,1,JUDGEMENT,,21
2026-10-05,23,12:00,ST/355/2023,ADV-0300,APPLICATION_REVIEW,0,ranked (advocate already listed),9.1,1,1,JUDGEMENT,,21
2026-10-05,24,13:00,ST/1655/2021,ADV-0186,APPLICATION_REVIEW,1,ranked,8.9,1,0,,Party Sought Time / Adjournment,7
2026-10-05,25,13:00,ST/1659/2021,ADV-0684,APPLICATION_REVIEW,1,ranked,8.9,1,1,JUDGEMENT,,21
2026-10-05,26,13:00,ST/1688/2021,ADV-0592,APPLICATION_REVIEW,1,ranked,8.9,1,1,JUDGEMENT,,21
2026-10-05,27,13:00,ST/1727/2021,ADV-0817,APPLICATION_REVIEW,1,ranked,8.9,1,1,JUDGEMENT,,21
2026-10-05,28,13:00,ST/1738/2021,ADV-0458,APPLICATION_REVIEW,1,ranked,8.9,1,0,,Evidence / Filing Not Ready,7
2026-10-05,29,13:00,ST/524/2023,ADV-0458,APPLICATION_REVIEW,0,ranked (advocate already listed),8.7,1,1,JUDGEMENT,,21
2026-10-05,30,14:00,ST/1836/2021,ADV-0616,APPLICATION_REVIEW,1,ranked,8.9,1,0,,Party Sought Time / Adjournment,7
2026-10-05,31,14:00,ST/2506/2022,ADV-0616,APPLICATION_REVIEW,1,ranked (advocate already listed),8.2,1,1,EVIDENCE_COMPLAINANT,,14
2026-10-05,32,14:00,ST/2077/2021,ADV-0078,APPLICATION_REVIEW,1,ranked,8.9,1,1,JUDGEMENT,,21
2026-10-05,33,14:00,ST/2096/2021,ADV-0747,APPLICATION_REVIEW,1,ranked,8.9,1,1,JUDGEMENT,,21
2026-10-05,34,14:00,ST/2140/2021,ADV-0871,APPLICATION_REVIEW,1,ranked,8.9,1,0,,Unclear,7
2026-10-05,35,14:00,ST/2178/2021,ADV-0692,APPLICATION_REVIEW,1,ranked,8.9,1,1,JUDGEMENT,,21
2026-10-05,36,15:00,ST/2342/2021,ADV-1035,APPLICATION_REVIEW,1,ranked,8.9,1,1,JUDGEMENT,,21
2026-10-05,37,15:00,ST/2451/2021,ADV-0190,APPLICATION_REVIEW,1,ranked,8.9,1,1,JUDGEMENT,,21
2026-10-05,38,15:00,ST/2459/2021,ADV-0425,APPLICATION_REVIEW,1,ranked,8.9,1,0,,Unclear,7
2026-10-05,39,15:00,ST/2559/2021,ADV-0403,APPLICATION_REVIEW,1,ranked,8.9,1,1,JUDGEMENT,,21
2026-10-05,40,15:00,ST/18/2023,ADV-0403,APPLICATION_REVIEW,0,ranked (advocate already listed),9.2,1,1,JUDGEMENT,,21
2026-10-05,41,15:00,ST/2601/2021,ADV-0250,APPLICATION_REVIEW,1,ranked,8.9,1,1,JUDGEMENT,,21
2026-10-05,42,15:00,ST/1725/2022,ADV-0250,APPLICATION_REVIEW,1,ranked (advocate already listed),8.2,1,1,EVIDENCE_COMPLAINANT,,14
2026-10-05,43,16:00,ST/2614/2021,ADV-0515,APPLICATION_REVIEW,1,ranked,8.9,1,1,JUDGEMENT,,21
2026-10-05,44,16:00,ST/2714/2021,ADV-1056,APPLICATION_REVIEW,1,ranked,8.9,1,1,JUDGEMENT,,21
2026-10-05,45,16:00,ST/2743/2021,ADV-0430,APPLICATION_REVIEW,1,ranked,8.9,1,1,JUDGEMENT,,21
2026-10-05,46,16:00,ST/2751/2021,ADV-1229,APPLICATION_REVIEW,1,ranked,8.9,1,1,JUDGEMENT,,21
2026-10-05,47,16:00,ST/138/2026,ADV-1142,ADMISSION,0,ranked,4.1,1,0,,Party Sought Time / Adjournment,7
2026-10-06,1,10:00,ST/105/2022,ADV-0703,APPLICATION_REVIEW,1,old-case guarantee,8.2,1,1,EVIDENCE_COMPLAINANT,,14
2026-10-06,2,10:00,ST/116/2022,ADV-0189,APPLICATION_REVIEW,1,old-case guarantee,8.2,1,1,EVIDENCE_COMPLAINANT,,14
2026-10-06,3,10:00,ST/403/2022,ADV-0005,APPLICATION_REVIEW,1,old-case guarantee,8.2,1,0,,Unclear,7
2026-10-06,4,10:00,ST/522/2022,ADV-0525,APPLICATION_REVIEW,1,old-case guarantee,8.2,1,1,EVIDENCE_COMPLAINANT,,14
2026-10-06,5,10:00,ST/526/2022,ADV-1184,APPLICATION_REVIEW,1,old-case guarantee,8.2,1,1,EVIDENCE_COMPLAINANT,,14
2026-10-06,6,10:00,ST/613/2022,ADV-0957,APPLICATION_REVIEW,1,old-case guarantee,8.2,1,1,EVIDENCE_COMPLAINANT,,14
2026-10-06,7,10:00,ST/967/2022,ADV-0597,APPLICATION_REVIEW,1,old-case guarantee,8.2,1,1,EVIDENCE_COMPLAINANT,,14
2026-10-06,8,10:00,ST/1172/2022,ADV-0665,APPLICATION_REVIEW,1,old-case guarantee,8.2,1,0,,Unclear,7
2026-10-06,9,10:00,ST/2410/2023,ADV-0665,APPLICATION_REVIEW,0,ranked (advocate already listed),9.1,1,1,JUDGEMENT,,21
2026-10-06,10,11:00,ST/1360/2022,ADV-1177,APPLICATION_REVIEW,1,old-case guarantee,8.2,1,0,,Evidence / Filing Not Ready,7
2026-10-06,11,11:00,ST/1462/2022,ADV-0533,APPLICATION_REVIEW,1,old-case guarantee,8.2,1,1,EVIDENCE_COMPLAINANT,,14
2026-10-06,12,11:00,ST/1575/2022,ADV-1166,APPLICATION_REVIEW,1,old-case guarantee,8.2,1,1,EVIDENCE_COMPLAINANT,,14
2026-10-06,13,11:00,ST/1871/2022,ADV-0574,APPLICATION_REVIEW,1,old-case guarantee,8.2,1,1,EVIDENCE_COMPLAINANT,,14
2026-10-06,14,11:00,ST/1972/2022,ADV-0307,APPLICATION_REVIEW,1,old-case guarantee,8.2,1,1,EVIDENCE_COMPLAINANT,,14
2026-10-06,15,11:00,ST/1980/2022,ADV-1143,APPLICATION_REVIEW,1,old-case guarantee,8.2,1,0,,Evidence / Filing Not Ready,7
2026-10-06,16,12:00,ST/2078/2022,ADV-0467,APPLICATION_REVIEW,1,ranked,8.2,1,1,EVIDENCE_COMPLAINANT,,14
2026-10-06,17,12:00,ST/2091/2022,ADV-0956,APPLICATION_REVIEW,1,ranked,8.2,1,1,EVIDENCE_COMPLAINANT,,14
2026-10-06,18,12:00,ST/2310/2026,ADV-0956,ADMISSION,0,ranked (advocate already listed),4.1,1,1,COGNIZANCE,,14
2026-10-06,19,12:00,ST/2349/2022,ADV-0744,APPLICATION_REVIEW,1,ranked,8.2,1,1,EVIDENCE_COMPLAINANT,,14
2026-10-06,20,12:00,ST/2441/2022,ADV-0113,APPLICATION_REVIEW,1,ranked,8.2,1,1,EVIDENCE_COMPLAINANT,,14
2026-10-06,21,12:00,ST/2497/2022,ADV-0732,APPLICATION_REVIEW,1,ranked,8.2,1,1,EVIDENCE_COMPLAINANT,,14
2026-10-06,22,12:00,ST/2587/2022,ADV-0122,APPLICATION_REVIEW,1,ranked,8.2,1,1,EVIDENCE_COMPLAINANT,,14
2026-10-06,23,12:00,ST/2422/2023,ADV-0122,APPLICATION_REVIEW,0,ranked (advocate already listed),9.2,1,1,JUDGEMENT,,21
2026-10-06,24,13:00,ST/2593/2022,ADV-0229,APPLICATION_REVIEW,1,ranked,8.2,1,1,EVIDENCE_COMPLAINANT,,14
2026-10-06,25,13:00,ST/2641/2022,ADV-0235,APPLICATION_REVIEW,1,ranked,8.2,1,0,,Party Sought Time / Adjournment,7
2026-10-06,26,13:00,ST/2685/2022,ADV-0501,APPLICATION_REVIEW,1,ranked,8.2,1,1,EVIDENCE_COMPLAINANT,,14
2026-10-06,27,13:00,ST/2742/2022,ADV-0459,APPLICATION_REVIEW,1,ranked,8.2,1,1,EVIDENCE_COMPLAINANT,,14
2026-10-06,28,13:00,ST/2960/2022,ADV-0531,APPLICATION_REVIEW,1,ranked,8.2,1,0,,Party Sought Time / Adjournment,7
2026-10-06,29,13:00,ST/1790/2023,ADV-0531,APPLICATION_REVIEW,0,ranked (advocate already listed),9.1,1,1,JUDGEMENT,,21
2026-10-06,30,13:00,ST/96/2022,ADV-1208,APPLICATION_REVIEW,1,ranked,8.4,1,1,JUDGEMENT,,21
2026-10-06,31,14:00,ST/127/2022,ADV-1214,APPLICATION_REVIEW,1,ranked,8.4,1,1,JUDGEMENT,,21
2026-10-06,32,14:00,ST/142/2022,ADV-1165,APPLICATION_REVIEW,1,ranked,8.4,1,1,JUDGEMENT,,21
2026-10-06,33,14:00,ST/154/2022,ADV-0352,APPLICATION_REVIEW,1,ranked,8.4,1,1,JUDGEMENT,,21
2026-10-06,34,14:00,ST/239/2022,ADV-0416,APPLICATION_REVIEW,1,ranked,8.4,1,1,JUDGEMENT,,21
2026-10-06,35,14:00,ST/276/2022,ADV-0517,APPLICATION_REVIEW,1,ranked,8.4,1,1,JUDGEMENT,,21
2026-10-06,36,14:00,ST/361/2022,ADV-1185,APPLICATION_REVIEW,1,ranked,8.4,1,1,JUDGEMENT,,21
2026-10-06,37,14:00,ST/661/2022,ADV-0407,APPLICATION_REVIEW,1,ranked,8.4,1,1,JUDGEMENT,,21
2026-10-06,38,14:00,ST/2166/2026,ADV-0407,ADMISSION,0,ranked (advocate already listed),4.1,1,1,COGNIZANCE,,14
2026-10-06,39,15:00,ST/671/2022,ADV-0051,APPLICATION_REVIEW,1,ranked,8.4,1,0,,Evidence / Filing Not Ready,7
2026-10-06,40,15:00,ST/699/2022,ADV-0931,APPLICATION_REVIEW,1,ranked,8.4,1,1,JUDGEMENT,,21
2026-10-06,41,15:00,ST/860/2022,ADV-1226,APPLICATION_REVIEW,1,ranked,8.4,1,1,JUDGEMENT,,21
2026-10-06,42,15:00,ST/978/2022,ADV-0154,APPLICATION_REVIEW,1,ranked,8.4,1,1,JUDGEMENT,,21
2026-10-06,43,15:00,ST/1057/2022,ADV-0527,APPLICATION_REVIEW,1,ranked,8.4,1,1,JUDGEMENT,,21
2026-10-06,44,15:00,ST/1122/2022,ADV-0204,APPLICATION_REVIEW,1,ranked,8.4,1,1,JUDGEMENT,,21
2026-10-06,45,15:00,ST/1123/2022,ADV-0350,APPLICATION_REVIEW,1,ranked,8.4,1,1,JUDGEMENT,,21
2026-10-06,46,16:00,ST/1185/2022,ADV-0478,APPLICATION_REVIEW,1,ranked,8.4,1,1,JUDGEMENT,,21
2026-10-06,47,16:00,ST/1201/2022,ADV-1057,APPLICATION_REVIEW,1,ranked,8.4,1,1,JUDGEMENT,,21
2026-10-06,48,16:00,ST/1230/2022,ADV-0097,APPLICATION_REVIEW,1,ranked,8.4,1,1,JUDGEMENT,,21
2026-10-06,49,16:00,ST/1778/2026,ADV-0097,ADMISSION,0,ranked (advocate already listed),4.1,1,0,,Evidence / Filing Not Ready,7
2026-10-06,50,16:00,ST/193/2026,ADV-0402,ADMISSION,0,ranked,4.1,1,0,,Petitioner Absence / Non-Compliance,7
2026-10-07,1,10:00,ST/1577/2022,ADV-0803,APPLICATION_REVIEW,1,old-case guarantee,8.4,1,1,JUDGEMENT,,21
2026-10-07,2,10:00,ST/1589/2022,ADV-0995,APPLICATION_REVIEW,1,old-case guarantee,8.4,1,0,,Unclear,7
2026-10-07,3,10:00,ST/1604/2022,ADV-1027,APPLICATION_REVIEW,1,old-case guarantee,8.4,1,1,JUDGEMENT,,21
2026-10-07,4,10:00,ST/1715/2022,ADV-0737,APPLICATION_REVIEW,1,old-case guarantee,8.4,1,1,JUDGEMENT,,21
2026-10-07,5,10:00,ST/1718/2022,ADV-0493,APPLICATION_REVIEW,1,old-case guarantee,8.4,1,1,JUDGEMENT,,21
2026-10-07,6,10:00,ST/1724/2022,ADV-1083,APPLICATION_REVIEW,1,old-case guarantee,8.4,1,1,JUDGEMENT,,21
2026-10-07,7,10:00,ST/47/2023,ADV-1083,APPLICATION_REVIEW,0,ranked (advocate already listed),9.1,1,0,,Party Sought Time / Adjournment,7
2026-10-07,8,10:00,ST/1783/2022,ADV-0111,APPLICATION_REVIEW,1,old-case guarantee,8.4,1,1,JUDGEMENT,,21
2026-10-07,9,11:00,ST/1898/2022,ADV-1197,APPLICATION_REVIEW,1,old-case guarantee,8.4,1,0,,Party Sought Time / Adjournment,7
2026-10-07,10,11:00,ST/1941/2022,ADV-0825,APPLICATION_REVIEW,1,old-case guarantee,8.4,1,1,JUDGEMENT,,21
2026-10-07,11,11:00,ST/1942/2022,ADV-1171,APPLICATION_REVIEW,1,old-case guarantee,8.4,1,1,JUDGEMENT,,21
2026-10-07,12,11:00,ST/2071/2022,ADV-0027,APPLICATION_REVIEW,1,old-case guarantee,8.4,1,1,JUDGEMENT,,21
2026-10-07,13,11:00,ST/2516/2023,ADV-0027,APPLICATION_REVIEW,0,ranked (advocate already listed),8.7,1,1,JUDGEMENT,,21
2026-10-07,14,11:00,ST/2271/2022,ADV-0464,APPLICATION_REVIEW,1,old-case guarantee,8.4,1,1,JUDGEMENT,,21
2026-10-07,15,11:00,ST/2419/2022,ADV-1054,APPLICATION_REVIEW,1,old-case guarantee,8.4,1,0,,Party Sought Time / Adjournment,7
2026-10-07,16,12:00,ST/2460/2022,ADV-1201,APPLICATION_REVIEW,1,ranked,8.4,1,0,,Unclear,7
2026-10-07,17,12:00,ST/2635/2022,ADV-0161,APPLICATION_REVIEW,1,ranked,8.4,1,1,JUDGEMENT,,21
2026-10-07,18,12:00,ST/2637/2022,ADV-0107,APPLICATION_REVIEW,1,ranked,8.4,1,0,,Unclear,7
2026-10-07,19,12:00,ST/2661/2022,ADV-0355,APPLICATION_REVIEW,1,ranked,8.4,1,0,,Evidence / Filing Not Ready,7
2026-10-07,20,12:00,ST/2666/2022,ADV-0594,APPLICATION_REVIEW,1,ranked,8.4,1,0,,Unclear,7
2026-10-07,21,12:00,ST/70/2023,ADV-0311,APPLICATION_REVIEW,0,ranked,9.1,1,1,JUDGEMENT,,21
2026-10-07,22,12:00,ST/309/2023,ADV-0561,APPLICATION_REVIEW,0,ranked,9.1,1,1,JUDGEMENT,,21
2026-10-07,23,13:00,ST/384/2023,ADV-0195,APPLICATION_REVIEW,0,ranked,9.1,1,1,JUDGEMENT,,21
2026-10-07,24,13:00,ST/386/2023,ADV-0217,APPLICATION_REVIEW,0,ranked,9.1,1,1,JUDGEMENT,,21
2026-10-07,25,13:00,ST/389/2023,ADV-0147,APPLICATION_REVIEW,0,ranked,9.1,1,1,JUDGEMENT,,21
2026-10-07,26,13:00,ST/1587/2026,ADV-0147,ADMISSION,0,ranked (advocate already listed),4.1,1,0,,Unclear,7
2026-10-07,27,13:00,ST/399/2023,ADV-0074,APPLICATION_REVIEW,0,ranked,9.1,1,0,,Party Sought Time / Adjournment,7
2026-10-07,28,13:00,ST/479/2023,ADV-1209,APPLICATION_REVIEW,0,ranked,9.1,1,1,JUDGEMENT,,21
2026-10-07,29,13:00,ST/617/2023,ADV-0454,APPLICATION_REVIEW,0,ranked,9.1,1,1,JUDGEMENT,,21
2026-10-07,30,14:00,ST/842/2023,ADV-0028,APPLICATION_REVIEW,0,ranked,9.1,1,1,JUDGEMENT,,21
2026-10-07,31,14:00,ST/872/2023,ADV-0073,APPLICATION_REVIEW,0,ranked,9.1,1,1,JUDGEMENT,,21
2026-10-07,32,14:00,ST/966/2023,ADV-0709,APPLICATION_REVIEW,0,ranked,9.1,1,1,JUDGEMENT,,21
2026-10-07,33,14:00,ST/1274/2023,ADV-0736,APPLICATION_REVIEW,0,ranked,9.1,1,1,JUDGEMENT,,21
2026-10-07,34,14:00,ST/2328/2023,ADV-0736,APPLICATION_REVIEW,0,ranked (advocate already listed),9.1,1,1,JUDGEMENT,,21
2026-10-07,35,14:00,ST/1428/2023,ADV-0207,APPLICATION_REVIEW,0,ranked,9.1,1,1,JUDGEMENT,,21
2026-10-07,36,14:00,ST/1487/2023,ADV-0093,APPLICATION_REVIEW,0,ranked,9.1,1,1,JUDGEMENT,,21
2026-10-07,37,15:00,ST/1897/2023,ADV-0223,APPLICATION_REVIEW,0,ranked,9.1,1,1,JUDGEMENT,,21
2026-10-07,38,15:00,ST/1920/2023,ADV-1040,APPLICATION_REVIEW,0,ranked,9.1,1,1,JUDGEMENT,,21
2026-10-07,39,15:00,ST/1973/2023,ADV-0322,APPLICATION_REVIEW,0,ranked,9.1,1,1,JUDGEMENT,,21
2026-10-07,40,15:00,ST/2058/2023,ADV-0674,APPLICATION_REVIEW,0,ranked,9.1,1,1,JUDGEMENT,,21
2026-10-07,41,15:00,ST/2067/2023,ADV-1020,APPLICATION_REVIEW,0,ranked,9.1,1,1,JUDGEMENT,,21
2026-10-07,42,15:00,ST/2215/2023,ADV-1140,APPLICATION_REVIEW,0,ranked,9.1,1,1,JUDGEMENT,,21
2026-10-07,43,16:00,ST/2710/2023,ADV-1078,APPLICATION_REVIEW,0,ranked,9.1,1,1,JUDGEMENT,,21
2026-10-07,44,16:00,ST/2801/2023,ADV-0936,APPLICATION_REVIEW,0,ranked,9.1,1,1,JUDGEMENT,,21
2026-10-07,45,16:00,ST/36/2023,ADV-0683,APPLICATION_REVIEW,0,ranked,9.2,1,0,,Evidence / Filing Not Ready,7
2026-10-07,46,16:00,ST/952/2025,ADV-0683,DELAY_CONDONATION_HEARING,0,ranked (advocate already listed),2.5,1,0,,Unclear,7
2026-10-07,47,16:00,ST/395/2023,ADV-0513,APPLICATION_REVIEW,0,ranked,9.2,1,0,,Unclear,7
2026-10-08,1,10:00,ST/79/2016,ADV-0580,JUDGEMENT,1,old-case guarantee,29.8,1,1,DISPOSED,,
2026-10-08,2,10:00,ST/212/2016,ADV-0573,JUDGEMENT,1,old-case guarantee,29.8,1,1,,,21
2026-10-08,3,10:00,ST/811/2016,ADV-0488,JUDGEMENT,1,old-case guarantee,29.8,1,1,,,21
2026-10-08,4,11:00,ST/827/2016,ADV-0931,JUDGEMENT,1,old-case guarantee,29.8,1,1,,,21
2026-10-08,5,11:00,ST/67/2021,ADV-0647,APPLICATION_REVIEW,1,due,8.7,1,1,JUDGEMENT,,21
2026-10-08,6,12:00,ST/343/2021,ADV-1223,APPLICATION_REVIEW,1,due,8.7,1,1,JUDGEMENT,,21
2026-10-08,7,12:00,ST/377/2021,ADV-0653,APPLICATION_REVIEW,1,due,8.7,1,0,,Evidence / Filing Not Ready,7
2026-10-08,8,12:00,ST/696/2021,ADV-0227,APPLICATION_REVIEW,1,due,8.7,1,1,JUDGEMENT,,21
2026-10-08,9,12:00,ST/910/2021,ADV-0722,APPLICATION_REVIEW,1,due,8.7,1,1,JUDGEMENT,,21
2026-10-08,10,12:00,ST/964/2021,ADV-0718,APPLICATION_REVIEW,1,due,8.7,1,1,JUDGEMENT,,21
2026-10-08,11,12:00,ST/1119/2021,ADV-0440,APPLICATION_REVIEW,1,due,8.7,1,1,JUDGEMENT,,21
2026-10-08,12,13:00,ST/1235/2021,ADV-1026,APPLICATION_REVIEW,1,due,8.7,1,1,JUDGEMENT,,21
2026-10-08,13,13:00,ST/1642/2021,ADV-0658,APPLICATION_REVIEW,1,due,8.7,1,1,JUDGEMENT,,21
2026-10-08,14,13:00,ST/2594/2021,ADV-0819,APPLICATION_REVIEW,1,due,8.7,1,1,JUDGEMENT,,21
2026-10-08,15,13:00,ST/269/2021,ADV-1103,APPLICATION_REVIEW,1,due,8.6,1,1,JUDGEMENT,,21
2026-10-08,16,13:00,ST/499/2023,ADV-0970,APPLICATION_REVIEW,0,ranked,9.2,1,1,JUDGEMENT,,21
2026-10-08,17,13:00,ST/534/2023,ADV-0507,APPLICATION_REVIEW,0,ranked,9.2,1,1,JUDGEMENT,,21
2026-10-08,18,13:00,ST/197/2026,ADV-0507,ADMISSION,0,ranked (advocate already listed),4.1,1,1,COGNIZANCE,,14
2026-10-08,19,13:00,ST/793/2023,ADV-0386,APPLICATION_REVIEW,0,ranked,9.2,1,1,JUDGEMENT,,21
2026-10-08,20,14:00,ST/986/2023,ADV-0986,APPLICATION_REVIEW,0,ranked,9.2,1,1,JUDGEMENT,,21
2026-10-08,21,14:00,ST/1009/2023,ADV-0001,APPLICATION_REVIEW,0,ranked,9.2,1,1,JUDGEMENT,,21
2026-10-08,22,14:00,ST/1363/2023,ADV-1238,APPLICATION_REVIEW,0,ranked,9.2,1,1,JUDGEMENT,,21
2026-10-08,23,14:00,ST/1684/2023,ADV-0150,APPLICATION_REVIEW,0,ranked,9.2,1,1,JUDGEMENT,,21
2026-10-08,24,14:00,ST/1703/2023,ADV-0491,APPLICATION_REVIEW,0,ranked,9.2,1,1,JUDGEMENT,,21
2026-10-08,25,14:00,ST/1734/2023,ADV-1162,APPLICATION_REVIEW,0,ranked,9.2,1,0,,Party Sought Time / Adjournment,7
2026-10-08,26,15:00,ST/1866/2023,ADV-1046,APPLICATION_REVIEW,0,ranked,9.2,1,1,JUDGEMENT,,21
2026-10-08,27,15:00,ST/1883/2023,ADV-0617,APPLICATION_REVIEW,0,ranked,9.2,1,1,JUDGEMENT,,21
2026-10-08,28,15:00,ST/2075/2023,ADV-0749,APPLICATION_REVIEW,0,ranked,9.2,1,1,JUDGEMENT,,21
2026-10-08,29,15:00,ST/304/2026,ADV-0749,ADMISSION,0,ranked (advocate already listed),4.1,1,1,COGNIZANCE,,14
2026-10-08,30,15:00,ST/2257/2023,ADV-0088,APPLICATION_REVIEW,0,ranked,9.2,1,1,JUDGEMENT,,21
2026-10-08,31,15:00,ST/2306/2023,ADV-0721,APPLICATION_REVIEW,0,ranked,9.2,1,1,JUDGEMENT,,21
2026-10-08,32,15:00,ST/2423/2023,ADV-0873,APPLICATION_REVIEW,0,ranked,9.2,1,1,JUDGEMENT,,21
2026-10-08,33,15:00,ST/2437/2026,ADV-0873,ADMISSION,0,ranked (advocate already listed),4.1,1,1,COGNIZANCE,,14
2026-10-08,34,16:00,ST/2462/2023,ADV-0231,APPLICATION_REVIEW,0,ranked,9.2,1,1,JUDGEMENT,,21
2026-10-08,35,16:00,ST/2534/2023,ADV-0542,APPLICATION_REVIEW,0,ranked,9.2,1,0,,Evidence / Filing Not Ready,7
2026-10-08,36,16:00,ST/2687/2023,ADV-0730,APPLICATION_REVIEW,0,ranked,9.2,1,0,,Unclear,7
2026-10-08,37,16:00,ST/84/2023,ADV-0373,APPLICATION_REVIEW,0,ranked,8.7,1,1,JUDGEMENT,,21
2026-10-08,38,16:00,ST/280/2026,ADV-0289,ADMISSION,0,ranked,4.1,1,1,COGNIZANCE,,14
2026-10-09,1,10:00,ST/852/2016,ADV-0365,JUDGEMENT,1,old-case guarantee,29.8,1,1,,,21
2026-10-09,2,10:00,ST/2720/2026,ADV-0365,ADMISSION,0,ranked (advocate already listed),4.1,1,1,COGNIZANCE,,14
2026-10-09,3,10:00,ST/890/2016,ADV-0563,JUDGEMENT,1,old-case guarantee,29.8,1,1,,,21
2026-10-09,4,11:00,ST/1134/2016,ADV-0206,JUDGEMENT,1,old-case guarantee,29.8,1,1,,,21
2026-10-09,5,11:00,ST/1511/2016,ADV-1101,JUDGEMENT,1,old-case guarantee,29.8,1,1,DISPOSED,,
2026-10-09,6,12:00,ST/91/2023,ADV-0899,APPLICATION_REVIEW,0,ranked,8.7,1,1,JUDGEMENT,,21
2026-10-09,7,12:00,ST/203/2023,ADV-0894,APPLICATION_REVIEW,0,ranked,8.7,1,1,JUDGEMENT,,21
2026-10-09,8,12:00,ST/623/2023,ADV-0136,APPLICATION_REVIEW,0,ranked,8.7,1,1,JUDGEMENT,,21
2026-10-09,9,12:00,ST/643/2023,ADV-0813,APPLICATION_REVIEW,0,ranked,8.7,1,1,JUDGEMENT,,21
2026-10-09,10,12:00,ST/652/2023,ADV-0039,APPLICATION_REVIEW,0,ranked,8.7,1,1,JUDGEMENT,,21
2026-10-09,11,12:00,ST/660/2023,ADV-0854,APPLICATION_REVIEW,0,ranked,8.7,1,1,JUDGEMENT,,21
2026-10-09,12,12:00,ST/763/2023,ADV-0032,APPLICATION_REVIEW,0,ranked,8.7,1,1,JUDGEMENT,,21
2026-10-09,13,13:00,ST/810/2023,ADV-1058,APPLICATION_REVIEW,0,ranked,8.7,1,0,,Unclear,7
2026-10-09,14,13:00,ST/1053/2023,ADV-0543,APPLICATION_REVIEW,0,ranked,8.7,1,1,JUDGEMENT,,21
2026-10-09,15,13:00,ST/1056/2023,ADV-0955,APPLICATION_REVIEW,0,ranked,8.7,1,1,JUDGEMENT,,21
2026-10-09,16,13:00,ST/1180/2023,ADV-0433,APPLICATION_REVIEW,0,ranked,8.7,1,1,JUDGEMENT,,21
2026-10-09,17,13:00,ST/1516/2023,ADV-1071,APPLICATION_REVIEW,0,ranked,8.7,1,1,JUDGEMENT,,21
2026-10-09,18,13:00,ST/1522/2023,ADV-1241,APPLICATION_REVIEW,0,ranked,8.7,1,1,JUDGEMENT,,21
2026-10-09,19,13:00,ST/1616/2023,ADV-0769,APPLICATION_REVIEW,0,ranked,8.7,1,1,JUDGEMENT,,21
2026-10-09,20,14:00,ST/1708/2023,ADV-0855,APPLICATION_REVIEW,0,ranked,8.7,1,1,JUDGEMENT,,21
2026-10-09,21,14:00,ST/1939/2023,ADV-0788,APPLICATION_REVIEW,0,ranked,8.7,1,1,JUDGEMENT,,21
2026-10-09,22,14:00,ST/2007/2023,ADV-0173,APPLICATION_REVIEW,0,ranked,8.7,1,1,JUDGEMENT,,21
2026-10-09,23,14:00,ST/2198/2023,ADV-1151,APPLICATION_REVIEW,0,ranked,8.7,1,1,JUDGEMENT,,21
2026-10-09,24,14:00,ST/2279/2023,ADV-0629,APPLICATION_REVIEW,0,ranked,8.7,1,1,JUDGEMENT,,21
2026-10-09,25,14:00,ST/2325/2023,ADV-0151,APPLICATION_REVIEW,0,ranked,8.7,1,0,,Unclear,7
2026-10-09,26,14:00,ST/2570/2023,ADV-0922,APPLICATION_REVIEW,0,ranked,8.7,1,1,JUDGEMENT,,21
2026-10-09,27,15:00,ST/2607/2023,ADV-1189,APPLICATION_REVIEW,0,ranked,8.7,1,0,,Unclear,7
2026-10-09,28,15:00,ST/2617/2023,ADV-0052,APPLICATION_REVIEW,0,ranked,8.7,1,1,JUDGEMENT,,21
2026-10-09,29,15:00,ST/2860/2023,ADV-0175,APPLICATION_REVIEW,0,ranked,8.7,1,1,JUDGEMENT,,21
2026-10-09,30,15:00,ST/2919/2026,ADV-0175,ADMISSION,0,ranked (advocate already listed),4.1,1,1,COGNIZANCE,,14
2026-10-09,31,15:00,ST/2970/2023,ADV-0187,APPLICATION_REVIEW,0,ranked,8.7,1,1,JUDGEMENT,,21
2026-10-09,32,15:00,ST/405/2026,ADV-0571,ADMISSION,0,ranked,4.1,1,1,COGNIZANCE,,14
2026-10-09,33,15:00,ST/507/2026,ADV-0023,ADMISSION,0,ranked,4.1,1,1,COGNIZANCE,,14
2026-10-09,34,15:00,ST/658/2026,ADV-1079,ADMISSION,0,ranked,4.1,1,1,COGNIZANCE,,14
2026-10-09,35,15:00,ST/663/2026,ADV-0659,ADMISSION,0,ranked,4.1,1,1,,,5
2026-10-09,36,16:00,ST/962/2026,ADV-0588,ADMISSION,0,ranked,4.1,1,1,COGNIZANCE,,14
2026-10-09,37,16:00,ST/1203/2026,ADV-0691,ADMISSION,0,ranked,4.1,1,0,,Unclear,7
2026-10-09,38,16:00,ST/1285/2026,ADV-0117,ADMISSION,0,ranked,4.1,1,1,COGNIZANCE,,14
2026-10-09,39,16:00,ST/1327/2026,ADV-0504,ADMISSION,0,ranked,4.1,1,1,COGNIZANCE,,14
2026-10-09,40,16:00,ST/1332/2026,ADV-0057,ADMISSION,0,ranked,4.1,1,1,COGNIZANCE,,14
2026-10-09,41,16:00,ST/1395/2026,ADV-1186,ADMISSION,0,ranked,4.1,1,1,COGNIZANCE,,14
2026-10-09,42,16:00,ST/1584/2026,ADV-0867,ADMISSION,0,ranked,4.1,1,1,COGNIZANCE,,14
2026-10-09,43,16:00,ST/1623/2026,ADV-0851,ADMISSION,0,ranked,4.1,1,1,COGNIZANCE,,14
2026-10-09,44,16:00,ST/1673/2026,ADV-0096,ADMISSION,0,ranked,4.1,1,1,COGNIZANCE,,14
2026-10-09,45,16:00,ST/2308/2026,ADV-0434,ADMISSION,0,ranked,4.1,1,0,,Unclear,7
2026-10-09,46,16:00,ST/54/2017,ADV-0004,REPORTS,1,old-case guarantee,2.7,0,0,,,
2026-10-12,1,10:00,ST/54/2017,ADV-0004,REPORTS,1,carry-over,2.7,1,0,,External Dependency,7
2026-10-12,2,10:00,ST/1758/2016,ADV-1120,JUDGEMENT,1,old-case guarantee,29.8,1,1,,,21
2026-10-12,3,10:00,ST/1831/2016,ADV-0657,JUDGEMENT,1,old-case guarantee,29.8,1,1,,,21
2026-10-12,4,11:00,ST/1924/2016,ADV-0459,JUDGEMENT,1,old-case guarantee,29.8,1,1,DISPOSED,,
2026-10-12,5,11:00,ST/2316/2016,ADV-0444,JUDGEMENT,1,old-case guarantee,29.8,1,1,DISPOSED,,
2026-10-12,6,11:00,ST/662/2026,ADV-0444,COGNIZANCE,0,ranked (advocate already listed),9.7,1,1,APPEARANCE,,21
2026-10-12,7,12:00,ST/901/2021,ADV-0579,APPLICATION_REVIEW,1,due,8.6,1,1,JUDGEMENT,,21
2026-10-12,8,12:00,ST/1655/2021,ADV-0186,APPLICATION_REVIEW,1,due,8.6,1,1,JUDGEMENT,,21
2026-10-12,9,12:00,ST/1738/2021,ADV-0458,APPLICATION_REVIEW,1,due,8.6,1,0,,Evidence / Filing Not Ready,7
2026-10-12,10,12:00,ST/1836/2021,ADV-0616,APPLICATION_REVIEW,1,due,8.6,1,1,JUDGEMENT,,21
2026-10-12,11,12:00,ST/2140/2021,ADV-0871,APPLICATION_REVIEW,1,due,8.6,1,1,JUDGEMENT,,21
2026-10-12,12,12:00,ST/2459/2021,ADV-0425,APPLICATION_REVIEW,1,due,8.6,1,1,JUDGEMENT,,21
2026-10-12,13,13:00,ST/138/2026,ADV-1142,ADMISSION,0,due,4.0,1,0,,Unclear,7
2026-10-12,14,13:00,ST/2650/2018,ADV-1142,JUDGEMENT,1,ranked (advocate already listed),29.9,1,1,,,21
2026-10-12,15,13:00,ST/1960/2026,ADV-0815,ADMISSION,0,ranked,4.1,1,1,COGNIZANCE,,14
2026-10-12,16,13:00,ST/2368/2026,ADV-0864,ADMISSION,0,ranked,4.1,1,0,,Unclear,7
2026-10-12,17,13:00,ST/2180/2026,ADV-0864,COGNIZANCE,0,ranked (advocate already listed),9.7,1,1,APPEARANCE,,21
2026-10-12,18,13:00,ST/2447/2026,ADV-0335,ADMISSION,0,ranked,4.1,1,1,COGNIZANCE,,14
2026-10-12,19,13:00,ST/2538/2026,ADV-0360,ADMISSION,0,ranked,4.1,1,1,COGNIZANCE,,14
2026-10-12,20,14:00,ST/2636/2026,ADV-1188,ADMISSION,0,ranked,4.1,1,1,COGNIZANCE,,14
2026-10-12,21,14:00,ST/2639/2026,ADV-1213,ADMISSION,0,ranked,4.1,1,1,COGNIZANCE,,14
2026-10-12,22,14:00,ST/2840/2026,ADV-1016,ADMISSION,0,ranked,4.1,1,0,,Petitioner Absence / Non-Compliance,7
2026-10-12,23,14:00,ST/2865/2026,ADV-0822,ADMISSION,0,ranked,4.1,1,1,COGNIZANCE,,14
2026-10-12,24,14:00,ST/2938/2026,ADV-0080,ADMISSION,0,ranked,4.1,1,1,COGNIZANCE,,14
2026-10-12,25,14:00,ST/2973/2026,ADV-0613,ADMISSION,0,ranked,4.1,1,1,COGNIZANCE,,14
2026-10-12,26,14:00,ST/14/2026,ADV-0993,ADMISSION,0,ranked,4.1,1,0,,Petitioner Absence / Non-Compliance,7
2026-10-12,27,14:00,ST/157/2026,ADV-0234,ADMISSION,0,ranked,4.1,1,1,COGNIZANCE,,14
2026-10-12,28,14:00,ST/492/2026,ADV-1154,ADMISSION,0,ranked,4.1,1,1,COGNIZANCE,,14
2026-10-12,29,14:00,ST/645/2026,ADV-0103,ADMISSION,0,ranked,4.1,1,1,COGNIZANCE,,14
2026-10-12,30,14:00,ST/1292/2026,ADV-0029,ADMISSION,0,ranked,4.1,1,1,COGNIZANCE,,14
2026-10-12,31,14:00,ST/1695/2026,ADV-0933,ADMISSION,0,ranked,4.1,1,1,COGNIZANCE,,14
2026-10-12,32,14:00,ST/1787/2026,ADV-0671,ADMISSION,0,ranked,4.1,1,1,COGNIZANCE,,14
2026-10-12,33,14:00,ST/1848/2026,ADV-0811,ADMISSION,0,ranked,4.1,1,0,,Petitioner Absence / Non-Compliance,7
2026-10-12,34,15:00,ST/2113/2026,ADV-0679,ADMISSION,0,ranked,4.1,1,0,,Unclear,7
2026-10-12,35,15:00,ST/2162/2026,ADV-1060,ADMISSION,0,ranked,4.1,1,1,COGNIZANCE,,14
2026-10-12,36,15:00,ST/684/2025,ADV-1060,APPLICATION_REVIEW,0,ranked (advocate already listed),8.1,1,1,APPEARANCE,,21
2026-10-12,37,15:00,ST/2195/2026,ADV-0878,ADMISSION,0,ranked,4.1,1,1,COGNIZANCE,,14
2026-10-12,38,15:00,ST/2274/2026,ADV-1090,ADMISSION,0,ranked,4.1,1,1,COGNIZANCE,,14
2026-10-12,39,15:00,ST/2318/2026,ADV-0511,ADMISSION,0,ranked,4.1,1,1,COGNIZANCE,,14
2026-10-12,40,15:00,ST/2411/2026,ADV-1031,ADMISSION,0,ranked,4.1,1,0,,Party Sought Time / Adjournment,7
2026-10-12,41,15:00,ST/2323/2026,ADV-1031,COGNIZANCE,0,ranked (advocate already listed),9.7,1,1,APPEARANCE,,21
2026-10-12,42,15:00,ST/2415/2026,ADV-0278,ADMISSION,0,ranked,4.1,1,1,COGNIZANCE,,14
2026-10-12,43,15:00,ST/1242/2026,ADV-0278,DELAY_CONDONATION_HEARING,0,ranked (advocate already listed),3.1,1,1,COGNIZANCE,,14
2026-10-12,44,15:00,ST/2428/2026,ADV-0301,ADMISSION,0,ranked,4.1,1,1,COGNIZANCE,,14
2026-10-12,45,15:00,ST/2455/2026,ADV-0007,ADMISSION,0,ranked,4.1,1,1,COGNIZANCE,,14
2026-10-12,46,15:00,ST/2485/2026,ADV-1069,ADMISSION,0,ranked,4.1,1,1,COGNIZANCE,,14
2026-10-12,47,16:00,ST/248/2025,ADV-0313,APPLICATION_REVIEW,0,ranked,8.9,1,0,,Party Sought Time / Adjournment,7
2026-10-12,48,16:00,ST/268/2025,ADV-0900,APPLICATION_REVIEW,0,ranked,8.9,1,1,APPEARANCE,,21
2026-10-12,49,16:00,ST/357/2025,ADV-1168,APPLICATION_REVIEW,0,ranked,8.9,1,1,APPEARANCE,,21
2026-10-12,50,16:00,ST/365/2025,ADV-0802,APPLICATION_REVIEW,0,ranked,8.9,1,1,APPEARANCE,,21
2026-10-12,51,16:00,ST/378/2025,ADV-0846,APPLICATION_REVIEW,0,ranked,8.9,1,1,APPEARANCE,,21
2026-10-13,1,10:00,ST/2331/2016,ADV-0022,JUDGEMENT,1,old-case guarantee,29.8,1,1,,,21
2026-10-13,2,10:00,ST/2345/2016,ADV-0857,JUDGEMENT,1,old-case guarantee,29.8,1,1,,,21
2026-10-13,3,10:00,ST/2488/2016,ADV-0481,JUDGEMENT,1,old-case guarantee,29.8,1,1,,,21
2026-10-13,4,11:00,ST/2560/2016,ADV-0343,JUDGEMENT,1,old-case guarantee,29.8,1,1,DISPOSED,,
2026-10-13,5,11:00,ST/403/2022,ADV-0005,APPLICATION_REVIEW,1,due,7.8,1,1,EVIDENCE_COMPLAINANT,,14
2026-10-13,6,12:00,ST/1172/2022,ADV-0665,APPLICATION_REVIEW,1,due,7.8,1,1,EVIDENCE_COMPLAINANT,,14
2026-10-13,7,12:00,ST/1360/2022,ADV-1177,APPLICATION_REVIEW,1,due,7.8,1,1,EVIDENCE_COMPLAINANT,,14
2026-10-13,8,12:00,ST/1980/2022,ADV-1143,APPLICATION_REVIEW,1,due,7.8,1,1,EVIDENCE_COMPLAINANT,,14
2026-10-13,9,12:00,ST/942/2017,ADV-1143,JUDGEMENT,1,ranked (advocate already listed),29.7,1,1,,,21
2026-10-13,10,13:00,ST/2641/2022,ADV-0235,APPLICATION_REVIEW,1,due,7.8,1,1,EVIDENCE_COMPLAINANT,,14
2026-10-13,11,13:00,ST/2960/2022,ADV-0531,APPLICATION_REVIEW,1,due,7.8,1,0,,Evidence / Filing Not Ready,7
2026-10-13,12,13:00,ST/671/2022,ADV-0051,APPLICATION_REVIEW,1,due,8.0,1,1,JUDGEMENT,,21
2026-10-13,13,13:00,ST/193/2026,ADV-0402,ADMISSION,0,due,4.0,1,0,,Unclear,7
2026-10-13,14,13:00,ST/1778/2026,ADV-0097,ADMISSION,0,due,4.0,1,0,,Evidence / Filing Not Ready,7
2026-10-13,15,13:00,ST/610/2025,ADV-0524,APPLICATION_REVIEW,0,ranked,8.9,1,1,APPEARANCE,,21
2026-10-13,16,13:00,ST/642/2025,ADV-0721,APPLICATION_REVIEW,0,ranked,8.9,1,1,APPEARANCE,,21
2026-10-13,17,13:00,ST/912/2025,ADV-0448,APPLICATION_REVIEW,0,ranked,8.9,1,1,APPEARANCE,,21
2026-10-13,18,13:00,ST/994/2025,ADV-1222,APPLICATION_REVIEW,0,ranked,8.9,1,1,APPEARANCE,,21
2026-10-13,19,14:00,ST/1098/2025,ADV-0351,APPLICATION_REVIEW,0,ranked,8.9,1,1,APPEARANCE,,21
2026-10-13,20,14:00,ST/1120/2025,ADV-0427,APPLICATION_REVIEW,0,ranked,8.9,1,1,APPEARANCE,,21
2026-10-13,21,14:00,ST/1135/2025,ADV-0717,APPLICATION_REVIEW,0,ranked,8.9,1,1,APPEARANCE,,21
2026-10-13,22,14:00,ST/821/2025,ADV-0717,DELAY_CONDONATION_HEARING,0,ranked (advocate already listed),2.5,1,0,,Party Sought Time / Adjournment,14
2026-10-13,23,14:00,ST/1243/2025,ADV-1034,APPLICATION_REVIEW,0,ranked,8.9,1,1,APPEARANCE,,21
2026-10-13,24,14:00,ST/1303/2025,ADV-0441,APPLICATION_REVIEW,0,ranked,8.9,1,1,APPEARANCE,,21
2026-10-13,25,14:00,ST/1418/2025,ADV-0042,APPLICATION_REVIEW,0,ranked,8.9,1,1,APPEARANCE,,21
2026-10-13,26,15:00,ST/1468/2025,ADV-0515,APPLICATION_REVIEW,0,ranked,8.9,1,1,APPEARANCE,,21
2026-10-13,27,15:00,ST/1484/2025,ADV-0751,APPLICATION_REVIEW,0,ranked,8.9,1,1,APPEARANCE,,21
2026-10-13,28,15:00,ST/1653/2025,ADV-0991,APPLICATION_REVIEW,0,ranked,8.9,1,1,APPEARANCE,,21
2026-10-13,29,15:00,ST/1676/2025,ADV-0399,APPLICATION_REVIEW,0,ranked,8.9,1,1,APPEARANCE,,21
2026-10-13,30,15:00,ST/1739/2025,ADV-1139,APPLICATION_REVIEW,0,ranked,8.9,1,1,APPEARANCE,,21
2026-10-13,31,15:00,ST/1832/2025,ADV-0903,APPLICATION_REVIEW,0,ranked,8.9,1,0,,Unclear,7
2026-10-13,32,15:00,ST/1894/2025,ADV-0310,APPLICATION_REVIEW,0,ranked,8.9,1,1,APPEARANCE,,21
2026-10-13,33,16:00,ST/1928/2025,ADV-0774,APPLICATION_REVIEW,0,ranked,8.9,1,1,APPEARANCE,,21
2026-10-13,34,16:00,ST/1990/2025,ADV-0036,APPLICATION_REVIEW,0,ranked,8.9,1,1,APPEARANCE,,21
2026-10-13,35,16:00,ST/2009/2025,ADV-0127,APPLICATION_REVIEW,0,ranked,8.9,1,1,APPEARANCE,,21
2026-10-13,36,16:00,ST/259/2025,ADV-0127,DELAY_CONDONATION_HEARING,0,ranked (advocate already listed),2.5,1,0,,Both Parties Unready / Absent,14
2026-10-13,37,16:00,ST/2044/2025,ADV-1232,APPLICATION_REVIEW,0,ranked,8.9,1,1,APPEARANCE,,21
2026-10-14,1,10:00,ST/2869/2016,ADV-0839,JUDGEMENT,1,old-case guarantee,29.8,1,1,DISPOSED,,
2026-10-14,2,10:00,ST/2900/2016,ADV-0048,JUDGEMENT,1,old-case guarantee,29.8,1,1,,,21
2026-10-14,3,10:00,ST/849/2017,ADV-0732,JUDGEMENT,1,old-case guarantee,29.7,1,1,,,21
2026-10-14,4,11:00,ST/985/2017,ADV-1066,JUDGEMENT,1,old-case guarantee,29.7,1,1,,,21
2026-10-14,5,11:00,ST/1589/2022,ADV-0995,APPLICATION_REVIEW,1,due,8.0,1,1,JUDGEMENT,,21
2026-10-14,6,12:00,ST/1898/2022,ADV-1197,APPLICATION_REVIEW,1,due,8.0,1,1,JUDGEMENT,,21
2026-10-14,7,12:00,ST/2419/2022,ADV-1054,APPLICATION_REVIEW,1,due,8.0,1,1,JUDGEMENT,,21
2026-10-14,8,12:00,ST/174/2025,ADV-1054,APPLICATION_REVIEW,0,ranked (advocate already listed),8.1,1,1,APPEARANCE,,21
2026-10-14,9,12:00,ST/2460/2022,ADV-1201,APPLICATION_REVIEW,1,due,8.0,1,1,JUDGEMENT,,21
2026-10-14,10,12:00,ST/2637/2022,ADV-0107,APPLICATION_REVIEW,1,due,8.0,1,1,JUDGEMENT,,21
2026-10-14,11,12:00,ST/2661/2022,ADV-0355,APPLICATION_REVIEW,1,due,8.0,1,1,JUDGEMENT,,21
2026-10-14,12,12:00,ST/2181/2023,ADV-0355,APPEARANCE,0,ranked (advocate already listed),7.1,1,0,,Party Sought Time / Adjournment,7
2026-10-14,13,12:00,ST/2568/2023,ADV-0355,APPEARANCE,0,ranked (advocate already listed),7.1,1,0,,Evidence / Filing Not Ready,7
2026-10-14,14,13:00,ST/2666/2022,ADV-0594,APPLICATION_REVIEW,1,due,8.0,1,0,,Party Sought Time / Adjournment,7
2026-10-14,15,13:00,ST/47/2023,ADV-1083,APPLICATION_REVIEW,0,due,8.8,1,1,JUDGEMENT,,21
2026-10-14,16,13:00,ST/399/2023,ADV-0074,APPLICATION_REVIEW,0,due,8.8,1,1,JUDGEMENT,,21
2026-10-14,17,13:00,ST/2712/2018,ADV-0074,JUDGEMENT,1,ranked (advocate already listed),29.9,1,1,DISPOSED,,
2026-10-14,18,14:00,ST/36/2023,ADV-0683,APPLICATION_REVIEW,0,due,9.0,1,1,JUDGEMENT,,21
2026-10-14,19,14:00,ST/952/2025,ADV-0683,DELAY_CONDONATION_HEARING,0,due,2.5,1,0,,Party Sought Time / Adjournment,14
2026-10-14,20,14:00,ST/395/2023,ADV-0513,APPLICATION_REVIEW,0,due,9.0,1,1,JUDGEMENT,,21
2026-10-14,21,14:00,ST/663/2026,ADV-0659,ADMISSION,0,due,4.2,1,1,COGNIZANCE,,14
2026-10-14,22,14:00,ST/1587/2026,ADV-0147,ADMISSION,0,due,4.0,1,0,,Unclear,7
2026-10-14,23,14:00,ST/908/2026,ADV-0791,ADMISSION,0,ranked,4.1,1,1,COGNIZANCE,,14
2026-10-14,24,14:00,ST/2216/2026,ADV-0707,ADMISSION,0,ranked,4.1,1,1,COGNIZANCE,,14
2026-10-14,25,14:00,ST/2060/2025,ADV-0290,APPLICATION_REVIEW,0,ranked,8.9,1,1,APPEARANCE,,21
2026-10-14,26,14:00,ST/2076/2025,ADV-0803,APPLICATION_REVIEW,0,ranked,8.9,1,1,APPEARANCE,,21
2026-10-14,27,14:00,ST/2089/2025,ADV-0652,APPLICATION_REVIEW,0,ranked,8.9,1,1,APPEARANCE,,21
2026-10-14,28,14:00,ST/2677/2026,ADV-0652,COGNIZANCE,0,ranked (advocate already listed),9.7,1,1,APPEARANCE,,21
2026-10-14,29,15:00,ST/2157/2025,ADV-0641,APPLICATION_REVIEW,0,ranked,8.9,1,1,APPEARANCE,,21
2026-10-14,30,15:00,ST/2204/2025,ADV-0896,APPLICATION_REVIEW,0,ranked,8.9,1,0,,Evidence / Filing Not Ready,7
2026-10-14,31,15:00,ST/2468/2025,ADV-1030,APPLICATION_REVIEW,0,ranked,8.9,1,1,APPEARANCE,,21
2026-10-14,32,15:00,ST/2501/2025,ADV-0118,APPLICATION_REVIEW,0,ranked,8.9,1,0,,Unclear,7
2026-10-14,33,15:00,ST/2543/2025,ADV-0795,APPLICATION_REVIEW,0,ranked,8.9,1,1,APPEARANCE,,21
2026-10-14,34,16:00,ST/2582/2025,ADV-1036,APPLICATION_REVIEW,0,ranked,8.9,1,1,APPEARANCE,,21
2026-10-14,35,16:00,ST/2630/2025,ADV-0711,APPLICATION_REVIEW,0,ranked,8.9,1,1,APPEARANCE,,21
2026-10-14,36,16:00,ST/293/2026,ADV-0711,COGNIZANCE,0,ranked (advocate already listed),9.7,1,1,,,14
2026-10-14,37,16:00,ST/2633/2025,ADV-0438,APPLICATION_REVIEW,0,ranked,8.9,1,1,APPEARANCE,,21
2026-10-14,38,16:00,ST/330/2025,ADV-0727,DELAY_CONDONATION_HEARING,0,ranked,2.5,1,0,,Evidence / Filing Not Ready,7
2026-10-14,39,16:00,ST/791/2026,ADV-0727,DELAY_CONDONATION_HEARING,0,ranked (advocate already listed),2.5,1,0,,Evidence / Filing Not Ready,7
2026-10-15,1,10:00,ST/999/2017,ADV-0302,JUDGEMENT,1,old-case guarantee,29.7,1,1,,,21
2026-10-15,2,10:00,ST/1027/2017,ADV-1093,JUDGEMENT,1,old-case guarantee,29.7,1,1,,,21
2026-10-15,3,10:00,ST/1083/2017,ADV-0539,JUDGEMENT,1,old-case guarantee,29.7,1,1,,,21
2026-10-15,4,10:00,ST/129/2024,ADV-0539,PLEA,0,ranked (advocate already listed),13.5,1,1,EXAMINATION_UNDER_S351_BNSS,,14
2026-10-15,5,11:00,ST/1146/2017,ADV-0455,JUDGEMENT,1,old-case guarantee,29.7,1,1,DISPOSED,,
2026-10-15,6,12:00,ST/377/2021,ADV-0653,APPLICATION_REVIEW,1,due,8.4,1,0,,Evidence / Filing Not Ready,7
2026-10-15,7,12:00,ST/1734/2023,ADV-1162,APPLICATION_REVIEW,0,due,9.0,1,1,JUDGEMENT,,21
2026-10-15,8,12:00,ST/2534/2023,ADV-0542,APPLICATION_REVIEW,0,due,9.0,1,0,,Party Sought Time / Adjournment,7
2026-10-15,9,12:00,ST/766/2026,ADV-0542,COGNIZANCE,0,ranked (advocate already listed),9.7,1,1,APPEARANCE,,21
2026-10-15,10,12:00,ST/2687/2023,ADV-0730,APPLICATION_REVIEW,0,due,9.0,1,1,JUDGEMENT,,21
2026-10-15,11,12:00,ST/1341/2026,ADV-0227,COGNIZANCE,0,due,9.8,1,1,APPEARANCE,,21
2026-10-15,12,13:00,ST/525/2026,ADV-0802,COGNIZANCE,0,due,9.8,1,1,,,14
2026-10-15,13,13:00,ST/255/2017,ADV-0458,JUDGEMENT,1,ranked,29.7,1,1,,,21
2026-10-15,14,13:00,ST/1409/2017,ADV-0821,JUDGEMENT,1,ranked,29.7,1,1,,,21
2026-10-15,15,14:00,ST/1515/2017,ADV-0888,JUDGEMENT,1,ranked,29.7,1,1,DISPOSED,,
2026-10-15,16,14:00,ST/1424/2025,ADV-0888,DELAY_CONDONATION_HEARING,0,ranked (advocate already listed),2.9,1,0,,Both Parties Unready / Absent,14
2026-10-15,17,14:00,ST/1594/2017,ADV-0622,JUDGEMENT,1,ranked,29.7,1,1,,,21
2026-10-15,18,15:00,ST/1652/2017,ADV-0936,JUDGEMENT,1,ranked,29.7,1,1,,,21
2026-10-15,19,15:00,ST/2147/2017,ADV-0852,JUDGEMENT,1,ranked,29.7,1,1,,,21
2026-10-15,20,16:00,ST/2158/2017,ADV-0109,JUDGEMENT,1,ranked,29.7,1,1,DISPOSED,,
2026-10-16,1,10:00,ST/2171/2017,ADV-0233,JUDGEMENT,1,old-case guarantee,29.7,1,1,DISPOSED,,
2026-10-16,2,10:00,ST/314/2026,ADV-0233,COGNIZANCE,0,ranked (advocate already listed),9.7,1,1,APPEARANCE,,21
2026-10-16,3,10:00,ST/2502/2017,ADV-0777,JUDGEMENT,1,old-case guarantee,29.7,1,1,DISPOSED,,
2026-10-16,4,10:00,ST/1557/2018,ADV-0777,JUDGEMENT,1,ranked (advocate already listed),29.9,1,1,,,21
2026-10-16,5,11:00,ST/88/2017,ADV-0060,JUDGEMENT,1,old-case guarantee,29.7,1,1,,,21
2026-10-16,6,12:00,ST/110/2017,ADV-1144,JUDGEMENT,1,old-case guarantee,29.7,1,1,DISPOSED,,
2026-10-16,7,12:00,ST/810/2023,ADV-1058,APPLICATION_REVIEW,0,due,8.3,1,1,JUDGEMENT,,21
2026-10-16,8,12:00,ST/2325/2023,ADV-0151,APPLICATION_REVIEW,0,due,8.3,1,1,JUDGEMENT,,21
2026-10-16,9,12:00,ST/2607/2023,ADV-1189,APPLICATION_REVIEW,0,due,8.3,1,1,JUDGEMENT,,21
2026-10-16,10,13:00,ST/1203/2026,ADV-0691,ADMISSION,0,due,4.0,1,0,,Petitioner Absence / Non-Compliance,7
2026-10-16,11,13:00,ST/2308/2026,ADV-0434,ADMISSION,0,due,4.0,1,1,COGNIZANCE,,14
2026-10-16,12,13:00,ST/75/2025,ADV-0449,APPLICATION_REVIEW,0,ranked,8.1,1,0,,Party Sought Time / Adjournment,7
2026-10-16,13,13:00,ST/85/2025,ADV-0225,APPLICATION_REVIEW,0,ranked,8.1,1,0,,Evidence / Filing Not Ready,7
2026-10-16,14,13:00,ST/95/2025,ADV-1009,APPLICATION_REVIEW,0,ranked,8.1,1,1,APPEARANCE,,21
2026-10-16,15,13:00,ST/516/2024,ADV-1009,PLEA,0,ranked (advocate already listed),14.1,1,1,EXAMINATION_UNDER_S351_BNSS,,14
2026-10-16,16,13:00,ST/226/2025,ADV-0597,APPLICATION_REVIEW,0,ranked,8.1,1,1,APPEARANCE,,21
2026-10-16,17,13:00,ST/277/2025,ADV-0179,APPLICATION_REVIEW,0,ranked,8.1,1,0,,Unclear,7
2026-10-16,18,14:00,ST/370/2025,ADV-1196,APPLICATION_REVIEW,0,ranked,8.1,1,1,APPEARANCE,,21
2026-10-16,19,14:00,ST/379/2025,ADV-0644,APPLICATION_REVIEW,0,ranked,8.1,1,1,APPEARANCE,,21
2026-10-16,20,14:00,ST/462/2025,ADV-1011,APPLICATION_REVIEW,0,ranked,8.1,1,1,APPEARANCE,,21
2026-10-16,21,14:00,ST/527/2025,ADV-0049,APPLICATION_REVIEW,0,ranked,8.1,1,1,APPEARANCE,,21
2026-10-16,22,14:00,ST/1719/2017,ADV-0049,JUDGEMENT,1,ranked (advocate already listed),29.7,1,1,,,21
2026-10-16,23,15:00,ST/608/2025,ADV-0540,APPLICATION_REVIEW,0,ranked,8.1,1,1,APPEARANCE,,21
2026-10-16,24,15:00,ST/686/2025,ADV-0120,APPLICATION_REVIEW,0,ranked,8.1,1,0,,Unclear,7
2026-10-16,25,15:00,ST/1154/2023,ADV-0120,APPEARANCE,0,ranked (advocate already listed),7.1,1,0,,Party Sought Time / Adjournment,7
2026-10-16,26,15:00,ST/714/2025,ADV-1206,APPLICATION_REVIEW,0,ranked,8.1,1,1,APPEARANCE,,21
2026-10-16,27,15:00,ST/783/2025,ADV-0286,APPLICATION_REVIEW,0,ranked,8.1,1,1,APPEARANCE,,21
2026-10-16,28,15:00,ST/824/2025,ADV-1185,APPLICATION_REVIEW,0,ranked,8.1,1,1,APPEARANCE,,21
2026-10-16,29,15:00,ST/902/2025,ADV-0287,APPLICATION_REVIEW,0,ranked,8.1,1,1,APPEARANCE,,21
2026-10-16,30,16:00,ST/1058/2025,ADV-0309,APPLICATION_REVIEW,0,ranked,8.1,1,1,APPEARANCE,,21
2026-10-16,31,16:00,ST/1209/2025,ADV-0685,APPLICATION_REVIEW,0,ranked,8.1,1,1,APPEARANCE,,21
2026-10-16,32,16:00,ST/1406/2025,ADV-1220,APPLICATION_REVIEW,0,ranked,8.1,1,0,,Unclear,7
2026-10-16,33,16:00,ST/1413/2025,ADV-0674,APPLICATION_REVIEW,0,ranked,8.1,1,1,APPEARANCE,,21
2026-10-16,34,16:00,ST/1421/2025,ADV-1057,APPLICATION_REVIEW,0,ranked,8.1,1,1,APPEARANCE,,21
2026-10-19,1,10:00,ST/943/2017,ADV-0306,JUDGEMENT,1,old-case guarantee,29.7,1,1,,,21
2026-10-19,2,10:00,ST/1085/2017,ADV-1252,JUDGEMENT,1,old-case guarantee,29.7,1,1,,,21
2026-10-19,3,10:00,ST/1309/2017,ADV-0842,JUDGEMENT,1,old-case guarantee,29.7,1,1,,,21
2026-10-19,4,11:00,ST/1362/2017,ADV-0057,JUDGEMENT,1,old-case guarantee,29.7,1,1,DISPOSED,,
2026-10-19,5,11:00,ST/1738/2021,ADV-0458,APPLICATION_REVIEW,1,due,8.3,1,1,JUDGEMENT,,21
2026-10-19,6,12:00,ST/138/2026,ADV-1142,ADMISSION,0,due,3.9,1,0,,Unclear,7
2026-10-19,7,12:00,ST/2368/2026,ADV-0864,ADMISSION,0,due,4.0,1,1,COGNIZANCE,,14
2026-10-19,8,12:00,ST/2840/2026,ADV-1016,ADMISSION,0,due,4.0,1,1,COGNIZANCE,,14
2026-10-19,9,12:00,ST/14/2026,ADV-0993,ADMISSION,0,due,4.0,1,1,COGNIZANCE,,14
2026-10-19,10,12:00,ST/1848/2026,ADV-0811,ADMISSION,0,due,4.0,1,1,COGNIZANCE,,14
2026-10-19,11,12:00,ST/2113/2026,ADV-0679,ADMISSION,0,due,4.0,1,1,COGNIZANCE,,14
2026-10-19,12,12:00,ST/2411/2026,ADV-1031,ADMISSION,0,due,4.0,1,0,,Petitioner Absence / Non-Compliance,7
2026-10-19,13,12:00,ST/248/2025,ADV-0313,APPLICATION_REVIEW,0,due,8.6,1,1,APPEARANCE,,21
2026-10-19,14,12:00,ST/1022/2026,ADV-0393,COGNIZANCE,0,due,9.8,1,1,APPEARANCE,,21
2026-10-19,15,12:00,ST/2015/2026,ADV-1170,COGNIZANCE,0,due,9.8,1,1,APPEARANCE,,21
2026-10-19,16,13:00,ST/54/2017,ADV-0004,REPORTS,1,due,2.7,1,0,,Respondent Absence / Non-Compliance,14
2026-10-19,17,13:00,ST/1725/2022,ADV-0250,EVIDENCE_COMPLAINANT,1,due,8.2,1,0,,Evidence / Filing Not Ready,7
2026-10-19,18,13:00,ST/2506/2022,ADV-0616,EVIDENCE_COMPLAINANT,1,due,8.2,1,0,,Respondent Absence / Non-Compliance,14
2026-10-19,19,13:00,ST/2724/2022,ADV-1126,EVIDENCE_COMPLAINANT,1,due,8.2,1,0,,Party Sought Time / Adjournment,14
2026-10-19,20,13:00,ST/1559/2017,ADV-0127,JUDGEMENT,1,old case waited too long,29.7,1,1,,,21
2026-10-19,21,14:00,ST/1632/2017,ADV-0382,JUDGEMENT,1,old case waited too long,29.7,1,1,,,21
2026-10-19,22,14:00,ST/1697/2017,ADV-0528,JUDGEMENT,1,old case waited too long,29.7,1,1,,,21
2026-10-19,23,14:00,ST/2010/2026,ADV-0814,ADMISSION,0,ranked,4.1,1,1,COGNIZANCE,,14
2026-10-19,24,15:00,ST/2503/2026,ADV-1153,ADMISSION,0,ranked,4.1,1,1,COGNIZANCE,,14
2026-10-19,25,15:00,ST/1111/2016,ADV-0162,JUDGEMENT,1,ranked,29.8,1,1,,,21
2026-10-19,26,15:00,ST/2223/2016,ADV-0992,JUDGEMENT,1,ranked,29.8,1,1,,,21
2026-10-19,27,15:00,ST/1432/2025,ADV-0992,APPLICATION_REVIEW,0,ranked (advocate already listed),8.1,1,0,,Evidence / Filing Not Ready,7
2026-10-19,28,16:00,ST/1439/2025,ADV-0135,APPLICATION_REVIEW,0,ranked,8.1,1,1,APPEARANCE,,21
2026-10-19,29,16:00,ST/1465/2025,ADV-1251,APPLICATION_REVIEW,0,ranked,8.1,1,1,APPEARANCE,,21
2026-10-19,30,16:00,ST/2766/2025,ADV-1251,APPLICATION_REVIEW,0,ranked (advocate already listed),8.1,1,1,APPEARANCE,,21
2026-10-21,1,10:00,ST/1808/2017,ADV-1166,JUDGEMENT,1,old-case guarantee,29.7,1,1,,,21
2026-10-21,2,10:00,ST/1575/2022,ADV-1166,EVIDENCE_COMPLAINANT,1,due,8.2,1,0,,Respondent Absence / Non-Compliance,14
2026-10-21,3,10:00,ST/1842/2017,ADV-0386,JUDGEMENT,1,old-case guarantee,29.7,1,1,DISPOSED,,
2026-10-21,4,11:00,ST/1919/2017,ADV-0030,JUDGEMENT,1,old-case guarantee,29.7,1,1,,,21
2026-10-21,5,11:00,ST/2376/2017,ADV-0180,JUDGEMENT,1,old-case guarantee,29.7,1,1,,,21
2026-10-21,6,12:00,ST/193/2026,ADV-0402,ADMISSION,0,due,3.9,1,1,COGNIZANCE,,14
2026-10-21,7,12:00,ST/2310/2026,ADV-0956,COGNIZANCE,0,due,9.8,1,1,APPEARANCE,,21
2026-10-21,8,12:00,ST/2091/2022,ADV-0956,EVIDENCE_COMPLAINANT,1,due,8.2,1,0,,Unclear,7
2026-10-21,9,12:00,ST/105/2022,ADV-0703,EVIDENCE_COMPLAINANT,1,due,8.2,1,1,EVIDENCE_ACCUSED,,14
2026-10-21,10,12:00,ST/895/2025,ADV-0703,DELAY_CONDONATION_HEARING,0,ranked (advocate already listed),2.5,1,0,,Evidence / Filing Not Ready,7
2026-10-21,11,12:00,ST/116/2022,ADV-0189,EVIDENCE_COMPLAINANT,1,due,8.2,1,0,,Unclear,7
2026-10-21,12,12:00,ST/522/2022,ADV-0525,EVIDENCE_COMPLAINANT,1,due,8.2,1,0,,Unclear,7
2026-10-21,13,12:00,ST/526/2022,ADV-1184,EVIDENCE_COMPLAINANT,1,due,8.2,1,0,,Petitioner Absence / Non-Compliance,14
2026-10-21,14,13:00,ST/613/2022,ADV-0957,EVIDENCE_COMPLAINANT,1,due,8.2,1,0,,Petitioner Absence / Non-Compliance,14
2026-10-21,15,13:00,ST/967/2022,ADV-0597,EVIDENCE_COMPLAINANT,1,due,8.2,1,1,,,14
2026-10-21,16,13:00,ST/1462/2022,ADV-0533,EVIDENCE_COMPLAINANT,1,due,8.2,1,0,,Respondent Absence / Non-Compliance,14
2026-10-21,17,13:00,ST/1871/2022,ADV-0574,EVIDENCE_COMPLAINANT,1,due,8.2,1,1,,,14
2026-10-21,18,13:00,ST/2581/2026,ADV-0574,COGNIZANCE,0,ranked (advocate already listed),9.7,1,1,APPEARANCE,,21
2026-10-21,19,13:00,ST/1366/2026,ADV-0574,DELAY_CONDONATION_HEARING,0,ranked (advocate already listed),3.1,1,0,,Party Sought Time / Adjournment,7
2026-10-21,20,13:00,ST/1972/2022,ADV-0307,EVIDENCE_COMPLAINANT,1,due,8.2,1,1,EVIDENCE_ACCUSED,,14
2026-10-21,21,13:00,ST/2078/2022,ADV-0467,EVIDENCE_COMPLAINANT,1,due,8.2,1,0,,Evidence / Filing Not Ready,7
2026-10-21,22,14:00,ST/2349/2022,ADV-0744,EVIDENCE_COMPLAINANT,1,due,8.2,1,0,,Evidence / Filing Not Ready,7
2026-10-21,23,14:00,ST/2441/2022,ADV-0113,EVIDENCE_COMPLAINANT,1,due,8.2,1,0,,Petitioner Absence / Non-Compliance,14
2026-10-21,24,14:00,ST/1440/2018,ADV-0113,JUDGEMENT,1,ranked (advocate already listed),29.9,1,1,,,21
2026-10-21,25,14:00,ST/2497/2022,ADV-0732,EVIDENCE_COMPLAINANT,1,due,8.2,1,0,,Both Parties Unready / Absent,14
2026-10-21,26,15:00,ST/2587/2022,ADV-0122,EVIDENCE_COMPLAINANT,1,due,8.2,1,0,,Petitioner Absence / Non-Compliance,14
2026-10-21,27,15:00,ST/1087/2026,ADV-0257,ADMISSION,0,ranked,4.1,1,1,COGNIZANCE,,14
2026-10-21,28,15:00,ST/1049/2026,ADV-1113,ADMISSION,0,ranked,4.1,1,1,COGNIZANCE,,14
2026-10-21,29,15:00,ST/449/2017,ADV-0809,JUDGEMENT,1,ranked,29.7,1,1,DISPOSED,,
2026-10-21,30,15:00,ST/1590/2025,ADV-1240,APPLICATION_REVIEW,0,ranked,8.1,1,1,APPEARANCE,,21
2026-10-21,31,15:00,ST/1762/2025,ADV-1257,APPLICATION_REVIEW,0,ranked,8.1,1,1,APPEARANCE,,21
2026-10-21,32,16:00,ST/1825/2025,ADV-0318,APPLICATION_REVIEW,0,ranked,8.1,1,0,,Evidence / Filing Not Ready,7
2026-10-21,33,16:00,ST/1903/2025,ADV-0516,APPLICATION_REVIEW,0,ranked,8.1,1,0,,Evidence / Filing Not Ready,7
2026-10-22,1,10:00,ST/2434/2017,ADV-0670,JUDGEMENT,1,old-case guarantee,29.7,1,1,,,21
2026-10-22,2,10:00,ST/2449/2017,ADV-1055,JUDGEMENT,1,old-case guarantee,29.7,1,1,,,21
2026-10-22,3,10:00,ST/2828/2026,ADV-1055,COGNIZANCE,0,ranked (advocate already listed),9.7,1,1,APPEARANCE,,21
2026-10-22,4,11:00,ST/2510/2017,ADV-0115,JUDGEMENT,1,old-case guarantee,29.7,1,1,,,21
2026-10-22,5,11:00,ST/2537/2017,ADV-0745,JUDGEMENT,1,old-case guarantee,29.7,1,1,,,21
2026-10-22,6,12:00,ST/330/2025,ADV-0727,DELAY_CONDONATION_HEARING,0,due,2.5,1,1,COGNIZANCE,,14
2026-10-22,7,12:00,ST/82/2021,ADV-0194,JUDGEMENT,1,due,29.9,1,1,,,21
2026-10-22,8,12:00,ST/111/2021,ADV-0802,JUDGEMENT,1,due,29.9,1,1,DISPOSED,,
2026-10-22,9,13:00,ST/121/2021,ADV-0314,JUDGEMENT,1,due,29.9,1,1,,,21
2026-10-22,10,13:00,ST/2309/2023,ADV-0314,JUDGEMENT,0,due,29.9,1,1,,,21
2026-10-22,11,13:00,ST/2995/2024,ADV-0314,PLEA,0,ranked (advocate already listed),13.5,1,1,EXAMINATION_UNDER_S351_BNSS,,14
2026-10-22,12,14:00,ST/2593/2022,ADV-0229,EVIDENCE_COMPLAINANT,1,due,8.2,1,0,,Both Parties Unready / Absent,14
2026-10-22,13,14:00,ST/2685/2022,ADV-0501,EVIDENCE_COMPLAINANT,1,due,8.2,1,1,,,14
2026-10-22,14,14:00,ST/2742/2022,ADV-0459,EVIDENCE_COMPLAINANT,1,due,8.2,1,1,EVIDENCE_ACCUSED,,14
2026-10-22,15,14:00,ST/1950/2025,ADV-1129,APPLICATION_REVIEW,0,ranked,8.1,1,1,APPEARANCE,,21
2026-10-22,16,14:00,ST/2169/2025,ADV-0829,APPLICATION_REVIEW,0,ranked,8.1,1,1,APPEARANCE,,21
2026-10-22,17,15:00,ST/2473/2025,ADV-1249,APPLICATION_REVIEW,0,ranked,8.1,1,0,,Evidence / Filing Not Ready,7
2026-10-22,18,15:00,ST/2523/2025,ADV-1103,APPLICATION_REVIEW,0,ranked,8.1,1,1,APPEARANCE,,21
2026-10-22,19,15:00,ST/2569/2025,ADV-0358,APPLICATION_REVIEW,0,ranked,8.1,1,1,APPEARANCE,,21
2026-10-22,20,15:00,ST/2854/2025,ADV-0984,APPLICATION_REVIEW,0,ranked,8.1,1,0,,Party Sought Time / Adjournment,7
2026-10-22,21,15:00,ST/2861/2025,ADV-1024,APPLICATION_REVIEW,0,ranked,8.1,1,0,,Unclear,7
2026-10-22,22,15:00,ST/2088/2017,ADV-0190,JUDGEMENT,1,ranked,29.7,1,1,DISPOSED,,
2026-10-22,23,15:00,ST/2956/2024,ADV-0190,PLEA,0,ranked (advocate already listed),14.1,1,1,EXAMINATION_UNDER_S351_BNSS,,14
2026-10-22,24,16:00,ST/125/2026,ADV-0873,COGNIZANCE,0,ranked,9.7,0,0,,,
2026-10-23,1,10:00,ST/125/2026,ADV-0873,COGNIZANCE,0,carry-over,9.7,1,1,APPEARANCE,,21
2026-10-23,2,10:00,ST/2679/2017,ADV-0379,JUDGEMENT,1,old-case guarantee,29.7,1,1,,,21
2026-10-23,3,10:00,ST/2696/2017,ADV-1001,JUDGEMENT,1,old-case guarantee,29.7,1,1,DISPOSED,,
2026-10-23,4,11:00,ST/2750/2017,ADV-0546,JUDGEMENT,1,old-case guarantee,29.7,1,1,DISPOSED,,
2026-10-23,5,11:00,ST/754/2024,ADV-0546,PLEA,0,ranked (advocate already listed),14.1,1,1,EXAMINATION_UNDER_S351_BNSS,,14
2026-10-23,6,11:00,ST/2850/2017,ADV-1097,JUDGEMENT,1,old-case guarantee,29.7,1,1,,,21
2026-10-23,7,12:00,ST/2960/2022,ADV-0531,APPLICATION_REVIEW,1,due,7.5,1,1,EVIDENCE_COMPLAINANT,,14
2026-10-23,8,12:00,ST/197/2026,ADV-0507,COGNIZANCE,0,due,9.8,1,1,APPEARANCE,,21
2026-10-23,9,12:00,ST/2166/2026,ADV-0407,COGNIZANCE,0,due,9.8,1,1,APPEARANCE,,21
2026-10-23,10,12:00,ST/380/2021,ADV-0405,JUDGEMENT,1,due,29.9,1,1,,,21
2026-10-23,11,13:00,ST/392/2021,ADV-0706,JUDGEMENT,1,due,29.9,1,1,,,21
2026-10-23,12,13:00,ST/407/2021,ADV-0541,JUDGEMENT,1,due,29.9,1,1,DISPOSED,,
2026-10-23,13,14:00,ST/410/2021,ADV-0759,JUDGEMENT,1,due,29.9,1,1,,,21
2026-10-23,14,14:00,ST/412/2026,ADV-0481,ADMISSION,0,ranked,4.1,1,0,,Evidence / Filing Not Ready,7
2026-10-23,15,14:00,ST/1948/2025,ADV-0481,DELAY_CONDONATION_HEARING,0,ranked (advocate already listed),2.5,1,1,COGNIZANCE,,14
2026-10-23,16,14:00,ST/2172/2017,ADV-0428,JUDGEMENT,1,ranked,29.7,1,1,,,21
2026-10-23,17,15:00,ST/2551/2017,ADV-0466,JUDGEMENT,1,ranked,29.7,1,1,,,21
2026-10-23,18,15:00,ST/2856/2017,ADV-0073,JUDGEMENT,1,ranked,29.7,1,1,,,21
2026-10-23,19,15:00,ST/1571/2024,ADV-0073,PLEA,0,ranked (advocate already listed),13.5,1,0,,Evidence / Filing Not Ready,7
2026-10-23,20,16:00,ST/136/2026,ADV-0967,COGNIZANCE,0,ranked,9.7,1,1,APPEARANCE,,21
2026-10-26,1,10:00,ST/2905/2017,ADV-0305,JUDGEMENT,1,old-case guarantee,29.7,1,1,,,21
2026-10-26,2,10:00,ST/44/2018,ADV-0512,JUDGEMENT,1,old-case guarantee,29.9,1,1,DISPOSED,,
2026-10-26,3,10:00,ST/258/2018,ADV-0512,JUDGEMENT,1,old-case guarantee,29.9,1,1,,,21
2026-10-26,4,11:00,ST/257/2018,ADV-0333,JUDGEMENT,1,old-case guarantee,29.9,1,1,,,21
2026-10-26,5,11:00,ST/2893/2026,ADV-0333,DELAY_CONDONATION_HEARING,0,ranked (advocate already listed),3.1,1,0,,Party Sought Time / Adjournment,7
2026-10-26,6,12:00,ST/1778/2026,ADV-0097,ADMISSION,0,due,3.9,1,1,COGNIZANCE,,14
2026-10-26,7,12:00,ST/1587/2026,ADV-0147,ADMISSION,0,due,3.9,1,1,COGNIZANCE,,14
2026-10-26,8,12:00,ST/304/2026,ADV-0749,COGNIZANCE,0,due,9.8,1,0,,Court Administrative Issue,7
2026-10-26,9,12:00,ST/535/2021,ADV-1042,JUDGEMENT,1,due,29.9,1,1,,,21
2026-10-26,10,12:00,ST/578/2021,ADV-0081,JUDGEMENT,1,due,29.9,1,1,,,21
2026-10-26,11,13:00,ST/734/2021,ADV-0424,JUDGEMENT,1,due,29.9,1,1,,,21
2026-10-26,12,13:00,ST/444/2018,ADV-0833,JUDGEMENT,1,old case waited too long,29.9,1,1,DISPOSED,,
2026-10-26,13,14:00,ST/153/2026,ADV-0012,COGNIZANCE,0,ranked,9.7,1,1,APPEARANCE,,21
2026-10-26,14,14:00,ST/414/2025,ADV-0012,PLEA,0,ranked (advocate already listed),13.8,1,1,EXAMINATION_UNDER_S351_BNSS,,14
2026-10-26,15,14:00,ST/158/2026,ADV-0514,COGNIZANCE,0,ranked,9.7,1,1,APPEARANCE,,21
2026-10-26,16,14:00,ST/287/2026,ADV-0692,COGNIZANCE,0,ranked,9.7,1,1,APPEARANCE,,21
2026-10-26,17,14:00,ST/2907/2024,ADV-0692,PLEA,0,ranked (advocate already listed),14.1,1,1,,,14
2026-10-26,18,15:00,ST/819/2026,ADV-0061,COGNIZANCE,0,ranked,9.7,1,1,APPEARANCE,,21
2026-10-26,19,15:00,ST/1006/2026,ADV-1157,COGNIZANCE,0,ranked,9.7,1,1,APPEARANCE,,21
2026-10-26,20,15:00,ST/1129/2026,ADV-0090,COGNIZANCE,0,ranked,9.7,1,0,,Court Administrative Issue,7
2026-10-26,21,15:00,ST/1233/2026,ADV-1187,COGNIZANCE,0,ranked,9.7,1,1,APPEARANCE,,21
2026-10-26,22,15:00,ST/1251/2026,ADV-0025,COGNIZANCE,0,ranked,9.7,1,1,APPEARANCE,,21
2026-10-26,23,16:00,ST/1436/2026,ADV-0340,COGNIZANCE,0,ranked,9.7,1,1,APPEARANCE,,21
2026-10-26,24,16:00,ST/1574/2026,ADV-0373,COGNIZANCE,0,ranked,9.7,1,1,APPEARANCE,,21
2026-10-26,25,16:00,ST/2187/2024,ADV-0373,PLEA,0,ranked (advocate already listed),14.1,1,1,,,14
2026-10-26,26,16:00,ST/1802/2026,ADV-0504,COGNIZANCE,0,ranked,9.7,1,1,APPEARANCE,,21
2026-10-26,27,16:00,ST/396/2025,ADV-0600,DELAY_CONDONATION_HEARING,0,ranked,2.5,1,0,,Unclear,7
2026-10-27,1,10:00,ST/447/2018,ADV-0784,JUDGEMENT,1,old-case guarantee,29.9,1,1,,,21
2026-10-27,2,10:00,ST/594/2018,ADV-0985,JUDGEMENT,1,old-case guarantee,29.9,1,1,,,21
2026-10-27,3,10:00,ST/607/2018,ADV-1145,JUDGEMENT,1,old-case guarantee,29.9,1,1,,,21
2026-10-27,4,10:00,ST/1821/2026,ADV-1145,COGNIZANCE,0,ranked (advocate already listed),9.7,1,1,APPEARANCE,,21
2026-10-27,5,10:00,ST/415/2024,ADV-1145,PLEA,0,ranked (advocate already listed),14.1,1,1,EXAMINATION_UNDER_S351_BNSS,,14
2026-10-27,6,11:00,ST/695/2018,ADV-0253,JUDGEMENT,1,old-case guarantee,29.9,1,1,,,21
2026-10-27,7,11:00,ST/501/2024,ADV-0253,PLEA,0,ranked (advocate already listed),14.1,1,1,EXAMINATION_UNDER_S351_BNSS,,14
2026-10-27,8,12:00,ST/280/2026,ADV-0289,COGNIZANCE,0,due,9.8,1,1,APPEARANCE,,21
2026-10-27,9,12:00,ST/2720/2026,ADV-0365,COGNIZANCE,0,due,9.8,1,1,APPEARANCE,,21
2026-10-27,10,12:00,ST/631/2025,ADV-0365,DELAY_CONDONATION_HEARING,0,ranked (advocate already listed),2.5,1,1,COGNIZANCE,,14
2026-10-27,11,12:00,ST/828/2021,ADV-0559,JUDGEMENT,1,due,29.9,1,1,,,21
2026-10-27,12,12:00,ST/1857/2026,ADV-0559,DELAY_CONDONATION_HEARING,0,ranked (advocate already listed),3.1,1,1,COGNIZANCE,,14
2026-10-27,13,13:00,ST/850/2021,ADV-0688,JUDGEMENT,1,due,29.9,1,1,DISPOSED,,
2026-10-27,14,14:00,ST/917/2021,ADV-0781,JUDGEMENT,1,due,29.9,1,1,DISPOSED,,
2026-10-27,15,14:00,ST/166/2023,ADV-0722,JUDGEMENT,0,due,29.9,1,1,,,21
2026-10-27,16,15:00,ST/403/2022,ADV-0005,EVIDENCE_COMPLAINANT,1,due,7.1,1,0,,Evidence / Filing Not Ready,7
2026-10-27,17,15:00,ST/1837/2026,ADV-0675,COGNIZANCE,0,ranked,9.7,1,1,APPEARANCE,,21
2026-10-27,18,15:00,ST/1891/2026,ADV-0504,COGNIZANCE,0,ranked,9.7,1,1,APPEARANCE,,21
2026-10-27,19,15:00,ST/2097/2026,ADV-0787,COGNIZANCE,0,ranked,9.7,1,1,APPEARANCE,,21
2026-10-27,20,15:00,ST/2116/2026,ADV-0582,COGNIZANCE,0,ranked,9.7,1,1,APPEARANCE,,21
2026-10-27,21,15:00,ST/37/2024,ADV-0582,PLEA,0,ranked (advocate already listed),14.1,1,1,EXAMINATION_UNDER_S351_BNSS,,14
2026-10-27,22,16:00,ST/2315/2026,ADV-1115,COGNIZANCE,0,ranked,9.7,1,1,APPEARANCE,,21
2026-10-27,23,16:00,ST/1918/2025,ADV-1115,PLEA,0,ranked (advocate already listed),13.8,1,0,,Respondent Absence / Non-Compliance,7
2026-10-27,24,16:00,ST/2335/2026,ADV-0563,COGNIZANCE,0,ranked,9.7,1,1,APPEARANCE,,21
2026-10-27,25,16:00,ST/2836/2026,ADV-1075,COGNIZANCE,0,ranked,9.7,1,1,APPEARANCE,,21
2026-10-27,26,16:00,ST/773/2025,ADV-0288,DELAY_CONDONATION_HEARING,0,ranked,2.5,1,0,,Evidence / Filing Not Ready,7
2026-10-28,1,10:00,ST/1130/2018,ADV-0576,JUDGEMENT,1,old-case guarantee,29.9,1,1,,,21
2026-10-28,2,10:00,ST/1313/2025,ADV-0576,PLEA,0,ranked (advocate already listed),13.8,1,1,EXAMINATION_UNDER_S351_BNSS,,14
2026-10-28,3,10:00,ST/1227/2018,ADV-0396,JUDGEMENT,1,old-case guarantee,29.9,1,1,,,21
2026-10-28,4,11:00,ST/1330/2018,ADV-0039,JUDGEMENT,1,old-case guarantee,29.9,1,1,,,21
2026-10-28,5,11:00,ST/1403/2018,ADV-0508,JUDGEMENT,1,old-case guarantee,29.9,1,1,,,21
2026-10-28,6,12:00,ST/2437/2026,ADV-0873,COGNIZANCE,0,due,9.8,1,1,APPEARANCE,,21
2026-10-28,7,12:00,ST/405/2026,ADV-0571,COGNIZANCE,0,due,9.8,1,1,APPEARANCE,,21
2026-10-28,8,12:00,ST/2919/2026,ADV-0175,COGNIZANCE,0,due,9.8,1,1,APPEARANCE,,21
2026-10-28,9,12:00,ST/1067/2021,ADV-0849,JUDGEMENT,1,due,29.9,1,1,DISPOSED,,
2026-10-28,10,13:00,ST/1071/2021,ADV-0400,JUDGEMENT,1,due,29.9,1,1,,,21
2026-10-28,11,13:00,ST/1319/2021,ADV-0045,JUDGEMENT,1,due,29.9,1,1,,,21
2026-10-28,12,14:00,ST/1172/2022,ADV-0665,EVIDENCE_COMPLAINANT,1,due,7.1,1,1,,,14
2026-10-28,13,14:00,ST/2899/2026,ADV-0818,COGNIZANCE,0,ranked,9.7,1,1,APPEARANCE,,21
2026-10-28,14,14:00,ST/2936/2026,ADV-1171,COGNIZANCE,0,ranked,9.7,1,1,APPEARANCE,,21
2026-10-28,15,14:00,ST/2949/2026,ADV-0015,COGNIZANCE,0,ranked,9.7,1,1,APPEARANCE,,21
2026-10-28,16,14:00,ST/316/2018,ADV-1117,JUDGEMENT,1,ranked,29.9,1,1,,,21
2026-10-28,17,15:00,ST/632/2018,ADV-0023,JUDGEMENT,1,ranked,29.9,1,1,,,21
2026-10-28,18,15:00,ST/1207/2018,ADV-0946,JUDGEMENT,1,ranked,29.9,1,1,DISPOSED,,
2026-10-28,19,16:00,ST/1442/2018,ADV-0703,JUDGEMENT,1,ranked,29.9,1,1,,,21
2026-10-29,1,10:00,ST/1496/2018,ADV-0554,JUDGEMENT,1,old-case guarantee,29.9,1,1,DISPOSED,,
2026-10-29,2,10:00,ST/1656/2018,ADV-1094,JUDGEMENT,1,old-case guarantee,29.9,1,1,,,21
2026-10-29,3,10:00,ST/2173/2018,ADV-1237,JUDGEMENT,1,old-case guarantee,29.9,1,1,DISPOSED,,
2026-10-29,4,11:00,ST/2192/2018,ADV-1096,JUDGEMENT,1,old-case guarantee,29.9,1,1,DISPOSED,,
2026-10-29,5,11:00,ST/740/2026,ADV-1096,DELAY_CONDONATION_HEARING,0,ranked (advocate already listed),2.5,1,0,,Petitioner Absence / Non-Compliance,14
2026-10-29,6,12:00,ST/507/2026,ADV-0023,COGNIZANCE,0,due,9.8,1,1,APPEARANCE,,21
2026-10-29,7,12:00,ST/658/2026,ADV-1079,COGNIZANCE,0,due,9.8,1,1,APPEARANCE,,21
2026-10-29,8,12:00,ST/1358/2021,ADV-0727,JUDGEMENT,1,due,29.9,1,1,,,21
2026-10-29,9,12:00,ST/1618/2021,ADV-0564,JUDGEMENT,1,due,29.9,1,1,DISPOSED,,
2026-10-29,10,13:00,ST/1770/2021,ADV-1136,JUDGEMENT,1,due,29.9,1,1,DISPOSED,,
2026-10-29,11,13:00,ST/2352/2023,ADV-0658,JUDGEMENT,0,due,29.8,1,1,DISPOSED,,
2026-10-29,12,14:00,ST/1360/2022,ADV-1177,EVIDENCE_COMPLAINANT,1,due,7.1,1,0,,Unclear,7
2026-10-29,13,14:00,ST/1754/2024,ADV-1177,PLEA,0,ranked (advocate already listed),13.5,1,1,EXAMINATION_UNDER_S351_BNSS,,14
2026-10-29,14,14:00,ST/932/2026,ADV-1152,ADMISSION,0,ranked,4.1,1,1,COGNIZANCE,,14
2026-10-29,15,14:00,ST/614/2016,ADV-0104,JUDGEMENT,1,ranked,29.8,1,1,,,21
2026-10-29,16,15:00,ST/1904/2018,ADV-1081,JUDGEMENT,1,ranked,29.9,1,1,DISPOSED,,
2026-10-29,17,15:00,ST/2045/2018,ADV-0743,JUDGEMENT,1,ranked,29.9,1,1,,,21
2026-10-29,18,16:00,ST/2142/2018,ADV-0756,JUDGEMENT,1,ranked,29.9,1,1,,,21
2026-10-29,19,16:00,ST/834/2025,ADV-0275,DELAY_CONDONATION_HEARING,0,ranked,2.5,1,1,COGNIZANCE,,14
2026-10-30,1,10:00,ST/2363/2018,ADV-0203,JUDGEMENT,1,old-case guarantee,29.9,1,1,,,21
2026-10-30,2,10:00,ST/2304/2026,ADV-0203,DELAY_CONDONATION_HEARING,0,ranked (advocate already listed),2.5,1,1,COGNIZANCE,,14
2026-10-30,3,10:00,ST/2387/2018,ADV-0676,JUDGEMENT,1,old-case guarantee,29.9,1,1,DISPOSED,,
2026-10-30,4,11:00,ST/2557/2018,ADV-0315,JUDGEMENT,1,old-case guarantee,29.9,1,1,DISPOSED,,
2026-10-30,5,11:00,ST/2825/2018,ADV-0548,JUDGEMENT,1,old-case guarantee,29.9,1,1,,,21
2026-10-30,6,11:00,ST/1276/2025,ADV-0548,DELAY_CONDONATION_HEARING,0,ranked (advocate already listed),2.9,1,0,,Both Parties Unready / Absent,14
2026-10-30,7,12:00,ST/962/2026,ADV-0588,COGNIZANCE,0,due,9.8,1,1,APPEARANCE,,21
2026-10-30,8,12:00,ST/1285/2026,ADV-0117,COGNIZANCE,0,due,9.8,1,1,APPEARANCE,,21
2026-10-30,9,12:00,ST/1829/2021,ADV-0378,JUDGEMENT,1,due,29.9,1,1,,,21
2026-10-30,10,12:00,ST/1991/2021,ADV-0504,JUDGEMENT,1,due,29.9,1,1,,,21
2026-10-30,11,13:00,ST/2211/2021,ADV-0915,JUDGEMENT,1,due,29.9,1,1,DISPOSED,,
2026-10-30,12,13:00,ST/2890/2021,ADV-0903,JUDGEMENT,1,due,29.9,1,1,,,21
2026-10-30,13,14:00,ST/1980/2022,ADV-1143,EVIDENCE_COMPLAINANT,1,due,7.1,1,0,,Party Sought Time / Adjournment,14
2026-10-30,14,14:00,ST/530/2026,ADV-0744,ADMISSION,0,ranked,4.1,1,1,COGNIZANCE,,14
2026-10-30,15,14:00,ST/33/2024,ADV-0366,PLEA,0,ranked,14.1,1,1,,,14
2026-10-30,16,14:00,ST/98/2024,ADV-0150,PLEA,0,ranked,14.1,1,1,,,14
2026-10-30,17,15:00,ST/189/2024,ADV-0681,PLEA,0,ranked,14.1,1,1,,,14
2026-10-30,18,15:00,ST/281/2024,ADV-0133,PLEA,0,ranked,14.1,1,1,EXAMINATION_UNDER_S351_BNSS,,14
2026-10-30,19,15:00,ST/388/2024,ADV-1063,PLEA,0,ranked,14.1,1,1,EXAMINATION_UNDER_S351_BNSS,,14
2026-10-30,20,15:00,ST/430/2024,ADV-0619,PLEA,0,ranked,14.1,1,1,,,14
2026-10-30,21,16:00,ST/648/2024,ADV-0140,PLEA,0,ranked,14.1,1,1,,,14
2026-10-30,22,16:00,ST/796/2024,ADV-0729,PLEA,0,ranked,14.1,1,1,EXAMINATION_UNDER_S351_BNSS,,14
2026-10-30,23,16:00,ST/891/2024,ADV-0114,PLEA,0,ranked,14.1,1,1,EXAMINATION_UNDER_S351_BNSS,,14
2026-10-30,24,16:00,ST/846/2025,ADV-0374,DELAY_CONDONATION_HEARING,0,ranked,2.5,1,0,,Petitioner Absence / Non-Compliance,14
2026-11-02,1,10:00,ST/191/2021,ADV-0463,JUDGEMENT,1,old-case guarantee,29.9,1,1,DISPOSED,,
2026-11-02,2,10:00,ST/200/2021,ADV-0250,JUDGEMENT,1,old-case guarantee,29.9,1,1,,,21
2026-11-02,3,10:00,ST/296/2021,ADV-0985,JUDGEMENT,1,old-case guarantee,29.9,1,1,,,21
2026-11-02,4,11:00,ST/300/2021,ADV-1222,JUDGEMENT,1,old-case guarantee,29.9,1,1,,,21
2026-11-02,5,11:00,ST/1044/2021,ADV-1153,JUDGEMENT,1,due,29.9,1,1,DISPOSED,,
2026-11-02,6,12:00,ST/1327/2026,ADV-0504,COGNIZANCE,0,due,9.8,1,1,APPEARANCE,,21
2026-11-02,7,12:00,ST/1332/2026,ADV-0057,COGNIZANCE,0,due,9.8,1,1,APPEARANCE,,21
2026-11-02,8,12:00,ST/2917/2021,ADV-0100,JUDGEMENT,1,due,29.9,1,1,DISPOSED,,
2026-11-02,9,12:00,ST/2458/2023,ADV-0100,JUDGEMENT,0,due,29.8,1,1,DISPOSED,,
2026-11-02,10,12:00,ST/2443/2025,ADV-0100,DELAY_CONDONATION_HEARING,0,ranked (advocate already listed),2.9,1,0,,Party Sought Time / Adjournment,14
2026-11-02,11,13:00,ST/2939/2021,ADV-0938,JUDGEMENT,1,due,29.9,1,1,,,21
2026-11-02,12,14:00,ST/2981/2021,ADV-0901,JUDGEMENT,1,due,29.9,1,1,,,21
2026-11-02,13,14:00,ST/662/2026,ADV-0444,APPEARANCE,0,due,5.8,1,0,,Respondent Absence / Non-Compliance,7
2026-11-02,14,14:00,ST/2149/2016,ADV-0284,JUDGEMENT,1,ranked,29.8,1,1,,,21
2026-11-02,15,14:00,ST/1641/2025,ADV-0284,PLEA,0,ranked (advocate already listed),14.3,1,1,EXAMINATION_UNDER_S351_BNSS,,14
2026-11-02,16,15:00,ST/2819/2017,ADV-0143,JUDGEMENT,1,ranked,29.7,1,1,,,21
2026-11-02,17,16:00,ST/1002/2024,ADV-1232,PLEA,0,ranked,14.1,1,1,,,14
2026-11-02,18,16:00,ST/646/2024,ADV-1232,PLEA,0,ranked (advocate already listed),13.5,1,0,,Unclear,7
2026-11-02,19,16:00,ST/144/2023,ADV-0858,APPEARANCE,0,ranked,7.1,1,1,PLEA,,14
2026-11-02,20,16:00,ST/1036/2025,ADV-1018,DELAY_CONDONATION_HEARING,0,ranked,2.5,1,0,,Party Sought Time / Adjournment,14
2026-11-03,1,10:00,ST/371/2021,ADV-0957,JUDGEMENT,1,old-case guarantee,29.9,1,1,,,21
2026-11-03,2,10:00,ST/2795/2025,ADV-0957,PLEA,0,ranked (advocate already listed),13.8,1,0,,Evidence / Filing Not Ready,7
2026-11-03,3,10:00,ST/550/2021,ADV-1027,JUDGEMENT,1,old-case guarantee,29.9,1,1,,,21
2026-11-03,4,11:00,ST/600/2021,ADV-0720,JUDGEMENT,1,old-case guarantee,29.9,1,1,,,21
2026-11-03,5,11:00,ST/612/2021,ADV-0108,JUDGEMENT,1,old-case guarantee,29.9,1,1,,,21
2026-11-03,6,12:00,ST/1395/2026,ADV-1186,COGNIZANCE,0,due,9.8,1,1,APPEARANCE,,21
2026-11-03,7,12:00,ST/2749/2024,ADV-1186,PLEA,0,ranked (advocate already listed),14.1,1,1,,,14
2026-11-03,8,12:00,ST/1584/2026,ADV-0867,COGNIZANCE,0,due,9.8,1,1,APPEARANCE,,21
2026-11-03,9,12:00,ST/114/2021,ADV-1237,JUDGEMENT,1,due,29.9,1,1,,,21
2026-11-03,10,13:00,ST/271/2021,ADV-1170,JUDGEMENT,1,due,29.9,1,1,,,21
2026-11-03,11,13:00,ST/504/2023,ADV-1170,JUDGEMENT,0,due,29.8,1,1,,,21
2026-11-03,12,14:00,ST/585/2021,ADV-0489,JUDGEMENT,1,due,29.9,1,1,,,21
2026-11-03,13,14:00,ST/2180/2026,ADV-0864,APPEARANCE,0,due,5.8,1,1,,,21
2026-11-03,14,14:00,ST/778/2021,ADV-1033,JUDGEMENT,1,old case waited too long,29.9,1,1,,,21
2026-11-03,15,15:00,ST/1079/2024,ADV-0199,PLEA,0,ranked,14.1,1,1,EXAMINATION_UNDER_S351_BNSS,,14
2026-11-03,16,15:00,ST/1166/2024,ADV-0021,PLEA,0,ranked,14.1,1,0,,Respondent Absence / Non-Compliance,7
2026-11-03,17,15:00,ST/1178/2024,ADV-1122,PLEA,0,ranked,14.1,1,1,EXAMINATION_UNDER_S351_BNSS,,14
2026-11-03,18,16:00,ST/1372/2024,ADV-1180,PLEA,0,ranked,14.1,1,1,EXAMINATION_UNDER_S351_BNSS,,14
2026-11-03,19,16:00,ST/1423/2024,ADV-1084,PLEA,0,ranked,14.1,1,0,,Evidence / Filing Not Ready,7
2026-11-03,20,16:00,ST/182/2023,ADV-1084,APPEARANCE,0,ranked (advocate already listed),7.1,1,0,,Respondent Absence / Non-Compliance,7
2026-11-03,21,16:00,ST/208/2023,ADV-0589,APPEARANCE,0,ranked,7.1,1,1,PLEA,,14
2026-11-04,1,10:00,ST/954/2021,ADV-0908,JUDGEMENT,1,old-case guarantee,29.9,1,1,,,21
2026-11-04,2,10:00,ST/1306/2021,ADV-0134,JUDGEMENT,1,old-case guarantee,29.9,1,1,DISPOSED,,
2026-11-04,3,10:00,ST/1425/2021,ADV-0491,JUDGEMENT,1,old-case guarantee,29.9,1,1,,,21
2026-11-04,4,11:00,ST/1426/2021,ADV-0755,JUDGEMENT,1,old-case guarantee,29.9,1,1,DISPOSED,,
2026-11-04,5,11:00,ST/1623/2026,ADV-0851,COGNIZANCE,0,due,9.8,1,1,APPEARANCE,,21
2026-11-04,6,12:00,ST/1673/2026,ADV-0096,COGNIZANCE,0,due,9.8,1,1,APPEARANCE,,21
2026-11-04,7,12:00,ST/821/2025,ADV-0717,DELAY_CONDONATION_HEARING,0,due,2.5,1,1,COGNIZANCE,,14
2026-11-04,8,12:00,ST/742/2021,ADV-0125,JUDGEMENT,1,due,29.9,1,1,,,21
2026-11-04,9,12:00,ST/831/2021,ADV-0393,JUDGEMENT,1,due,29.9,1,1,,,21
2026-11-04,10,13:00,ST/877/2021,ADV-0632,JUDGEMENT,1,due,29.9,1,1,,,21
2026-11-04,11,13:00,ST/949/2021,ADV-1093,JUDGEMENT,1,due,29.9,1,1,DISPOSED,,
2026-11-04,12,14:00,ST/1469/2024,ADV-0468,PLEA,0,ranked,14.1,1,1,,,14
2026-11-04,13,14:00,ST/1534/2024,ADV-0450,PLEA,0,ranked,14.1,1,1,EXAMINATION_UNDER_S351_BNSS,,14
2026-11-04,14,14:00,ST/1586/2024,ADV-0769,PLEA,0,ranked,14.1,1,1,EXAMINATION_UNDER_S351_BNSS,,14
2026-11-04,15,15:00,ST/1784/2024,ADV-0477,PLEA,0,ranked,14.1,1,1,,,14
2026-11-04,16,15:00,ST/1957/2024,ADV-1111,PLEA,0,ranked,14.1,1,0,,Unclear,7
2026-11-04,17,15:00,ST/2280/2025,ADV-1111,PLEA,0,ranked (advocate already listed),13.8,1,1,EXAMINATION_UNDER_S351_BNSS,,14
2026-11-04,18,15:00,ST/1971/2024,ADV-0146,PLEA,0,ranked,14.1,1,0,,Evidence / Filing Not Ready,7
2026-11-04,19,15:00,ST/2232/2024,ADV-0650,PLEA,0,ranked,14.1,1,0,,Evidence / Filing Not Ready,7
2026-11-04,20,16:00,ST/2320/2024,ADV-0345,PLEA,0,ranked,14.1,1,1,EXAMINATION_UNDER_S351_BNSS,,14
2026-11-04,21,16:00,ST/2442/2024,ADV-0758,PLEA,0,ranked,14.1,1,1,EXAMINATION_UNDER_S351_BNSS,,14
2026-11-04,22,16:00,ST/225/2023,ADV-0772,APPEARANCE,0,ranked,7.1,1,1,PLEA,,14
2026-11-05,1,10:00,ST/1648/2021,ADV-0553,JUDGEMENT,1,old-case guarantee,29.9,1,1,,,21
2026-11-05,2,10:00,ST/2988/2025,ADV-0553,PLEA,0,ranked (advocate already listed),13.8,1,0,,Respondent Absence / Non-Compliance,7
2026-11-05,3,10:00,ST/1662/2021,ADV-0165,JUDGEMENT,1,old-case guarantee,29.9,1,1,,,21
2026-11-05,4,10:00,ST/2611/2023,ADV-0165,APPEARANCE,0,ranked (advocate already listed),7.1,1,0,,Respondent Absence / Non-Compliance,7
2026-11-05,5,11:00,ST/1849/2021,ADV-0228,JUDGEMENT,1,old-case guarantee,29.9,1,1,,,21
2026-11-05,6,11:00,ST/1936/2021,ADV-0554,JUDGEMENT,1,old-case guarantee,29.9,1,1,,,21
2026-11-05,7,12:00,ST/1960/2026,ADV-0815,COGNIZANCE,0,due,9.8,1,1,APPEARANCE,,21
2026-11-05,8,12:00,ST/2447/2026,ADV-0335,COGNIZANCE,0,due,9.8,1,1,APPEARANCE,,21
2026-11-05,9,12:00,ST/1141/2021,ADV-0086,JUDGEMENT,1,due,29.9,1,1,,,21
2026-11-05,10,13:00,ST/1143/2021,ADV-1148,JUDGEMENT,1,due,29.9,1,1,,,21
2026-11-05,11,13:00,ST/521/2025,ADV-1148,PLEA,0,ranked (advocate already listed),13.8,1,1,EXAMINATION_UNDER_S351_BNSS,,14
2026-11-05,12,13:00,ST/1188/2021,ADV-1059,JUDGEMENT,1,due,29.9,1,1,,,21
2026-11-05,13,14:00,ST/1193/2021,ADV-0831,JUDGEMENT,1,due,29.9,1,1,,,21
2026-11-05,14,14:00,ST/2323/2026,ADV-1031,APPEARANCE,0,due,5.8,1,1,PLEA,,14
2026-11-05,15,14:00,ST/2583/2024,ADV-0863,PLEA,0,ranked,14.1,1,1,EXAMINATION_UNDER_S351_BNSS,,14
2026-11-05,16,15:00,ST/2590/2024,ADV-0348,PLEA,0,ranked,14.1,1,1,EXAMINATION_UNDER_S351_BNSS,,14
2026-11-05,17,15:00,ST/2612/2024,ADV-0102,PLEA,0,ranked,14.1,1,1,EXAMINATION_UNDER_S351_BNSS,,14
2026-11-05,18,15:00,ST/2627/2024,ADV-0756,PLEA,0,ranked,14.1,1,1,EXAMINATION_UNDER_S351_BNSS,,14
2026-11-05,19,15:00,ST/2640/2024,ADV-1003,PLEA,0,ranked,14.1,1,1,EXAMINATION_UNDER_S351_BNSS,,14
2026-11-05,20,16:00,ST/2646/2024,ADV-0387,PLEA,0,ranked,14.1,1,1,EXAMINATION_UNDER_S351_BNSS,,14
2026-11-05,21,16:00,ST/234/2023,ADV-0043,APPEARANCE,0,ranked,7.1,1,0,,Both Parties Unready / Absent,7
2026-11-05,22,16:00,ST/2253/2025,ADV-0043,PLEA,0,ranked (advocate already listed),13.8,1,1,EXAMINATION_UNDER_S351_BNSS,,14
2026-11-05,23,16:00,ST/1064/2025,ADV-0060,DELAY_CONDONATION_HEARING,0,ranked,2.5,1,0,,Evidence / Filing Not Ready,7
2026-11-06,1,10:00,ST/1964/2021,ADV-0178,JUDGEMENT,1,old-case guarantee,29.9,1,1,DISPOSED,,
2026-11-06,2,10:00,ST/2004/2021,ADV-0161,JUDGEMENT,1,old-case guarantee,29.9,1,1,DISPOSED,,
2026-11-06,3,10:00,ST/2108/2021,ADV-1210,JUDGEMENT,1,old-case guarantee,29.9,1,1,,,21
2026-11-06,4,11:00,ST/2176/2021,ADV-0607,JUDGEMENT,1,old-case guarantee,29.9,1,1,,,21
2026-11-06,5,11:00,ST/2538/2026,ADV-0360,COGNIZANCE,0,due,9.8,1,1,APPEARANCE,,21
2026-11-06,6,12:00,ST/2636/2026,ADV-1188,COGNIZANCE,0,due,9.8,1,1,APPEARANCE,,21
2026-11-06,7,12:00,ST/1245/2021,ADV-0516,JUDGEMENT,1,due,29.9,1,1,DISPOSED,,
2026-11-06,8,12:00,ST/1288/2021,ADV-0898,JUDGEMENT,1,due,29.9,1,1,,,21
2026-11-06,9,12:00,ST/2254/2025,ADV-0898,DELAY_CONDONATION_HEARING,0,ranked (advocate already listed),2.5,1,0,,Petitioner Absence / Non-Compliance,14
2026-11-06,10,13:00,ST/1344/2021,ADV-0840,JUDGEMENT,1,due,29.9,1,1,,,21
2026-11-06,11,13:00,ST/2580/2025,ADV-0840,DELAY_CONDONATION_HEARING,0,ranked (advocate already listed),2.9,1,1,COGNIZANCE,,14
2026-11-06,12,13:00,ST/268/2025,ADV-0900,APPEARANCE,0,due,6.4,1,1,PLEA,,14
2026-11-06,13,14:00,ST/2255/2021,ADV-0150,JUDGEMENT,1,old case waited too long,29.9,1,1,,,21
2026-11-06,14,14:00,ST/1271/2018,ADV-0241,JUDGEMENT,1,ranked,29.9,1,1,,,21
2026-11-06,15,15:00,ST/358/2023,ADV-0011,APPEARANCE,0,ranked,7.1,1,1,,,21
2026-11-06,16,15:00,ST/1407/2023,ADV-0011,APPEARANCE,0,ranked (advocate already listed),7.1,1,0,,Respondent Absence / Non-Compliance,7
2026-11-06,17,15:00,ST/411/2023,ADV-0999,APPEARANCE,0,ranked,7.1,1,1,PLEA,,14
2026-11-06,18,15:00,ST/1609/2026,ADV-0999,DELAY_CONDONATION_HEARING,0,ranked (advocate already listed),3.6,1,0,,Petitioner Absence / Non-Compliance,7
2026-11-06,19,15:00,ST/425/2023,ADV-0522,APPEARANCE,0,ranked,7.1,1,1,,,21
2026-11-06,20,15:00,ST/441/2023,ADV-1135,APPEARANCE,0,ranked,7.1,1,1,PLEA,,14
2026-11-06,21,15:00,ST/537/2023,ADV-1203,APPEARANCE,0,ranked,7.1,1,0,,Both Parties Unready / Absent,7
2026-11-06,22,15:00,ST/698/2021,ADV-1203,JUDGEMENT,1,ranked (advocate already listed),29.8,1,1,,,21
2026-11-06,23,16:00,ST/702/2023,ADV-0549,APPEARANCE,0,ranked,7.1,1,0,,Respondent Absence / Non-Compliance,7
2026-11-06,24,16:00,ST/921/2023,ADV-0592,APPEARANCE,0,ranked,7.1,1,1,PLEA,,14
2026-11-06,25,16:00,ST/1182/2023,ADV-0713,APPEARANCE,0,ranked,7.1,1,1,PLEA,,14
2026-11-06,26,16:00,ST/1259/2023,ADV-0786,APPEARANCE,0,ranked,7.1,1,1,PLEA,,14
2026-11-06,27,16:00,ST/1080/2025,ADV-0389,DELAY_CONDONATION_HEARING,0,ranked,2.5,1,0,,Both Parties Unready / Absent,14
2026-11-10,1,10:00,ST/2340/2021,ADV-0778,JUDGEMENT,1,old-case guarantee,29.9,1,1,DISPOSED,,
2026-11-10,2,10:00,ST/2532/2021,ADV-1156,JUDGEMENT,1,old-case guarantee,29.9,1,1,,,21
2026-11-10,3,10:00,ST/2703/2021,ADV-0704,JUDGEMENT,1,old-case guarantee,29.9,1,1,DISPOSED,,
2026-11-10,4,11:00,ST/2849/2021,ADV-0968,JUDGEMENT,1,old-case guarantee,29.9,1,1,,,21
2026-11-10,5,11:00,ST/2639/2026,ADV-1213,COGNIZANCE,0,due,9.8,1,1,,,14
2026-11-10,6,12:00,ST/2865/2026,ADV-0822,COGNIZANCE,0,due,9.8,1,1,APPEARANCE,,21
2026-11-10,7,12:00,ST/1386/2021,ADV-1126,JUDGEMENT,1,due,29.9,1,1,,,21
2026-11-10,8,12:00,ST/2384/2023,ADV-1126,JUDGEMENT,0,due,29.9,1,1,,,21
2026-11-10,9,13:00,ST/1391/2021,ADV-0300,JUDGEMENT,1,due,29.9,1,1,,,21
2026-11-10,10,13:00,ST/355/2023,ADV-0300,JUDGEMENT,0,due,29.9,1,1,,,21
2026-11-10,11,13:00,ST/1968/2026,ADV-0300,DELAY_CONDONATION_HEARING,0,ranked (advocate already listed),2.5,1,0,,Petitioner Absence / Non-Compliance,14
2026-11-10,12,14:00,ST/357/2025,ADV-1168,APPEARANCE,0,due,6.4,1,1,PLEA,,14
2026-11-10,13,14:00,ST/2875/2021,ADV-0443,JUDGEMENT,1,old case waited too long,29.9,1,1,,,21
2026-11-10,14,14:00,ST/1755/2025,ADV-0443,PLEA,0,ranked (advocate already listed),14.3,1,1,,,14
2026-11-10,15,15:00,ST/2903/2021,ADV-0481,JUDGEMENT,1,old case waited too long,29.9,1,1,DISPOSED,,
2026-11-10,16,15:00,ST/1414/2023,ADV-0891,APPEARANCE,0,ranked,7.1,1,1,PLEA,,14
2026-11-10,17,15:00,ST/1449/2026,ADV-0891,DELAY_CONDONATION_HEARING,0,ranked (advocate already listed),3.1,1,0,,Party Sought Time / Adjournment,7
2026-11-10,18,15:00,ST/1555/2023,ADV-1138,APPEARANCE,0,ranked,7.1,1,0,,Petitioner Absence / Non-Compliance,7
2026-11-10,19,15:00,ST/2017/2025,ADV-1138,DELAY_CONDONATION_HEARING,0,ranked (advocate already listed),2.9,1,0,,Petitioner Absence / Non-Compliance,14
2026-11-10,20,16:00,ST/1566/2023,ADV-0714,APPEARANCE,0,ranked,7.1,1,1,PLEA,,14
2026-11-10,21,16:00,ST/1806/2023,ADV-0771,APPEARANCE,0,ranked,7.1,1,0,,Evidence / Filing Not Ready,7
2026-11-10,22,16:00,ST/1889/2023,ADV-0069,APPEARANCE,0,ranked,7.1,1,0,,Respondent Absence / Non-Compliance,7
2026-11-10,23,16:00,ST/1925/2023,ADV-0963,APPEARANCE,0,ranked,7.1,1,1,,,21
2026-11-10,24,16:00,ST/1933/2023,ADV-0628,APPEARANCE,0,ranked,7.1,1,0,,Respondent Absence / Non-Compliance,7
2026-11-10,25,16:00,ST/2132/2023,ADV-0158,APPEARANCE,0,ranked,7.1,1,1,PLEA,,14
2026-11-10,26,16:00,ST/464/2025,ADV-0158,DELAY_CONDONATION_HEARING,0,ranked (advocate already listed),2.9,1,0,,Party Sought Time / Adjournment,14
2026-11-11,1,10:00,ST/25/2021,ADV-0880,JUDGEMENT,1,old-case guarantee,29.8,1,1,,,21
2026-11-11,2,10:00,ST/90/2021,ADV-1057,JUDGEMENT,1,old-case guarantee,29.8,1,1,,,21
2026-11-11,3,10:00,ST/374/2021,ADV-0106,JUDGEMENT,1,old-case guarantee,29.8,1,1,DISPOSED,,
2026-11-11,4,11:00,ST/624/2021,ADV-0332,JUDGEMENT,1,old-case guarantee,29.8,1,1,DISPOSED,,
2026-11-11,5,11:00,ST/2938/2026,ADV-0080,COGNIZANCE,0,due,9.8,1,1,APPEARANCE,,21
2026-11-11,6,12:00,ST/2973/2026,ADV-0613,COGNIZANCE,0,due,9.8,1,1,APPEARANCE,,21
2026-11-11,7,12:00,ST/1659/2021,ADV-0684,JUDGEMENT,1,due,29.9,1,1,,,21
2026-11-11,8,12:00,ST/1688/2021,ADV-0592,JUDGEMENT,1,due,29.9,1,1,,,21
2026-11-11,9,13:00,ST/1727/2021,ADV-0817,JUDGEMENT,1,due,29.9,1,1,,,21
2026-11-11,10,13:00,ST/365/2025,ADV-0802,APPEARANCE,0,due,6.4,1,1,PLEA,,14
2026-11-11,11,13:00,ST/524/2023,ADV-0458,JUDGEMENT,0,due,29.8,1,1,,,21
2026-11-11,12,14:00,ST/744/2021,ADV-0050,JUDGEMENT,1,old case waited too long,29.8,1,1,,,21
2026-11-11,13,14:00,ST/2259/2023,ADV-0070,APPEARANCE,0,ranked,7.1,1,0,,Party Sought Time / Adjournment,7
2026-11-11,14,14:00,ST/1019/2022,ADV-0070,JUDGEMENT,1,ranked (advocate already listed),29.8,1,1,,,21
2026-11-11,15,15:00,ST/2346/2023,ADV-0847,APPEARANCE,0,ranked,7.1,1,1,PLEA,,14
2026-11-11,16,15:00,ST/2361/2023,ADV-0275,APPEARANCE,0,ranked,7.1,1,0,,Unclear,7
2026-11-11,17,15:00,ST/2768/2023,ADV-0492,APPEARANCE,0,ranked,7.1,1,0,,Respondent Absence / Non-Compliance,7
2026-11-11,18,15:00,ST/2858/2023,ADV-0667,APPEARANCE,0,ranked,7.1,1,1,PLEA,,14
2026-11-11,19,15:00,ST/2943/2023,ADV-1211,APPEARANCE,0,ranked,7.1,1,1,PLEA,,14
2026-11-11,20,16:00,ST/2996/2023,ADV-0032,APPEARANCE,0,ranked,7.1,1,1,PLEA,,14
2026-11-11,21,16:00,ST/354/2026,ADV-0032,DELAY_CONDONATION_HEARING,0,ranked (advocate already listed),3.1,1,1,COGNIZANCE,,14
2026-11-11,22,16:00,ST/92/2024,ADV-0207,PLEA,0,ranked,13.5,1,1,EXAMINATION_UNDER_S351_BNSS,,14
2026-11-11,23,16:00,ST/115/2024,ADV-1234,PLEA,0,ranked,13.5,1,1,EXAMINATION_UNDER_S351_BNSS,,14
2026-11-11,24,16:00,ST/1121/2025,ADV-1178,DELAY_CONDONATION_HEARING,0,ranked,2.5,1,0,,Petitioner Absence / Non-Compliance,14
2026-11-12,1,10:00,ST/800/2021,ADV-0419,JUDGEMENT,1,old-case guarantee,29.8,1,1,,,21
2026-11-12,2,10:00,ST/2522/2026,ADV-0419,DELAY_CONDONATION_HEARING,0,ranked (advocate already listed),3.1,1,0,,Petitioner Absence / Non-Compliance,7
2026-11-12,3,10:00,ST/956/2021,ADV-0057,JUDGEMENT,1,old-case guarantee,29.8,1,1,,,21
2026-11-12,4,11:00,ST/1011/2021,ADV-0721,JUDGEMENT,1,old-case guarantee,29.8,1,1,DISPOSED,,
2026-11-12,5,11:00,ST/1562/2025,ADV-0721,PLEA,0,ranked (advocate already listed),14.3,1,1,EXAMINATION_UNDER_S351_BNSS,,14
2026-11-12,6,11:00,ST/1295/2021,ADV-0663,JUDGEMENT,1,old-case guarantee,29.8,1,1,,,21
2026-11-12,7,12:00,ST/157/2026,ADV-0234,COGNIZANCE,0,due,9.8,1,1,APPEARANCE,,21
2026-11-12,8,12:00,ST/492/2026,ADV-1154,COGNIZANCE,0,due,9.8,1,1,APPEARANCE,,21
2026-11-12,9,12:00,ST/2077/2021,ADV-0078,JUDGEMENT,1,due,29.9,1,1,DISPOSED,,
2026-11-12,10,12:00,ST/2771/2025,ADV-0078,DELAY_CONDONATION_HEARING,0,ranked (advocate already listed),2.9,1,0,,Unclear,7
2026-11-12,11,13:00,ST/2096/2021,ADV-0747,JUDGEMENT,1,due,29.9,1,1,,,21
2026-11-12,12,13:00,ST/2931/2025,ADV-0747,DELAY_CONDONATION_HEARING,0,ranked (advocate already listed),2.9,1,0,,Party Sought Time / Adjournment,14
2026-11-12,13,13:00,ST/2178/2021,ADV-0692,JUDGEMENT,1,due,29.9,1,1,,,21
2026-11-12,14,14:00,ST/2342/2021,ADV-1035,JUDGEMENT,1,due,29.9,1,1,,,21
2026-11-12,15,14:00,ST/378/2025,ADV-0846,APPEARANCE,0,due,6.4,1,0,,Both Parties Unready / Absent,7
2026-11-12,16,14:00,ST/133/2024,ADV-0181,PLEA,0,ranked,13.5,1,1,,,14
2026-11-12,17,15:00,ST/205/2024,ADV-0773,PLEA,0,ranked,13.5,1,1,,,14
2026-11-12,18,15:00,ST/233/2024,ADV-0377,PLEA,0,ranked,13.5,1,1,,,14
2026-11-12,19,15:00,ST/375/2024,ADV-0953,PLEA,0,ranked,13.5,1,1,,,14
2026-11-12,20,15:00,ST/602/2024,ADV-0079,PLEA,0,ranked,13.5,1,1,,,14
2026-11-12,21,15:00,ST/922/2024,ADV-0798,PLEA,0,ranked,13.5,1,0,,Respondent Absence / Non-Compliance,7
2026-11-12,22,15:00,ST/1477/2026,ADV-0798,DELAY_CONDONATION_HEARING,0,ranked (advocate already listed),3.1,1,0,,Party Sought Time / Adjournment,7
2026-11-12,23,16:00,ST/1018/2024,ADV-0437,PLEA,0,ranked,13.5,1,1,EXAMINATION_UNDER_S351_BNSS,,14
2026-11-12,24,16:00,ST/1100/2024,ADV-1112,PLEA,0,ranked,13.5,1,1,,,14
2026-11-12,25,16:00,ST/1181/2025,ADV-0439,DELAY_CONDONATION_HEARING,0,ranked,2.5,1,1,COGNIZANCE,,14
2026-11-12,26,16:00,ST/1359/2025,ADV-1046,DELAY_CONDONATION_HEARING,0,ranked,2.5,1,0,,Unclear,7
2026-11-12,27,16:00,ST/1504/2025,ADV-0063,DELAY_CONDONATION_HEARING,0,ranked,2.5,1,0,,Both Parties Unready / Absent,14
2026-11-13,1,10:00,ST/1460/2021,ADV-0688,JUDGEMENT,1,old-case guarantee,29.8,1,1,,,21
2026-11-13,2,10:00,ST/1479/2021,ADV-1120,JUDGEMENT,1,old-case guarantee,29.8,1,1,,,21
2026-11-13,3,10:00,ST/1495/2021,ADV-0013,JUDGEMENT,1,old-case guarantee,29.8,1,1,,,21
2026-11-13,4,10:00,ST/1910/2026,ADV-0013,DELAY_CONDONATION_HEARING,0,ranked (advocate already listed),3.6,1,1,COGNIZANCE,,14
2026-11-13,5,11:00,ST/2136/2021,ADV-0261,JUDGEMENT,1,old-case guarantee,29.8,1,1,DISPOSED,,
2026-11-13,6,12:00,ST/645/2026,ADV-0103,COGNIZANCE,0,due,9.8,1,1,APPEARANCE,,21
2026-11-13,7,12:00,ST/359/2025,ADV-0103,PLEA,0,ranked (advocate already listed),13.8,1,1,,,14
2026-11-13,8,12:00,ST/1822/2025,ADV-0103,PLEA,0,ranked (advocate already listed),13.8,1,0,,Respondent Absence / Non-Compliance,7
2026-11-13,9,12:00,ST/1292/2026,ADV-0029,COGNIZANCE,0,due,9.8,1,1,APPEARANCE,,21
2026-11-13,10,12:00,ST/2451/2021,ADV-0190,JUDGEMENT,1,due,29.9,1,1,,,21
2026-11-13,11,12:00,ST/1761/2026,ADV-0190,DELAY_CONDONATION_HEARING,0,ranked (advocate already listed),3.1,1,0,,Unclear,7
2026-11-13,12,13:00,ST/2559/2021,ADV-0403,JUDGEMENT,1,due,29.9,1,1,,,21
2026-11-13,13,13:00,ST/18/2023,ADV-0403,JUDGEMENT,0,due,29.9,1,1,,,21
2026-11-13,14,14:00,ST/2601/2021,ADV-0250,JUDGEMENT,1,due,29.9,1,1,DISPOSED,,
2026-11-13,15,14:00,ST/2641/2022,ADV-0235,EVIDENCE_COMPLAINANT,1,due,7.1,1,0,,Respondent Absence / Non-Compliance,14
2026-11-13,16,14:00,ST/1124/2024,ADV-0593,PLEA,0,ranked,13.5,1,1,EXAMINATION_UNDER_S351_BNSS,,14
2026-11-13,17,15:00,ST/1186/2024,ADV-0067,PLEA,0,ranked,13.5,1,0,,Evidence / Filing Not Ready,7
2026-11-13,18,15:00,ST/1378/2024,ADV-0219,PLEA,0,ranked,13.5,1,1,,,14
2026-11-13,19,15:00,ST/1523/2024,ADV-0367,PLEA,0,ranked,13.5,1,1,,,14
2026-11-13,20,15:00,ST/1649/2024,ADV-0334,PLEA,0,ranked,13.5,1,1,EXAMINATION_UNDER_S351_BNSS,,14
2026-11-13,21,16:00,ST/1664/2024,ADV-0547,PLEA,0,ranked,13.5,1,1,EXAMINATION_UNDER_S351_BNSS,,14
2026-11-13,22,16:00,ST/1885/2024,ADV-0353,PLEA,0,ranked,13.5,1,1,EXAMINATION_UNDER_S351_BNSS,,14
2026-11-13,23,16:00,ST/1538/2025,ADV-1044,DELAY_CONDONATION_HEARING,0,ranked,2.5,1,0,,Party Sought Time / Adjournment,14
2026-11-13,24,16:00,ST/2596/2025,ADV-1044,DELAY_CONDONATION_HEARING,0,ranked (advocate already listed),2.5,1,0,,Party Sought Time / Adjournment,14
2026-11-13,25,16:00,ST/1672/2025,ADV-1107,DELAY_CONDONATION_HEARING,0,ranked,2.5,1,0,,Unclear,7
2026-11-13,26,16:00,ST/1707/2025,ADV-0765,DELAY_CONDONATION_HEARING,0,ranked,2.5,1,0,,Party Sought Time / Adjournment,14
2026-11-16,1,10:00,ST/2185/2021,ADV-0218,JUDGEMENT,1,old-case guarantee,29.8,1,1,,,21
2026-11-16,2,10:00,ST/2145/2022,ADV-0218,JUDGEMENT,1,ranked (advocate already listed),29.8,1,1,DISPOSED,,
2026-11-16,3,10:00,ST/2256/2021,ADV-0227,JUDGEMENT,1,old-case guarantee,29.8,1,1,DISPOSED,,
2026-11-16,4,11:00,ST/2676/2021,ADV-1245,JUDGEMENT,1,old-case guarantee,29.8,1,1,,,21
2026-11-16,5,11:00,ST/2923/2021,ADV-0673,JUDGEMENT,1,old-case guarantee,29.8,1,1,,,21
2026-11-16,6,11:00,ST/2330/2025,ADV-0673,APPEARANCE,0,ranked (advocate already listed),7.1,1,1,PLEA,,14
2026-11-16,7,12:00,ST/1331/2021,ADV-0596,JUDGEMENT,1,due,29.9,1,1,,,21
2026-11-16,8,12:00,ST/2438/2022,ADV-0596,JUDGEMENT,1,ranked (advocate already listed),29.8,1,1,,,21
2026-11-16,9,13:00,ST/1695/2026,ADV-0933,COGNIZANCE,0,due,9.8,1,1,APPEARANCE,,21
2026-11-16,10,13:00,ST/1787/2026,ADV-0671,COGNIZANCE,0,due,9.8,1,1,APPEARANCE,,21
2026-11-16,11,13:00,ST/2614/2021,ADV-0515,JUDGEMENT,1,due,29.9,1,1,,,21
2026-11-16,12,14:00,ST/2714/2021,ADV-1056,JUDGEMENT,1,due,29.9,1,1,DISPOSED,,
2026-11-16,13,14:00,ST/2743/2021,ADV-0430,JUDGEMENT,1,due,29.9,1,1,,,21
2026-11-16,14,14:00,ST/2526/2026,ADV-0430,DELAY_CONDONATION_HEARING,0,ranked (advocate already listed),3.6,1,0,,Unclear,7
2026-11-16,15,15:00,ST/2751/2021,ADV-1229,JUDGEMENT,1,due,29.9,1,1,,,21
2026-11-16,16,15:00,ST/610/2025,ADV-0524,APPEARANCE,0,due,6.4,1,1,PLEA,,14
2026-11-16,17,16:00,ST/2213/2024,ADV-0239,PLEA,0,ranked,13.5,1,1,EXAMINATION_UNDER_S351_BNSS,,14
2026-11-16,18,16:00,ST/2555/2024,ADV-1231,PLEA,0,ranked,13.5,1,1,EXAMINATION_UNDER_S351_BNSS,,14
2026-11-16,19,16:00,ST/2800/2024,ADV-0995,PLEA,0,ranked,13.5,1,1,EXAMINATION_UNDER_S351_BNSS,,14
2026-11-16,20,16:00,ST/1745/2025,ADV-0058,DELAY_CONDONATION_HEARING,0,ranked,2.5,1,0,,Unclear,7
2026-11-17,1,10:00,ST/148/2022,ADV-0568,JUDGEMENT,1,old-case guarantee,29.8,1,1,,,21
2026-11-17,2,10:00,ST/727/2025,ADV-0568,APPEARANCE,0,ranked (advocate already listed),7.1,1,1,PLEA,,14
2026-11-17,3,10:00,ST/192/2022,ADV-0489,JUDGEMENT,1,old-case guarantee,29.8,1,1,,,21
2026-11-17,4,11:00,ST/477/2022,ADV-0213,JUDGEMENT,1,old-case guarantee,29.8,1,1,,,21
2026-11-17,5,11:00,ST/2492/2025,ADV-0213,PLEA,0,ranked (advocate already listed),14.3,1,1,,,14
2026-11-17,6,11:00,ST/795/2022,ADV-0160,JUDGEMENT,1,old-case guarantee,29.8,1,1,,,21
2026-11-17,7,12:00,ST/2162/2026,ADV-1060,COGNIZANCE,0,due,9.8,1,1,APPEARANCE,,21
2026-11-17,8,12:00,ST/2195/2026,ADV-0878,COGNIZANCE,0,due,9.8,1,1,APPEARANCE,,21
2026-11-17,9,12:00,ST/642/2025,ADV-0721,APPEARANCE,0,due,6.4,1,1,PLEA,,14
2026-11-17,10,12:00,ST/96/2022,ADV-1208,JUDGEMENT,1,due,29.8,1,1,,,21
2026-11-17,11,13:00,ST/1790/2023,ADV-0531,JUDGEMENT,0,due,29.9,1,1,DISPOSED,,
2026-11-17,12,13:00,ST/2410/2023,ADV-0665,JUDGEMENT,0,due,29.9,1,1,,,21
2026-11-17,13,14:00,ST/2422/2023,ADV-0122,JUDGEMENT,0,due,29.9,1,1,DISPOSED,,
2026-11-17,14,14:00,ST/687/2025,ADV-0122,PLEA,0,ranked (advocate already listed),13.8,1,1,EXAMINATION_UNDER_S351_BNSS,,14
2026-11-17,15,15:00,ST/799/2022,ADV-0362,JUDGEMENT,1,old case waited too long,29.8,1,1,,,21
2026-11-17,16,15:00,ST/822/2022,ADV-0146,JUDGEMENT,1,old case waited too long,29.8,1,1,DISPOSED,,
2026-11-17,17,15:00,ST/1297/2022,ADV-1054,JUDGEMENT,1,old case waited too long,29.8,1,1,DISPOSED,,
2026-11-17,18,16:00,ST/184/2025,ADV-0964,PLEA,0,ranked,13.8,1,1,EXAMINATION_UNDER_S351_BNSS,,14
2026-11-17,19,16:00,ST/1839/2025,ADV-0382,DELAY_CONDONATION_HEARING,0,ranked,2.5,1,0,,Party Sought Time / Adjournment,14
2026-11-17,20,16:00,ST/2005/2025,ADV-0485,DELAY_CONDONATION_HEARING,0,ranked,2.5,1,0,,Party Sought Time / Adjournment,14
2026-11-18,1,10:00,ST/1346/2022,ADV-0060,JUDGEMENT,1,old-case guarantee,29.8,1,1,DISPOSED,,
2026-11-18,2,10:00,ST/1381/2022,ADV-0090,JUDGEMENT,1,old-case guarantee,29.8,1,1,,,21
2026-11-18,3,10:00,ST/1430/2022,ADV-1254,JUDGEMENT,1,old-case guarantee,29.8,1,1,,,21
2026-11-18,4,11:00,ST/1679/2022,ADV-0082,JUDGEMENT,1,old-case guarantee,29.8,1,1,,,21
2026-11-18,5,11:00,ST/2274/2026,ADV-1090,COGNIZANCE,0,due,9.8,1,1,APPEARANCE,,21
2026-11-18,6,12:00,ST/2318/2026,ADV-0511,COGNIZANCE,0,due,9.8,1,1,APPEARANCE,,21
2026-11-18,7,12:00,ST/912/2025,ADV-0448,APPEARANCE,0,due,6.4,1,0,,Respondent Absence / Non-Compliance,7
2026-11-18,8,12:00,ST/127/2022,ADV-1214,JUDGEMENT,1,due,29.8,1,1,,,21
2026-11-18,9,12:00,ST/142/2022,ADV-1165,JUDGEMENT,1,due,29.8,1,1,,,21
2026-11-18,10,13:00,ST/154/2022,ADV-0352,JUDGEMENT,1,due,29.8,1,1,,,21
2026-11-18,11,13:00,ST/2242/2025,ADV-0352,DELAY_CONDONATION_HEARING,0,ranked (advocate already listed),2.9,1,1,COGNIZANCE,,14
2026-11-18,12,13:00,ST/582/2021,ADV-0352,JUDGEMENT,1,ranked (advocate already listed),29.8,1,1,,,21
2026-11-18,13,14:00,ST/239/2022,ADV-0416,JUDGEMENT,1,due,29.8,1,1,DISPOSED,,
2026-11-18,14,14:00,ST/2626/2017,ADV-0946,JUDGEMENT,1,ranked,29.7,1,1,DISPOSED,,
2026-11-18,15,15:00,ST/246/2025,ADV-0666,PLEA,0,ranked,13.8,1,1,EXAMINATION_UNDER_S351_BNSS,,14
2026-11-18,16,15:00,ST/401/2025,ADV-0132,PLEA,0,ranked,13.8,1,1,EXAMINATION_UNDER_S351_BNSS,,14
2026-11-18,17,15:00,ST/484/2025,ADV-1029,PLEA,0,ranked,13.8,1,1,EXAMINATION_UNDER_S351_BNSS,,14
2026-11-18,18,15:00,ST/1221/2025,ADV-1029,APPEARANCE,0,ranked (advocate already listed),7.1,1,1,PLEA,,14
2026-11-18,19,16:00,ST/515/2025,ADV-1020,PLEA,0,ranked,13.8,1,1,EXAMINATION_UNDER_S351_BNSS,,14
2026-11-18,20,16:00,ST/1020/2025,ADV-0331,PLEA,0,ranked,13.8,1,1,,,14
2026-11-18,21,16:00,ST/160/2025,ADV-0331,DELAY_CONDONATION_HEARING,0,ranked (advocate already listed),2.9,1,1,COGNIZANCE,,14
2026-11-18,22,16:00,ST/2471/2025,ADV-0584,DELAY_CONDONATION_HEARING,0,ranked,2.5,1,0,,Unclear,7
2026-11-19,1,10:00,ST/2269/2022,ADV-0952,JUDGEMENT,1,old-case guarantee,29.8,1,1,,,21
2026-11-19,2,10:00,ST/2647/2022,ADV-0315,JUDGEMENT,1,old-case guarantee,29.8,1,1,,,21
2026-11-19,3,10:00,ST/2824/2022,ADV-0843,JUDGEMENT,1,old-case guarantee,29.8,1,1,DISPOSED,,
2026-11-19,4,11:00,ST/2895/2022,ADV-0188,JUDGEMENT,1,old-case guarantee,29.8,1,1,,,21
2026-11-19,5,11:00,ST/2513/2026,ADV-0188,DELAY_CONDONATION_HEARING,0,ranked (advocate already listed),3.1,1,0,,Unclear,7
2026-11-19,6,12:00,ST/2415/2026,ADV-0278,COGNIZANCE,0,due,9.8,1,1,APPEARANCE,,21
2026-11-19,7,12:00,ST/1242/2026,ADV-0278,COGNIZANCE,0,due,9.8,1,1,APPEARANCE,,21
2026-11-19,8,12:00,ST/994/2025,ADV-1222,APPEARANCE,0,due,6.4,1,1,PLEA,,14
2026-11-19,9,12:00,ST/276/2022,ADV-0517,JUDGEMENT,1,due,29.8,1,1,,,21
2026-11-19,10,12:00,ST/2121/2026,ADV-0517,DELAY_CONDONATION_HEARING,0,ranked (advocate already listed),3.6,1,1,COGNIZANCE,,14
2026-11-19,11,13:00,ST/361/2022,ADV-1185,JUDGEMENT,1,due,29.8,1,1,,,21
2026-11-19,12,13:00,ST/661/2022,ADV-0407,JUDGEMENT,1,due,29.8,1,1,,,21
2026-11-19,13,14:00,ST/699/2022,ADV-0931,JUDGEMENT,1,due,29.8,1,1,,,21
2026-11-19,14,14:00,ST/2202/2026,ADV-0931,DELAY_CONDONATION_HEARING,0,ranked (advocate already listed),2.5,1,0,,Unclear,7
2026-11-19,15,14:00,ST/1127/2025,ADV-0485,PLEA,0,ranked,13.8,1,1,EXAMINATION_UNDER_S351_BNSS,,14
2026-11-19,16,14:00,ST/1205/2025,ADV-0616,PLEA,0,ranked,13.8,1,1,EXAMINATION_UNDER_S351_BNSS,,14
2026-11-19,17,15:00,ST/1342/2025,ADV-0812,PLEA,0,ranked,13.8,1,1,EXAMINATION_UNDER_S351_BNSS,,14
2026-11-19,18,15:00,ST/1775/2025,ADV-0842,PLEA,0,ranked,13.8,1,1,EXAMINATION_UNDER_S351_BNSS,,14
2026-11-19,19,15:00,ST/1909/2025,ADV-0845,PLEA,0,ranked,13.8,1,0,,Evidence / Filing Not Ready,7
2026-11-19,20,15:00,ST/1913/2025,ADV-0287,PLEA,0,ranked,13.8,1,1,EXAMINATION_UNDER_S351_BNSS,,14
2026-11-19,21,15:00,ST/2033/2025,ADV-1118,PLEA,0,ranked,13.8,1,0,,Unclear,7
2026-11-19,22,16:00,ST/2139/2025,ADV-0500,PLEA,0,ranked,13.8,1,1,EXAMINATION_UNDER_S351_BNSS,,14
2026-11-19,23,16:00,ST/2217/2025,ADV-0173,PLEA,0,ranked,13.8,1,1,EXAMINATION_UNDER_S351_BNSS,,14
2026-11-19,24,16:00,ST/2790/2025,ADV-0947,DELAY_CONDONATION_HEARING,0,ranked,2.5,1,0,,Unclear,7
2026-11-19,25,16:00,ST/53/2025,ADV-0830,DELAY_CONDONATION_HEARING,0,ranked,2.9,1,0,,Petitioner Absence / Non-Compliance,14
2026-11-19,26,16:00,ST/743/2025,ADV-0306,DELAY_CONDONATION_HEARING,0,ranked,2.9,1,0,,Both Parties Unready / Absent,14
2026-11-20,1,10:00,ST/2975/2022,ADV-0325,JUDGEMENT,1,old-case guarantee,29.8,1,1,,,21
2026-11-20,2,10:00,ST/39/2022,ADV-0755,JUDGEMENT,1,old-case guarantee,29.8,1,1,DISPOSED,,
2026-11-20,3,10:00,ST/326/2022,ADV-0066,JUDGEMENT,1,old-case guarantee,29.8,1,1,,,21
2026-11-20,4,11:00,ST/478/2022,ADV-0445,JUDGEMENT,1,old-case guarantee,29.8,1,1,,,21
2026-11-20,5,11:00,ST/2428/2026,ADV-0301,COGNIZANCE,0,due,9.8,1,1,APPEARANCE,,21
2026-11-20,6,12:00,ST/2455/2026,ADV-0007,COGNIZANCE,0,due,9.8,1,1,,,14
2026-11-20,7,12:00,ST/1098/2025,ADV-0351,APPEARANCE,0,due,6.4,1,0,,Both Parties Unready / Absent,7
2026-11-20,8,12:00,ST/1681/2026,ADV-0351,DELAY_CONDONATION_HEARING,0,ranked (advocate already listed),3.1,1,1,COGNIZANCE,,14
2026-11-20,9,12:00,ST/860/2022,ADV-1226,JUDGEMENT,1,due,29.8,1,1,,,21
2026-11-20,10,12:00,ST/978/2022,ADV-0154,JUDGEMENT,1,due,29.8,1,1,,,21
2026-11-20,11,13:00,ST/1057/2022,ADV-0527,JUDGEMENT,1,due,29.8,1,1,,,21
2026-11-20,12,13:00,ST/1122/2022,ADV-0204,JUDGEMENT,1,due,29.8,1,1,,,21
2026-11-20,13,13:00,ST/1689/2026,ADV-0204,DELAY_CONDONATION_HEARING,0,ranked (advocate already listed),3.1,1,1,COGNIZANCE,,14
2026-11-20,14,14:00,ST/1307/2016,ADV-0576,JUDGEMENT,1,ranked,29.8,1,1,,,21
2026-11-20,15,15:00,ST/2336/2025,ADV-0795,PLEA,0,ranked,13.8,1,1,EXAMINATION_UNDER_S351_BNSS,,14
2026-11-20,16,15:00,ST/2499/2025,ADV-1172,PLEA,0,ranked,13.8,1,1,EXAMINATION_UNDER_S351_BNSS,,14
2026-11-20,17,15:00,ST/2507/2025,ADV-1242,PLEA,0,ranked,13.8,1,1,,,14
2026-11-20,18,15:00,ST/2520/2025,ADV-0255,PLEA,0,ranked,13.8,1,1,,,14
2026-11-20,19,15:00,ST/2697/2025,ADV-0001,PLEA,0,ranked,13.8,1,1,EXAMINATION_UNDER_S351_BNSS,,14
2026-11-20,20,16:00,ST/2730/2025,ADV-1028,PLEA,0,ranked,13.8,1,0,,Respondent Absence / Non-Compliance,7
2026-11-20,21,16:00,ST/2744/2025,ADV-0635,PLEA,0,ranked,13.8,1,1,EXAMINATION_UNDER_S351_BNSS,,14
2026-11-20,22,16:00,ST/776/2025,ADV-0627,DELAY_CONDONATION_HEARING,0,ranked,2.9,1,0,,Evidence / Filing Not Ready,7
2026-11-20,23,16:00,ST/874/2025,ADV-0870,DELAY_CONDONATION_HEARING,0,ranked,2.9,1,0,,Petitioner Absence / Non-Compliance,14
2026-11-20,24,16:00,ST/1367/2025,ADV-0288,DELAY_CONDONATION_HEARING,0,ranked,2.9,1,0,,Petitioner Absence / Non-Compliance,14
2026-11-20,25,16:00,ST/140/2026,ADV-0496,DELAY_CONDONATION_HEARING,0,ranked,2.5,1,0,,Unclear,7
2026-11-23,1,10:00,ST/605/2022,ADV-0099,JUDGEMENT,1,old-case guarantee,29.8,1,1,,,21
2026-11-23,2,10:00,ST/894/2022,ADV-0077,JUDGEMENT,1,old-case guarantee,29.8,1,1,,,21
2026-11-23,3,10:00,ST/1060/2022,ADV-0943,JUDGEMENT,1,old-case guarantee,29.8,1,1,,,21
2026-11-23,4,11:00,ST/1663/2022,ADV-0615,JUDGEMENT,1,old-case guarantee,29.8,1,1,,,21
2026-11-23,5,11:00,ST/1437/2026,ADV-0615,DELAY_CONDONATION_HEARING,0,ranked (advocate already listed),3.1,1,1,COGNIZANCE,,14
2026-11-23,6,12:00,ST/684/2025,ADV-1060,APPEARANCE,0,due,5.1,1,0,,Petitioner Absence / Non-Compliance,7
2026-11-23,7,12:00,ST/2485/2026,ADV-1069,COGNIZANCE,0,due,9.8,1,1,APPEARANCE,,21
2026-11-23,8,12:00,ST/259/2025,ADV-0127,DELAY_CONDONATION_HEARING,0,due,2.5,1,0,,Both Parties Unready / Absent,14
2026-11-23,9,12:00,ST/2385/2022,ADV-0127,JUDGEMENT,1,ranked (advocate already listed),29.8,1,1,DISPOSED,,
2026-11-23,10,12:00,ST/952/2025,ADV-0683,DELAY_CONDONATION_HEARING,0,due,2.5,1,0,,Unclear,7
2026-11-23,11,12:00,ST/1120/2025,ADV-0427,APPEARANCE,0,due,6.4,1,0,,Party Sought Time / Adjournment,7
2026-11-23,12,12:00,ST/1135/2025,ADV-0717,APPEARANCE,0,due,6.4,1,1,PLEA,,14
2026-11-23,13,13:00,ST/1123/2022,ADV-0350,JUDGEMENT,1,due,29.8,1,1,,,21
2026-11-23,14,13:00,ST/2104/2026,ADV-0350,DELAY_CONDONATION_HEARING,0,ranked (advocate already listed),3.6,1,0,,Unclear,7
2026-11-23,15,13:00,ST/1185/2022,ADV-0478,JUDGEMENT,1,due,29.8,1,1,,,21
2026-11-23,16,13:00,ST/1204/2026,ADV-0478,DELAY_CONDONATION_HEARING,0,ranked (advocate already listed),3.1,1,1,COGNIZANCE,,14
2026-11-23,17,14:00,ST/1201/2022,ADV-1057,JUDGEMENT,1,due,29.8,1,1,,,21
2026-11-23,18,14:00,ST/1230/2022,ADV-0097,JUDGEMENT,1,due,29.8,1,1,,,21
2026-11-23,19,15:00,ST/1447/2016,ADV-0563,JUDGEMENT,1,ranked,29.8,1,1,DISPOSED,,
2026-11-23,20,15:00,ST/2787/2025,ADV-0602,PLEA,0,ranked,13.8,1,1,EXAMINATION_UNDER_S351_BNSS,,14
2026-11-23,21,15:00,ST/2797/2025,ADV-0119,PLEA,0,ranked,13.8,1,1,EXAMINATION_UNDER_S351_BNSS,,14
2026-11-23,22,15:00,ST/829/2026,ADV-0119,DELAY_CONDONATION_HEARING,0,ranked (advocate already listed),3.1,1,1,COGNIZANCE,,14
2026-11-23,23,16:00,ST/2810/2025,ADV-0612,PLEA,0,ranked,13.8,1,1,EXAMINATION_UNDER_S351_BNSS,,14
2026-11-23,24,16:00,ST/1097/2026,ADV-0612,DELAY_CONDONATION_HEARING,0,ranked (advocate already listed),3.1,1,0,,Party Sought Time / Adjournment,7
2026-11-23,25,16:00,ST/2874/2025,ADV-0389,PLEA,0,ranked,13.8,1,1,EXAMINATION_UNDER_S351_BNSS,,14
2026-11-23,26,16:00,ST/1464/2025,ADV-0453,DELAY_CONDONATION_HEARING,0,ranked,2.9,1,0,,Party Sought Time / Adjournment,14
2026-11-23,27,16:00,ST/1514/2025,ADV-0179,DELAY_CONDONATION_HEARING,0,ranked,2.9,1,0,,Party Sought Time / Adjournment,14
2026-11-24,1,10:00,ST/1846/2022,ADV-0862,JUDGEMENT,1,old-case guarantee,29.8,1,1,DISPOSED,,
2026-11-24,2,10:00,ST/2200/2022,ADV-1047,JUDGEMENT,1,old-case guarantee,29.8,1,1,,,21
2026-11-24,3,10:00,ST/2249/2022,ADV-0493,JUDGEMENT,1,old-case guarantee,29.8,1,1,,,21
2026-11-24,4,10:00,ST/1718/2022,ADV-0493,JUDGEMENT,1,due,29.8,1,1,DISPOSED,,
2026-11-24,5,10:00,ST/2182/2023,ADV-0493,JUDGEMENT,0,ranked (advocate already listed),29.8,1,1,,,21
2026-11-24,6,12:00,ST/2347/2022,ADV-0639,JUDGEMENT,1,old-case guarantee,29.8,1,1,,,21
2026-11-24,7,12:00,ST/327/2026,ADV-0639,DELAY_CONDONATION_HEARING,0,ranked (advocate already listed),3.6,1,1,COGNIZANCE,,14
2026-11-24,8,13:00,ST/1243/2025,ADV-1034,APPEARANCE,0,due,6.4,1,1,PLEA,,14
2026-11-24,9,13:00,ST/1303/2025,ADV-0441,APPEARANCE,0,due,6.4,1,1,PLEA,,14
2026-11-24,10,13:00,ST/1418/2025,ADV-0042,APPEARANCE,0,due,6.4,1,1,PLEA,,14
2026-11-24,11,13:00,ST/1468/2025,ADV-0515,APPEARANCE,0,due,6.4,1,0,,Party Sought Time / Adjournment,7
2026-11-24,12,13:00,ST/1577/2022,ADV-0803,JUDGEMENT,1,due,29.8,1,1,DISPOSED,,
2026-11-24,13,13:00,ST/1604/2022,ADV-1027,JUDGEMENT,1,due,29.8,1,1,DISPOSED,,
2026-11-24,14,14:00,ST/1715/2022,ADV-0737,JUDGEMENT,1,due,29.8,1,1,,,21
2026-11-24,15,14:00,ST/2937/2025,ADV-0172,PLEA,0,ranked,13.8,1,1,,,14
2026-11-24,16,14:00,ST/817/2026,ADV-0172,DELAY_CONDONATION_HEARING,0,ranked (advocate already listed),3.6,1,0,,Party Sought Time / Adjournment,7
2026-11-24,17,15:00,ST/1624/2025,ADV-0779,DELAY_CONDONATION_HEARING,0,ranked,2.9,1,0,,Both Parties Unready / Absent,14
2026-11-24,18,15:00,ST/1847/2025,ADV-1001,DELAY_CONDONATION_HEARING,0,ranked,2.9,1,1,COGNIZANCE,,14
2026-11-24,19,15:00,ST/2037/2025,ADV-1074,DELAY_CONDONATION_HEARING,0,ranked,2.9,1,0,,Party Sought Time / Adjournment,14
2026-11-24,20,15:00,ST/2039/2025,ADV-0356,DELAY_CONDONATION_HEARING,0,ranked,2.9,1,0,,Party Sought Time / Adjournment,14
2026-11-24,21,15:00,ST/2519/2025,ADV-1009,DELAY_CONDONATION_HEARING,0,ranked,2.9,1,0,,Evidence / Filing Not Ready,7
2026-11-24,22,15:00,ST/2634/2025,ADV-0171,DELAY_CONDONATION_HEARING,0,ranked,2.9,1,0,,Both Parties Unready / Absent,14
2026-11-24,23,15:00,ST/1192/2022,ADV-0171,JUDGEMENT,1,ranked (advocate already listed),29.8,1,1,,,21
2026-11-24,24,15:00,ST/1606/2023,ADV-0171,JUDGEMENT,0,ranked (advocate already listed),29.8,1,1,,,21
2026-11-24,25,16:00,ST/80/2025,ADV-1128,PLEA,0,ranked,14.3,1,1,,,14
2026-11-24,26,16:00,ST/303/2026,ADV-0556,DELAY_CONDONATION_HEARING,0,ranked,2.5,1,0,,Unclear,7
2026-11-25,1,10:00,ST/2398/2022,ADV-0426,JUDGEMENT,1,old-case guarantee,29.8,1,1,,,21
2026-11-25,2,10:00,ST/2474/2022,ADV-0539,JUDGEMENT,1,old-case guarantee,29.8,1,1,DISPOSED,,
2026-11-25,3,10:00,ST/2625/2022,ADV-0733,JUDGEMENT,1,old-case guarantee,29.8,1,1,,,21
2026-11-25,4,11:00,ST/2765/2022,ADV-1194,JUDGEMENT,1,old-case guarantee,29.8,1,1,DISPOSED,,
2026-11-25,5,11:00,ST/1484/2025,ADV-0751,APPEARANCE,0,due,6.4,1,0,,Respondent Absence / Non-Compliance,7
2026-11-25,6,12:00,ST/1653/2025,ADV-0991,APPEARANCE,0,due,6.4,1,1,,,21
2026-11-25,7,12:00,ST/2107/2026,ADV-0991,DELAY_CONDONATION_HEARING,0,ranked (advocate already listed),3.1,1,0,,Both Parties Unready / Absent,7
2026-11-25,8,12:00,ST/1676/2025,ADV-0399,APPEARANCE,0,due,6.4,1,1,PLEA,,14
2026-11-25,9,12:00,ST/1739/2025,ADV-1139,APPEARANCE,0,due,6.4,1,1,PLEA,,14
2026-11-25,10,12:00,ST/1377/2021,ADV-1139,JUDGEMENT,1,ranked (advocate already listed),29.9,1,1,DISPOSED,,
2026-11-25,11,12:00,ST/1724/2022,ADV-1083,JUDGEMENT,1,due,29.8,1,1,,,21
2026-11-25,12,13:00,ST/1941/2022,ADV-0825,JUDGEMENT,1,due,29.8,1,1,,,21
2026-11-25,13,13:00,ST/1942/2022,ADV-1171,JUDGEMENT,1,due,29.8,1,1,DISPOSED,,
2026-11-25,14,14:00,ST/178/2022,ADV-0184,JUDGEMENT,1,old case waited too long,29.9,1,1,,,21
2026-11-25,15,14:00,ST/459/2025,ADV-0536,PLEA,0,ranked,14.3,1,1,EXAMINATION_UNDER_S351_BNSS,,14
2026-11-25,16,14:00,ST/103/2023,ADV-0536,JUDGEMENT,0,ranked (advocate already listed),29.8,1,1,,,21
2026-11-25,17,15:00,ST/599/2025,ADV-0899,PLEA,0,ranked,14.3,1,1,EXAMINATION_UNDER_S351_BNSS,,14
2026-11-25,18,15:00,ST/620/2025,ADV-0922,PLEA,0,ranked,14.3,1,1,EXAMINATION_UNDER_S351_BNSS,,14
2026-11-25,19,16:00,ST/705/2025,ADV-0906,PLEA,0,ranked,14.3,1,0,,Unclear,7
2026-11-25,20,16:00,ST/756/2025,ADV-0168,PLEA,0,ranked,14.3,1,1,EXAMINATION_UNDER_S351_BNSS,,14
2026-11-25,21,16:00,ST/183/2026,ADV-0850,DELAY_CONDONATION_HEARING,0,ranked,3.1,1,1,COGNIZANCE,,14
2026-11-25,22,16:00,ST/677/2026,ADV-1173,DELAY_CONDONATION_HEARING,0,ranked,3.1,1,1,COGNIZANCE,,14
2026-11-25,23,16:00,ST/965/2026,ADV-0894,DELAY_CONDONATION_HEARING,0,ranked,3.1,1,0,,Party Sought Time / Adjournment,7
2026-11-26,1,10:00,ST/187/2022,ADV-0016,JUDGEMENT,1,old-case guarantee,29.9,1,1,DISPOSED,,
2026-11-26,2,10:00,ST/301/2022,ADV-0491,JUDGEMENT,1,old-case guarantee,29.9,1,1,,,21
2026-11-26,3,10:00,ST/461/2022,ADV-1100,JUDGEMENT,1,old-case guarantee,29.9,1,1,DISPOSED,,
2026-11-26,4,10:00,ST/1726/2026,ADV-1100,DELAY_CONDONATION_HEARING,0,ranked (advocate already listed),3.6,1,1,COGNIZANCE,,14
2026-11-26,5,11:00,ST/509/2022,ADV-0966,JUDGEMENT,1,old-case guarantee,29.9,1,1,,,21
2026-11-26,6,11:00,ST/2863/2026,ADV-0966,DELAY_CONDONATION_HEARING,0,ranked (advocate already listed),3.1,1,1,COGNIZANCE,,14
2026-11-26,7,12:00,ST/1832/2025,ADV-0903,APPLICATION_REVIEW,0,due,8.6,1,1,APPEARANCE,,21
2026-11-26,8,12:00,ST/1894/2025,ADV-0310,APPEARANCE,0,due,6.4,1,0,,Unclear,7
2026-11-26,9,12:00,ST/1928/2025,ADV-0774,APPEARANCE,0,due,6.4,1,1,PLEA,,14
2026-11-26,10,12:00,ST/2071/2022,ADV-0027,JUDGEMENT,1,due,29.8,1,1,,,21
2026-11-26,11,12:00,ST/2516/2023,ADV-0027,JUDGEMENT,0,due,29.8,1,1,,,21
2026-11-26,12,13:00,ST/2271/2022,ADV-0464,JUDGEMENT,1,due,29.8,1,1,,,21
2026-11-26,13,13:00,ST/2635/2022,ADV-0161,JUDGEMENT,1,due,29.8,1,1,,,21
2026-11-26,14,14:00,ST/611/2022,ADV-1218,JUDGEMENT,1,old case waited too long,29.9,1,1,DISPOSED,,
2026-11-26,15,14:00,ST/311/2022,ADV-1218,JUDGEMENT,1,ranked (advocate already listed),29.8,1,1,,,21
2026-11-26,16,15:00,ST/840/2025,ADV-1250,PLEA,0,ranked,14.3,1,1,EXAMINATION_UNDER_S351_BNSS,,14
2026-11-26,17,15:00,ST/863/2025,ADV-0838,PLEA,0,ranked,14.3,1,1,EXAMINATION_UNDER_S351_BNSS,,14
2026-11-26,18,15:00,ST/968/2025,ADV-0685,PLEA,0,ranked,14.3,1,1,EXAMINATION_UNDER_S351_BNSS,,14
2026-11-26,19,16:00,ST/1148/2025,ADV-1121,PLEA,0,ranked,14.3,1,1,EXAMINATION_UNDER_S351_BNSS,,14
2026-11-26,20,16:00,ST/1159/2025,ADV-1045,PLEA,0,ranked,14.3,1,1,EXAMINATION_UNDER_S351_BNSS,,14
2026-11-26,21,16:00,ST/1162/2026,ADV-0805,DELAY_CONDONATION_HEARING,0,ranked,3.1,1,0,,Evidence / Filing Not Ready,7
2026-11-26,22,16:00,ST/1164/2026,ADV-0637,DELAY_CONDONATION_HEARING,0,ranked,3.1,1,1,COGNIZANCE,,14
2026-11-26,23,16:00,ST/1216/2026,ADV-0552,DELAY_CONDONATION_HEARING,0,ranked,3.1,1,0,,Party Sought Time / Adjournment,7
2026-11-27,1,10:00,ST/751/2022,ADV-0497,JUDGEMENT,1,old-case guarantee,29.9,1,1,,,21
2026-11-27,2,10:00,ST/936/2022,ADV-0443,JUDGEMENT,1,old-case guarantee,29.9,1,1,,,21
2026-11-27,3,10:00,ST/1187/2022,ADV-0870,JUDGEMENT,1,old-case guarantee,29.9,1,1,DISPOSED,,
2026-11-27,4,11:00,ST/1214/2022,ADV-0566,JUDGEMENT,1,old-case guarantee,29.9,1,1,,,21
2026-11-27,5,11:00,ST/2181/2023,ADV-0355,APPEARANCE,0,due,6.8,1,1,PLEA,,14
2026-11-27,6,12:00,ST/1990/2025,ADV-0036,APPEARANCE,0,due,6.4,1,0,,Unclear,7
2026-11-27,7,12:00,ST/2009/2025,ADV-0127,APPEARANCE,0,due,6.4,1,0,,Respondent Absence / Non-Compliance,7
2026-11-27,8,12:00,ST/2044/2025,ADV-1232,APPEARANCE,0,due,6.4,1,0,,External Dependency,7
2026-11-27,9,12:00,ST/2839/2025,ADV-1232,PLEA,0,ranked (advocate already listed),14.3,1,1,,,14
2026-11-27,10,12:00,ST/70/2023,ADV-0311,JUDGEMENT,0,due,29.9,1,1,,,21
2026-11-27,11,13:00,ST/309/2023,ADV-0561,JUDGEMENT,0,due,29.9,1,1,DISPOSED,,
2026-11-27,12,13:00,ST/384/2023,ADV-0195,JUDGEMENT,0,due,29.9,1,1,DISPOSED,,
2026-11-27,13,14:00,ST/386/2023,ADV-0217,JUDGEMENT,0,due,29.9,1,1,DISPOSED,,
2026-11-27,14,14:00,ST/1226/2022,ADV-1167,JUDGEMENT,1,old case waited too long,29.9,1,1,,,21
2026-11-27,15,15:00,ST/1282/2022,ADV-1247,JUDGEMENT,1,old case waited too long,29.9,1,1,DISPOSED,,
2026-11-27,16,15:00,ST/1551/2022,ADV-0039,JUDGEMENT,1,old case waited too long,29.9,1,1,DISPOSED,,
2026-11-27,17,16:00,ST/1558/2022,ADV-0853,JUDGEMENT,1,old case waited too long,29.9,1,1,,,21
2026-11-27,18,16:00,ST/1248/2026,ADV-1256,DELAY_CONDONATION_HEARING,0,ranked,3.1,1,1,COGNIZANCE,,14
2026-11-27,19,16:00,ST/1354/2026,ADV-1192,DELAY_CONDONATION_HEARING,0,ranked,3.1,1,0,,Party Sought Time / Adjournment,7
2026-11-27,20,16:00,ST/1453/2026,ADV-0114,DELAY_CONDONATION_HEARING,0,ranked,3.1,1,0,,Both Parties Unready / Absent,7
2026-11-27,21,16:00,ST/305/2026,ADV-0314,DELAY_CONDONATION_HEARING,0,ranked,2.5,1,0,,Unclear,7
2026-11-30,1,10:00,ST/2056/2022,ADV-0061,JUDGEMENT,1,old-case guarantee,29.9,1,1,,,21
2026-11-30,2,10:00,ST/2118/2022,ADV-0590,JUDGEMENT,1,old-case guarantee,29.9,1,1,,,21
2026-11-30,3,10:00,ST/2762/2022,ADV-0562,JUDGEMENT,1,old-case guarantee,29.9,1,1,,,21
2026-11-30,4,11:00,ST/2827/2022,ADV-0366,JUDGEMENT,1,old-case guarantee,29.9,1,1,,,21
2026-11-30,5,11:00,ST/2666/2022,ADV-0594,APPLICATION_REVIEW,1,due,7.7,1,1,JUDGEMENT,,21
2026-11-30,6,12:00,ST/2568/2023,ADV-0355,APPEARANCE,0,due,6.8,1,1,,,21
2026-11-30,7,12:00,ST/791/2026,ADV-0727,DELAY_CONDONATION_HEARING,0,due,2.5,1,0,,Unclear,7
2026-11-30,8,12:00,ST/389/2023,ADV-0147,JUDGEMENT,0,due,29.9,1,1,DISPOSED,,
2026-11-30,9,12:00,ST/479/2023,ADV-1209,JUDGEMENT,0,due,29.9,1,1,,,21
2026-11-30,10,13:00,ST/617/2023,ADV-0454,JUDGEMENT,0,due,29.9,1,1,,,21
2026-11-30,11,13:00,ST/842/2023,ADV-0028,JUDGEMENT,0,due,29.9,1,1,,,21
2026-11-30,12,14:00,ST/2853/2022,ADV-0652,JUDGEMENT,1,old case waited too long,29.9,1,1,,,21
2026-11-30,13,14:00,ST/123/2017,ADV-1140,REPORTS,1,old case waited too long,2.7,1,0,,Petitioner Absence / Non-Compliance,14
2026-11-30,14,14:00,ST/156/2017,ADV-0612,REPORTS,1,old case waited too long,2.7,1,0,,Both Parties Unready / Absent,14
2026-11-30,15,14:00,ST/344/2017,ADV-1144,REPORTS,1,old case waited too long,2.7,1,0,,External Dependency,7
2026-11-30,16,14:00,ST/897/2026,ADV-1144,DELAY_CONDONATION_HEARING,0,ranked (advocate already listed),3.1,1,0,,Petitioner Absence / Non-Compliance,7
2026-11-30,17,14:00,ST/363/2017,ADV-0223,REPORTS,1,old case waited too long,2.7,1,0,,Evidence / Filing Not Ready,7
2026-11-30,18,15:00,ST/506/2017,ADV-0478,REPORTS,1,old case waited too long,2.7,1,0,,External Dependency,7
2026-11-30,19,15:00,ST/618/2017,ADV-0006,REPORTS,1,old case waited too long,2.7,1,0,,External Dependency,7
2026-11-30,20,15:00,ST/639/2017,ADV-0681,REPORTS,1,old case waited too long,2.7,1,0,,External Dependency,7
2026-11-30,21,15:00,ST/655/2017,ADV-1074,REPORTS,1,old case waited too long,2.7,1,0,,External Dependency,7
2026-11-30,22,15:00,ST/700/2017,ADV-0263,REPORTS,1,old case waited too long,2.7,1,0,,External Dependency,7
2026-11-30,23,15:00,ST/812/2017,ADV-0279,REPORTS,1,old case waited too long,2.7,1,0,,External Dependency,7
2026-11-30,24,15:00,ST/963/2017,ADV-0180,REPORTS,1,old case waited too long,2.7,1,0,,External Dependency,7
2026-11-30,25,15:00,ST/1062/2017,ADV-0647,REPORTS,1,old case waited too long,2.7,1,0,,External Dependency,7
2026-11-30,26,15:00,ST/1099/2017,ADV-0324,REPORTS,1,old case waited too long,2.7,1,0,,External Dependency,7
2026-11-30,27,15:00,ST/1155/2017,ADV-0994,REPORTS,1,old case waited too long,2.7,1,0,,Unclear,7
2026-11-30,28,15:00,ST/1323/2017,ADV-0059,REPORTS,1,old case waited too long,2.7,1,0,,External Dependency,7
2026-11-30,29,15:00,ST/1826/2025,ADV-0059,APPEARANCE,0,ranked (advocate already listed),7.1,1,0,,Petitioner Absence / Non-Compliance,7
2026-11-30,30,15:00,ST/1361/2017,ADV-0149,REPORTS,1,old case waited too long,2.7,1,0,,External Dependency,7
2026-11-30,31,15:00,ST/1455/2017,ADV-1203,REPORTS,1,old case waited too long,2.7,1,0,,External Dependency,7
2026-11-30,32,15:00,ST/1507/2017,ADV-0482,REPORTS,1,old case waited too long,2.7,1,0,,Respondent Absence / Non-Compliance,14
2026-11-30,33,15:00,ST/634/2026,ADV-0482,DELAY_CONDONATION_HEARING,0,ranked (advocate already listed),3.1,1,1,COGNIZANCE,,14
2026-11-30,34,15:00,ST/2786/2025,ADV-0482,APPEARANCE,0,ranked (advocate already listed),7.1,1,1,PLEA,,14
2026-11-30,35,15:00,ST/1526/2017,ADV-0281,REPORTS,1,old case waited too long,2.7,1,0,,External Dependency,7
2026-11-30,36,15:00,ST/292/2025,ADV-0281,APPEARANCE,0,ranked (advocate already listed),7.1,1,0,,Both Parties Unready / Absent,7
2026-11-30,37,16:00,ST/1600/2017,ADV-0455,REPORTS,1,old case waited too long,2.7,1,0,,External Dependency,7
2026-11-30,38,16:00,ST/1626/2017,ADV-1027,REPORTS,1,old case waited too long,2.7,1,0,,External Dependency,7
2026-11-30,39,16:00,ST/2296/2016,ADV-0910,JUDGEMENT,1,ranked,29.8,1,1,,,21
2026-11-30,40,16:00,ST/2369/2025,ADV-0740,DELAY_CONDONATION_HEARING,0,ranked,2.5,1,0,,Unclear,7
2026-11-30,41,16:00,ST/2574/2026,ADV-0740,DELAY_CONDONATION_HEARING,0,ranked (advocate already listed),2.5,1,0,,Petitioner Absence / Non-Compliance,14
2026-12-01,1,10:00,ST/1763/2017,ADV-0152,REPORTS,1,old-case guarantee,2.7,1,1,JUDGEMENT,,21
2026-12-01,2,10:00,ST/1769/2017,ADV-0218,REPORTS,1,old-case guarantee,2.7,1,0,,External Dependency,7
2026-12-01,3,10:00,ST/1865/2017,ADV-0763,REPORTS,1,old-case guarantee,2.7,1,0,,External Dependency,7
2026-12-01,4,10:00,ST/2277/2017,ADV-0346,REPORTS,1,old-case guarantee,2.7,1,0,,External Dependency,7
2026-12-01,5,10:00,ST/2481/2017,ADV-0851,REPORTS,1,old-case guarantee,2.7,1,0,,External Dependency,7
2026-12-01,6,10:00,ST/2531/2017,ADV-0324,REPORTS,1,old-case guarantee,2.7,1,0,,External Dependency,7
2026-12-01,7,10:00,ST/2576/2017,ADV-0695,REPORTS,1,old-case guarantee,2.7,1,0,,Respondent Absence / Non-Compliance,14
2026-12-01,8,10:00,ST/2605/2017,ADV-0498,REPORTS,1,old-case guarantee,2.7,1,0,,External Dependency,7
2026-12-01,9,10:00,ST/2660/2017,ADV-0131,REPORTS,1,old-case guarantee,2.7,1,1,JUDGEMENT,,21
2026-12-01,10,10:00,ST/2758/2017,ADV-0784,REPORTS,1,old-case guarantee,2.7,1,0,,External Dependency,7
2026-12-01,11,10:00,ST/2792/2017,ADV-0595,REPORTS,1,old-case guarantee,2.7,1,0,,External Dependency,7
2026-12-01,12,10:00,ST/2846/2017,ADV-0529,REPORTS,1,old-case guarantee,2.7,1,0,,External Dependency,7
2026-12-01,13,10:00,ST/2887/2017,ADV-0265,REPORTS,1,old-case guarantee,2.7,1,0,,Respondent Absence / Non-Compliance,14
2026-12-01,14,10:00,ST/2910/2017,ADV-0710,REPORTS,1,old-case guarantee,2.7,1,0,,External Dependency,7
2026-12-01,15,10:00,ST/126/2020,ADV-0028,EVIDENCE_COMPLAINANT,1,old-case guarantee,12.3,1,1,,,14
2026-12-01,16,10:00,ST/229/2020,ADV-1057,EVIDENCE_COMPLAINANT,1,old-case guarantee,12.3,1,0,,Party Sought Time / Adjournment,7
2026-12-01,17,11:00,ST/470/2020,ADV-0417,EVIDENCE_COMPLAINANT,1,old-case guarantee,12.3,1,0,,Petitioner Absence / Non-Compliance,7
2026-12-01,18,11:00,ST/580/2020,ADV-0949,EVIDENCE_COMPLAINANT,1,old-case guarantee,12.3,1,0,,Both Parties Unready / Absent,7
2026-12-01,19,11:00,ST/806/2020,ADV-0228,EVIDENCE_COMPLAINANT,1,old-case guarantee,12.3,1,0,,Evidence / Filing Not Ready,7
2026-12-01,20,11:00,ST/841/2020,ADV-0682,EVIDENCE_COMPLAINANT,1,old-case guarantee,12.3,1,0,,Evidence / Filing Not Ready,7
2026-12-01,21,11:00,ST/908/2026,ADV-0791,COGNIZANCE,0,due,9.8,1,1,APPEARANCE,,21
2026-12-01,22,12:00,ST/2216/2026,ADV-0707,COGNIZANCE,0,due,9.8,1,1,APPEARANCE,,21
2026-12-01,23,12:00,ST/2060/2025,ADV-0290,APPEARANCE,0,due,6.4,1,1,PLEA,,14
2026-12-01,24,12:00,ST/872/2023,ADV-0073,JUDGEMENT,0,due,29.9,1,1,,,21
2026-12-01,25,12:00,ST/966/2023,ADV-0709,JUDGEMENT,0,due,29.9,1,1,,,21
2026-12-01,26,13:00,ST/1274/2023,ADV-0736,JUDGEMENT,0,due,29.9,1,1,,,21
2026-12-01,27,13:00,ST/2328/2023,ADV-0736,JUDGEMENT,0,due,29.9,1,1,,,21
2026-12-01,28,14:00,ST/1007/2020,ADV-0434,EVIDENCE_COMPLAINANT,1,old case waited too long,12.3,1,0,,Unclear,7
2026-12-01,29,14:00,ST/1533/2020,ADV-0320,EVIDENCE_COMPLAINANT,1,old case waited too long,12.3,1,0,,Evidence / Filing Not Ready,7
2026-12-01,30,14:00,ST/1841/2020,ADV-0141,EVIDENCE_COMPLAINANT,1,old case waited too long,12.3,1,0,,Unclear,7
2026-12-01,31,14:00,ST/1850/2020,ADV-0018,EVIDENCE_COMPLAINANT,1,old case waited too long,12.3,1,0,,Unclear,7
2026-12-01,32,15:00,ST/1995/2020,ADV-0883,EVIDENCE_COMPLAINANT,1,old case waited too long,12.3,1,0,,Petitioner Absence / Non-Compliance,7
2026-12-01,33,15:00,ST/2036/2020,ADV-0312,EVIDENCE_COMPLAINANT,1,old case waited too long,12.3,1,1,EVIDENCE_ACCUSED,,14
2026-12-01,34,15:00,ST/2086/2020,ADV-0049,EVIDENCE_COMPLAINANT,1,old case waited too long,12.3,1,0,,Petitioner Absence / Non-Compliance,7
2026-12-01,35,15:00,ST/2206/2020,ADV-0010,EVIDENCE_COMPLAINANT,1,old case waited too long,12.3,1,0,,Petitioner Absence / Non-Compliance,7
2026-12-01,36,15:00,ST/2276/2020,ADV-0446,EVIDENCE_COMPLAINANT,1,old case waited too long,12.3,1,0,,Both Parties Unready / Absent,7
2026-12-01,37,15:00,ST/1793/2026,ADV-0446,DELAY_CONDONATION_HEARING,0,ranked (advocate already listed),3.6,1,0,,Both Parties Unready / Absent,7
2026-12-02,1,10:00,ST/2389/2020,ADV-0707,EVIDENCE_COMPLAINANT,1,old-case guarantee,12.3,1,0,,Evidence / Filing Not Ready,7
2026-12-02,2,10:00,ST/2405/2020,ADV-1144,EVIDENCE_COMPLAINANT,1,old-case guarantee,12.3,1,0,,Petitioner Absence / Non-Compliance,7
2026-12-02,3,10:00,ST/2673/2020,ADV-1246,EVIDENCE_COMPLAINANT,1,old-case guarantee,12.3,1,0,,Evidence / Filing Not Ready,7
2026-12-02,4,10:00,ST/2689/2020,ADV-0541,EVIDENCE_COMPLAINANT,1,old-case guarantee,12.3,1,0,,Evidence / Filing Not Ready,7
2026-12-02,5,10:00,ST/625/2026,ADV-0541,DELAY_CONDONATION_HEARING,0,ranked (advocate already listed),3.1,1,0,,Party Sought Time / Adjournment,7
2026-12-02,6,10:00,ST/2701/2020,ADV-0598,EVIDENCE_COMPLAINANT,1,old-case guarantee,12.3,1,1,EVIDENCE_ACCUSED,,14
2026-12-02,7,11:00,ST/2915/2020,ADV-0013,EVIDENCE_COMPLAINANT,1,old-case guarantee,12.3,1,0,,Both Parties Unready / Absent,7
2026-12-02,8,11:00,ST/2976/2020,ADV-0157,EVIDENCE_COMPLAINANT,1,old-case guarantee,12.3,1,0,,Respondent Absence / Non-Compliance,7
2026-12-02,9,11:00,ST/104/2017,ADV-0822,REPORTS,1,old-case guarantee,2.4,1,0,,Unclear,7
2026-12-02,10,11:00,ST/118/2017,ADV-0292,REPORTS,1,old-case guarantee,2.4,1,1,JUDGEMENT,,21
2026-12-02,11,11:00,ST/167/2017,ADV-0676,REPORTS,1,old-case guarantee,2.4,1,0,,External Dependency,7
2026-12-02,12,11:00,ST/204/2017,ADV-1123,REPORTS,1,old-case guarantee,2.4,1,0,,External Dependency,7
2026-12-02,13,11:00,ST/283/2017,ADV-0767,REPORTS,1,old-case guarantee,2.4,1,0,,External Dependency,7
2026-12-02,14,11:00,ST/435/2017,ADV-0404,REPORTS,1,old-case guarantee,2.4,1,0,,Respondent Absence / Non-Compliance,14
2026-12-02,15,11:00,ST/720/2017,ADV-0374,REPORTS,1,old-case guarantee,2.4,1,1,JUDGEMENT,,21
2026-12-02,16,11:00,ST/746/2017,ADV-1051,REPORTS,1,old-case guarantee,2.4,1,0,,External Dependency,7
2026-12-02,17,11:00,ST/1013/2017,ADV-0307,REPORTS,1,old-case guarantee,2.4,1,0,,External Dependency,7
2026-12-02,18,11:00,ST/2076/2025,ADV-0803,APPEARANCE,0,due,6.4,1,0,,Respondent Absence / Non-Compliance,7
2026-12-02,19,11:00,ST/2089/2025,ADV-0652,APPEARANCE,0,due,6.4,1,0,,Unclear,7
2026-12-02,20,11:00,ST/2677/2026,ADV-0652,APPEARANCE,0,due,5.8,1,1,PLEA,,14
2026-12-02,21,12:00,ST/2157/2025,ADV-0641,APPEARANCE,0,due,6.4,1,1,PLEA,,14
2026-12-02,22,12:00,ST/1428/2023,ADV-0207,JUDGEMENT,0,due,29.9,1,1,,,21
2026-12-02,23,12:00,ST/1487/2023,ADV-0093,JUDGEMENT,0,due,29.9,1,1,,,21
2026-12-02,24,13:00,ST/1897/2023,ADV-0223,JUDGEMENT,0,due,29.9,1,1,,,21
2026-12-02,25,13:00,ST/1920/2023,ADV-1040,JUDGEMENT,0,due,29.9,1,1,,,21
2026-12-02,26,14:00,ST/1051/2017,ADV-0029,REPORTS,1,old case waited too long,2.4,1,0,,External Dependency,7
2026-12-02,27,14:00,ST/1108/2017,ADV-1161,REPORTS,1,old case waited too long,2.4,1,0,,External Dependency,7
2026-12-02,28,14:00,ST/1236/2017,ADV-0792,REPORTS,1,old case waited too long,2.4,1,1,JUDGEMENT,,21
2026-12-02,29,14:00,ST/1537/2017,ADV-0313,REPORTS,1,old case waited too long,2.4,1,0,,External Dependency,7
2026-12-02,30,14:00,ST/1568/2017,ADV-1254,REPORTS,1,old case waited too long,2.4,1,0,,Unclear,7
2026-12-02,31,14:00,ST/1617/2017,ADV-0423,REPORTS,1,old case waited too long,2.4,1,0,,External Dependency,7
2026-12-02,32,14:00,ST/1801/2017,ADV-0651,REPORTS,1,old case waited too long,2.4,1,0,,External Dependency,7
2026-12-02,33,14:00,ST/1953/2017,ADV-1074,REPORTS,1,old case waited too long,2.4,1,0,,Petitioner Absence / Non-Compliance,14
2026-12-02,34,14:00,ST/2073/2017,ADV-0043,REPORTS,1,old case waited too long,2.4,1,1,JUDGEMENT,,21
2026-12-02,35,14:00,ST/2124/2017,ADV-0495,REPORTS,1,old case waited too long,2.4,1,0,,External Dependency,7
2026-12-02,36,14:00,ST/2199/2017,ADV-0716,REPORTS,1,old case waited too long,2.4,1,0,,External Dependency,7
2026-12-02,37,14:00,ST/2225/2017,ADV-0347,REPORTS,1,old case waited too long,2.4,1,0,,Both Parties Unready / Absent,14
2026-12-02,38,14:00,ST/2353/2017,ADV-0946,REPORTS,1,old case waited too long,2.4,1,0,,Unclear,7
2026-12-02,39,14:00,ST/2420/2017,ADV-0631,REPORTS,1,old case waited too long,2.4,1,0,,Respondent Absence / Non-Compliance,14
2026-12-02,40,14:00,ST/2603/2017,ADV-0753,REPORTS,1,old case waited too long,2.4,1,0,,External Dependency,7
2026-12-02,41,14:00,ST/2638/2017,ADV-0245,REPORTS,1,old case waited too long,2.4,1,0,,External Dependency,7
2026-12-02,42,14:00,ST/2654/2017,ADV-0969,REPORTS,1,old case waited too long,2.4,1,0,,External Dependency,7
2026-12-02,43,14:00,ST/2659/2017,ADV-0685,REPORTS,1,old case waited too long,2.4,1,0,,Petitioner Absence / Non-Compliance,14
2026-12-02,44,15:00,ST/2682/2017,ADV-0900,REPORTS,1,old case waited too long,2.4,1,0,,External Dependency,7
2026-12-02,45,15:00,ST/2699/2017,ADV-1227,REPORTS,1,old case waited too long,2.4,1,0,,External Dependency,7
2026-12-02,46,15:00,ST/164/2026,ADV-1227,DELAY_CONDONATION_HEARING,0,ranked (advocate already listed),3.6,1,0,,Party Sought Time / Adjournment,7
2026-12-02,47,15:00,ST/2721/2017,ADV-0032,REPORTS,1,old case waited too long,2.4,1,0,,External Dependency,7
2026-12-02,48,15:00,ST/31/2021,ADV-0775,EVIDENCE_COMPLAINANT,1,old case waited too long,7.9,1,0,,Unclear,7
2026-12-02,49,15:00,ST/61/2021,ADV-0922,EVIDENCE_COMPLAINANT,1,old case waited too long,7.9,1,0,,Party Sought Time / Adjournment,14
2026-12-02,50,15:00,ST/69/2021,ADV-1046,EVIDENCE_COMPLAINANT,1,old case waited too long,7.9,1,0,,Petitioner Absence / Non-Compliance,14
2026-12-02,51,15:00,ST/238/2021,ADV-1055,EVIDENCE_COMPLAINANT,1,old case waited too long,7.9,1,0,,Unclear,7
2026-12-02,52,15:00,ST/286/2021,ADV-0269,EVIDENCE_COMPLAINANT,1,old case waited too long,7.9,1,0,,Petitioner Absence / Non-Compliance,14
2026-12-02,53,15:00,ST/554/2021,ADV-0007,EVIDENCE_COMPLAINANT,1,old case waited too long,7.9,1,0,,Both Parties Unready / Absent,14
2026-12-02,54,15:00,ST/721/2021,ADV-0390,EVIDENCE_COMPLAINANT,1,old case waited too long,7.9,1,0,,Petitioner Absence / Non-Compliance,14
2026-12-02,55,16:00,ST/1223/2026,ADV-0815,DELAY_CONDONATION_HEARING,0,ranked,3.1,1,0,,Petitioner Absence / Non-Compliance,7
2026-12-02,56,16:00,ST/1704/2026,ADV-1133,DELAY_CONDONATION_HEARING,0,ranked,3.1,1,0,,Unclear,7
2026-12-02,57,16:00,ST/1731/2026,ADV-1039,DELAY_CONDONATION_HEARING,0,ranked,3.1,1,1,COGNIZANCE,,14
2026-12-02,58,16:00,ST/2040/2026,ADV-0675,DELAY_CONDONATION_HEARING,0,ranked,3.1,1,0,,Party Sought Time / Adjournment,7
2026-12-03,1,10:00,ST/892/2021,ADV-0011,EVIDENCE_COMPLAINANT,1,old-case guarantee,7.9,1,0,,Respondent Absence / Non-Compliance,14
2026-12-03,2,10:00,ST/904/2021,ADV-0836,EVIDENCE_COMPLAINANT,1,old-case guarantee,7.9,1,0,,Evidence / Filing Not Ready,7
2026-12-03,3,10:00,ST/1217/2021,ADV-0207,EVIDENCE_COMPLAINANT,1,old-case guarantee,7.9,1,0,,Both Parties Unready / Absent,14
2026-12-03,4,10:00,ST/1355/2021,ADV-1030,EVIDENCE_COMPLAINANT,1,old-case guarantee,7.9,1,0,,Respondent Absence / Non-Compliance,14
2026-12-03,5,10:00,ST/2468/2025,ADV-1030,APPEARANCE,0,due,6.4,1,0,,Unclear,7
2026-12-03,6,10:00,ST/1389/2021,ADV-0252,EVIDENCE_COMPLAINANT,1,old-case guarantee,7.9,1,0,,Petitioner Absence / Non-Compliance,14
2026-12-03,7,10:00,ST/1427/2021,ADV-0124,EVIDENCE_COMPLAINANT,1,old-case guarantee,7.9,1,0,,Evidence / Filing Not Ready,7
2026-12-03,8,10:00,ST/1498/2021,ADV-0466,EVIDENCE_COMPLAINANT,1,old-case guarantee,7.9,1,0,,Both Parties Unready / Absent,14
2026-12-03,9,11:00,ST/1508/2021,ADV-0253,EVIDENCE_COMPLAINANT,1,old-case guarantee,7.9,1,0,,Petitioner Absence / Non-Compliance,14
2026-12-03,10,11:00,ST/1520/2021,ADV-0242,EVIDENCE_COMPLAINANT,1,old-case guarantee,7.9,1,0,,Evidence / Filing Not Ready,7
2026-12-03,11,11:00,ST/1700/2021,ADV-1231,EVIDENCE_COMPLAINANT,1,old-case guarantee,7.9,1,1,,,14
2026-12-03,12,11:00,ST/1768/2021,ADV-0087,EVIDENCE_COMPLAINANT,1,old-case guarantee,7.9,1,1,,,14
2026-12-03,13,11:00,ST/1777/2021,ADV-0682,EVIDENCE_COMPLAINANT,1,old-case guarantee,7.9,1,0,,Both Parties Unready / Absent,14
2026-12-03,14,11:00,ST/1780/2021,ADV-0377,EVIDENCE_COMPLAINANT,1,old-case guarantee,7.9,1,0,,Respondent Absence / Non-Compliance,14
2026-12-03,15,11:00,ST/1856/2021,ADV-0765,EVIDENCE_COMPLAINANT,1,old-case guarantee,7.9,1,0,,Unclear,7
2026-12-03,16,11:00,ST/2204/2025,ADV-0896,APPLICATION_REVIEW,0,due,8.6,1,0,,Unclear,7
2026-12-03,17,12:00,ST/2501/2025,ADV-0118,APPLICATION_REVIEW,0,due,8.6,1,1,APPEARANCE,,21
2026-12-03,18,12:00,ST/1424/2025,ADV-0888,DELAY_CONDONATION_HEARING,0,due,2.9,1,1,COGNIZANCE,,14
2026-12-03,19,12:00,ST/1973/2023,ADV-0322,JUDGEMENT,0,due,29.9,1,1,,,21
2026-12-03,20,12:00,ST/2058/2023,ADV-0674,JUDGEMENT,0,due,29.9,1,1,,,21
2026-12-03,21,13:00,ST/2067/2023,ADV-1020,JUDGEMENT,0,due,29.9,1,1,,,21
2026-12-03,22,13:00,ST/2112/2021,ADV-1020,EVIDENCE_COMPLAINANT,1,old case waited too long,7.9,1,1,,,14
2026-12-03,23,13:00,ST/2215/2023,ADV-1140,JUDGEMENT,0,due,29.9,1,1,DISPOSED,,
2026-12-03,24,14:00,ST/1877/2021,ADV-0579,EVIDENCE_COMPLAINANT,1,old case waited too long,7.9,1,0,,Petitioner Absence / Non-Compliance,14
2026-12-03,25,14:00,ST/1915/2021,ADV-0060,EVIDENCE_COMPLAINANT,1,old case waited too long,7.9,1,1,EVIDENCE_ACCUSED,,14
2026-12-03,26,14:00,ST/2049/2021,ADV-0577,EVIDENCE_COMPLAINANT,1,old case waited too long,7.9,1,0,,Evidence / Filing Not Ready,7
2026-12-03,27,14:00,ST/2053/2021,ADV-0412,EVIDENCE_COMPLAINANT,1,old case waited too long,7.9,1,0,,Evidence / Filing Not Ready,7
2026-12-03,28,14:00,ST/2160/2021,ADV-0550,EVIDENCE_COMPLAINANT,1,old case waited too long,7.9,1,0,,Petitioner Absence / Non-Compliance,14
2026-12-03,29,15:00,ST/2183/2021,ADV-0330,EVIDENCE_COMPLAINANT,1,old case waited too long,7.9,1,0,,Evidence / Filing Not Ready,7
2026-12-03,30,15:00,ST/2324/2021,ADV-1169,EVIDENCE_COMPLAINANT,1,old case waited too long,7.9,1,0,,Evidence / Filing Not Ready,7
2026-12-03,31,15:00,ST/2370/2021,ADV-0373,EVIDENCE_COMPLAINANT,1,old case waited too long,7.9,1,0,,Both Parties Unready / Absent,14
2026-12-03,32,15:00,ST/2518/2021,ADV-0902,EVIDENCE_COMPLAINANT,1,old case waited too long,7.9,1,0,,Respondent Absence / Non-Compliance,14
2026-12-03,33,15:00,ST/2653/2021,ADV-0978,EVIDENCE_COMPLAINANT,1,old case waited too long,7.9,1,0,,Unclear,7
2026-12-03,34,15:00,ST/2770/2021,ADV-0630,EVIDENCE_COMPLAINANT,1,old case waited too long,7.9,1,0,,Both Parties Unready / Absent,14
2026-12-03,35,15:00,ST/2845/2021,ADV-1149,EVIDENCE_COMPLAINANT,1,old case waited too long,7.9,1,0,,Unclear,7
2026-12-03,36,15:00,ST/2877/2021,ADV-0405,EVIDENCE_COMPLAINANT,1,old case waited too long,7.9,1,0,,Evidence / Filing Not Ready,7
2026-12-03,37,16:00,ST/367/2026,ADV-0259,DELAY_CONDONATION_HEARING,0,ranked,2.5,1,0,,Unclear,7
2026-12-04,1,10:00,ST/2889/2021,ADV-0776,EVIDENCE_COMPLAINANT,1,old-case guarantee,7.9,1,0,,Unclear,7
2026-12-04,2,10:00,ST/2945/2021,ADV-0073,EVIDENCE_COMPLAINANT,1,old-case guarantee,7.9,1,0,,Evidence / Filing Not Ready,7
2026-12-04,3,10:00,ST/2963/2021,ADV-0460,EVIDENCE_COMPLAINANT,1,old-case guarantee,7.9,1,0,,Unclear,7
2026-12-04,4,10:00,ST/94/2020,ADV-0655,REPORTS,1,old-case guarantee,2.8,1,0,,External Dependency,7
2026-12-04,5,10:00,ST/201/2020,ADV-0586,REPORTS,1,old-case guarantee,2.8,1,0,,External Dependency,7
2026-12-04,6,10:00,ST/243/2020,ADV-0757,REPORTS,1,old-case guarantee,2.8,1,1,EVIDENCE_COMPLAINANT,,14
2026-12-04,7,10:00,ST/256/2020,ADV-0179,REPORTS,1,old-case guarantee,2.8,1,0,,Respondent Absence / Non-Compliance,14
2026-12-04,8,10:00,ST/469/2020,ADV-1107,REPORTS,1,old-case guarantee,2.8,1,0,,External Dependency,7
2026-12-04,9,10:00,ST/528/2020,ADV-0816,REPORTS,1,old-case guarantee,2.8,1,0,,Petitioner Absence / Non-Compliance,14
2026-12-04,10,10:00,ST/657/2020,ADV-1165,REPORTS,1,old-case guarantee,2.8,1,0,,External Dependency,7
2026-12-04,11,10:00,ST/678/2020,ADV-0472,REPORTS,1,old-case guarantee,2.8,1,1,EVIDENCE_COMPLAINANT,,14
2026-12-04,12,10:00,ST/729/2020,ADV-1179,REPORTS,1,old-case guarantee,2.8,1,1,EVIDENCE_COMPLAINANT,,14
2026-12-04,13,10:00,ST/2540/2023,ADV-1179,JUDGEMENT,0,ranked (advocate already listed),29.8,1,1,,,21
2026-12-04,14,11:00,ST/844/2020,ADV-1249,REPORTS,1,old-case guarantee,2.8,1,1,EVIDENCE_COMPLAINANT,,14
2026-12-04,15,11:00,ST/878/2020,ADV-0831,REPORTS,1,old-case guarantee,2.8,1,0,,External Dependency,7
2026-12-04,16,11:00,ST/1150/2020,ADV-1099,REPORTS,1,old-case guarantee,2.8,1,0,,External Dependency,7
2026-12-04,17,11:00,ST/1278/2020,ADV-0758,REPORTS,1,old-case guarantee,2.8,1,0,,External Dependency,7
2026-12-04,18,11:00,ST/1356/2020,ADV-0483,REPORTS,1,old-case guarantee,2.8,1,1,EVIDENCE_COMPLAINANT,,14
2026-12-04,19,11:00,ST/1384/2020,ADV-0507,REPORTS,1,old-case guarantee,2.8,1,0,,Respondent Absence / Non-Compliance,14
2026-12-04,20,11:00,ST/1834/2025,ADV-0507,PLEA,0,ranked (advocate already listed),14.3,1,1,,,14
2026-12-04,21,11:00,ST/1615/2020,ADV-0393,REPORTS,1,old-case guarantee,2.8,1,0,,External Dependency,7
2026-12-04,22,11:00,ST/1666/2020,ADV-0083,REPORTS,1,old-case guarantee,2.8,1,0,,External Dependency,7
2026-12-04,23,11:00,ST/1683/2020,ADV-0228,REPORTS,1,old-case guarantee,2.8,1,0,,External Dependency,7
2026-12-04,24,11:00,ST/1771/2020,ADV-0261,REPORTS,1,old-case guarantee,2.8,1,0,,Unclear,7
2026-12-04,25,12:00,ST/1944/2020,ADV-0053,REPORTS,1,old-case guarantee,2.8,1,0,,External Dependency,7
2026-12-04,26,12:00,ST/1969/2020,ADV-0917,REPORTS,1,old-case guarantee,2.8,1,0,,External Dependency,7
2026-12-04,27,12:00,ST/2095/2020,ADV-0323,REPORTS,1,old-case guarantee,2.8,1,0,,External Dependency,7
2026-12-04,28,12:00,ST/2163/2020,ADV-0094,REPORTS,1,old-case guarantee,2.8,1,0,,External Dependency,7
2026-12-04,29,12:00,ST/2301/2020,ADV-0622,REPORTS,1,old-case guarantee,2.8,1,0,,External Dependency,7
2026-12-04,30,12:00,ST/2386/2020,ADV-0324,REPORTS,1,old-case guarantee,2.8,1,0,,External Dependency,7
2026-12-04,31,12:00,ST/2527/2020,ADV-0056,REPORTS,1,old-case guarantee,2.8,1,0,,External Dependency,7
2026-12-04,32,12:00,ST/2644/2020,ADV-0513,REPORTS,1,old-case guarantee,2.8,1,0,,External Dependency,7
2026-12-04,33,12:00,ST/2879/2020,ADV-0342,REPORTS,1,old-case guarantee,2.8,1,0,,Respondent Absence / Non-Compliance,14
2026-12-04,34,12:00,ST/2880/2020,ADV-0665,REPORTS,1,old-case guarantee,2.8,1,0,,External Dependency,7
2026-12-04,35,12:00,ST/236/2022,ADV-0439,EVIDENCE_COMPLAINANT,1,old-case guarantee,10.6,1,1,EVIDENCE_ACCUSED,,14
2026-12-04,36,12:00,ST/212/2016,ADV-0573,JUDGEMENT,1,due,29.8,1,1,,,21
2026-12-04,37,13:00,ST/811/2016,ADV-0488,JUDGEMENT,1,due,29.8,1,1,,,21
2026-12-04,38,13:00,ST/2543/2025,ADV-0795,APPEARANCE,0,due,6.4,1,1,,,21
2026-12-04,39,13:00,ST/2582/2025,ADV-1036,APPEARANCE,0,due,6.4,1,0,,Unclear,7
2026-12-04,40,13:00,ST/2630/2025,ADV-0711,APPEARANCE,0,due,6.4,1,1,PLEA,,14
2026-12-04,41,13:00,ST/2633/2025,ADV-0438,APPEARANCE,0,due,6.4,1,0,,Petitioner Absence / Non-Compliance,7
2026-12-04,42,14:00,ST/2710/2023,ADV-1078,JUDGEMENT,0,due,29.9,1,1,,,21
2026-12-04,43,14:00,ST/2801/2023,ADV-0936,JUDGEMENT,0,due,29.9,1,1,,,21
2026-12-04,44,15:00,ST/240/2022,ADV-0593,EVIDENCE_COMPLAINANT,1,old case waited too long,10.6,1,1,,,14
2026-12-04,45,15:00,ST/347/2022,ADV-0059,EVIDENCE_COMPLAINANT,1,old case waited too long,10.6,1,0,,Respondent Absence / Non-Compliance,14
2026-12-04,46,15:00,ST/426/2022,ADV-0871,EVIDENCE_COMPLAINANT,1,old case waited too long,10.6,1,1,,,14
2026-12-04,47,15:00,ST/498/2022,ADV-0327,EVIDENCE_COMPLAINANT,1,old case waited too long,10.6,1,0,,Unclear,7
2026-12-04,48,15:00,ST/905/2023,ADV-0327,JUDGEMENT,0,ranked (advocate already listed),29.8,1,1,,,21
2026-12-04,49,16:00,ST/2094/2026,ADV-0408,DELAY_CONDONATION_HEARING,0,ranked,3.1,1,0,,Petitioner Absence / Non-Compliance,7
2026-12-04,50,16:00,ST/2237/2026,ADV-0801,DELAY_CONDONATION_HEARING,0,ranked,3.1,1,0,,Evidence / Filing Not Ready,7
2026-12-04,51,16:00,ST/2409/2026,ADV-0674,DELAY_CONDONATION_HEARING,0,ranked,3.1,0,0,,,
2026-12-04,52,16:00,ST/858/2026,ADV-1038,DELAY_CONDONATION_HEARING,0,ranked,2.5,0,0,,,
2026-12-07,1,10:00,ST/858/2026,ADV-1038,DELAY_CONDONATION_HEARING,0,carry-over,2.5,1,1,COGNIZANCE,,14
2026-12-07,2,10:00,ST/2409/2026,ADV-0674,DELAY_CONDONATION_HEARING,0,carry-over,3.1,1,0,,Both Parties Unready / Absent,7
2026-12-07,3,10:00,ST/703/2022,ADV-0980,EVIDENCE_COMPLAINANT,1,old-case guarantee,10.6,1,1,,,14
2026-12-07,4,10:00,ST/913/2022,ADV-0169,EVIDENCE_COMPLAINANT,1,old-case guarantee,10.6,1,0,,Respondent Absence / Non-Compliance,14
2026-12-07,5,10:00,ST/950/2022,ADV-0889,EVIDENCE_COMPLAINANT,1,old-case guarantee,10.6,1,0,,Evidence / Filing Not Ready,7
2026-12-07,6,10:00,ST/1145/2022,ADV-0825,EVIDENCE_COMPLAINANT,1,old-case guarantee,10.6,1,0,,Respondent Absence / Non-Compliance,14
2026-12-07,7,10:00,ST/1317/2022,ADV-0433,EVIDENCE_COMPLAINANT,1,old-case guarantee,10.6,1,0,,Respondent Absence / Non-Compliance,14
2026-12-07,8,10:00,ST/1350/2022,ADV-0861,EVIDENCE_COMPLAINANT,1,old-case guarantee,10.6,1,1,,,14
2026-12-07,9,11:00,ST/1373/2022,ADV-0298,EVIDENCE_COMPLAINANT,1,old-case guarantee,10.6,1,0,,Evidence / Filing Not Ready,7
2026-12-07,10,11:00,ST/1461/2022,ADV-0188,EVIDENCE_COMPLAINANT,1,old-case guarantee,10.6,1,0,,Party Sought Time / Adjournment,14
2026-12-07,11,11:00,ST/1635/2022,ADV-0914,EVIDENCE_COMPLAINANT,1,old-case guarantee,10.6,1,1,,,14
2026-12-07,12,11:00,ST/1895/2022,ADV-1052,EVIDENCE_COMPLAINANT,1,old-case guarantee,10.6,1,1,EVIDENCE_ACCUSED,,14
2026-12-07,13,11:00,ST/1917/2022,ADV-0073,EVIDENCE_COMPLAINANT,1,old-case guarantee,10.6,1,0,,Evidence / Filing Not Ready,7
2026-12-07,14,12:00,ST/472/2021,ADV-1065,JUDGEMENT,1,due,29.9,1,1,,,21
2026-12-07,15,12:00,ST/827/2016,ADV-0931,JUDGEMENT,1,due,29.8,1,1,DISPOSED,,
2026-12-07,16,13:00,ST/293/2026,ADV-0711,COGNIZANCE,0,due,9.7,1,1,APPEARANCE,,21
2026-12-07,17,13:00,ST/67/2021,ADV-0647,JUDGEMENT,1,due,29.9,1,1,,,21
2026-12-07,18,13:00,ST/124/2023,ADV-0647,JUDGEMENT,0,ranked (advocate already listed),29.8,1,1,,,21
2026-12-07,19,14:00,ST/343/2021,ADV-1223,JUDGEMENT,1,due,29.9,1,1,,,21
2026-12-07,20,14:00,ST/696/2021,ADV-0227,JUDGEMENT,1,due,29.9,1,1,,,21
2026-12-07,21,15:00,ST/54/2017,ADV-0004,REPORTS,1,due,2.7,1,0,,External Dependency,7
2026-12-07,22,15:00,ST/129/2024,ADV-0539,EXAMINATION_UNDER_S351_BNSS,0,due,14.2,1,0,,External Dependency,7
2026-12-07,23,15:00,ST/1930/2018,ADV-1201,JUDGEMENT,1,ranked,29.9,1,1,,,21
2026-12-07,24,15:00,ST/1256/2025,ADV-0373,PLEA,0,ranked,14.3,1,1,EXAMINATION_UNDER_S351_BNSS,,14
2026-12-07,25,16:00,ST/2413/2026,ADV-0550,DELAY_CONDONATION_HEARING,0,ranked,3.1,1,0,,Petitioner Absence / Non-Compliance,7
2026-12-07,26,16:00,ST/2628/2026,ADV-1149,DELAY_CONDONATION_HEARING,0,ranked,3.1,1,0,,Both Parties Unready / Absent,7
2026-12-07,27,16:00,ST/2655/2026,ADV-0558,DELAY_CONDONATION_HEARING,0,ranked,3.1,1,0,,Party Sought Time / Adjournment,7
2026-12-08,1,10:00,ST/2022/2022,ADV-0110,EVIDENCE_COMPLAINANT,1,old-case guarantee,10.6,1,0,,Evidence / Filing Not Ready,7
2026-12-08,2,10:00,ST/2143/2022,ADV-0842,EVIDENCE_COMPLAINANT,1,old-case guarantee,10.6,1,1,,,14
2026-12-08,3,10:00,ST/2214/2022,ADV-0444,EVIDENCE_COMPLAINANT,1,old-case guarantee,10.6,1,0,,Unclear,7
2026-12-08,4,10:00,ST/2382/2022,ADV-0187,EVIDENCE_COMPLAINANT,1,old-case guarantee,10.6,1,1,EVIDENCE_ACCUSED,,14
2026-12-08,5,10:00,ST/2517/2022,ADV-1131,EVIDENCE_COMPLAINANT,1,old-case guarantee,10.6,1,0,,Both Parties Unready / Absent,14
2026-12-08,6,10:00,ST/2769/2022,ADV-0906,EVIDENCE_COMPLAINANT,1,old-case guarantee,10.6,1,0,,Evidence / Filing Not Ready,7
2026-12-08,7,11:00,ST/2876/2022,ADV-1251,EVIDENCE_COMPLAINANT,1,old-case guarantee,10.6,1,0,,Both Parties Unready / Absent,14
2026-12-08,8,11:00,ST/135/2021,ADV-0050,REPORTS,1,old-case guarantee,2.8,1,1,JUDGEMENT,,21
2026-12-08,9,11:00,ST/162/2021,ADV-0093,REPORTS,1,old-case guarantee,2.8,1,0,,External Dependency,7
2026-12-08,10,11:00,ST/230/2021,ADV-0617,REPORTS,1,old-case guarantee,2.8,1,0,,External Dependency,7
2026-12-08,11,11:00,ST/2270/2025,ADV-0617,APPEARANCE,0,ranked (advocate already listed),7.1,1,1,PLEA,,14
2026-12-08,12,11:00,ST/402/2023,ADV-0617,JUDGEMENT,0,ranked (advocate already listed),29.8,1,1,DISPOSED,,
2026-12-08,13,11:00,ST/385/2021,ADV-0848,REPORTS,1,old-case guarantee,2.8,1,1,JUDGEMENT,,21
2026-12-08,14,12:00,ST/564/2021,ADV-0532,REPORTS,1,old-case guarantee,2.8,1,0,,External Dependency,7
2026-12-08,15,12:00,ST/626/2021,ADV-1199,REPORTS,1,old-case guarantee,2.8,1,0,,External Dependency,7
2026-12-08,16,12:00,ST/701/2021,ADV-1197,REPORTS,1,old-case guarantee,2.8,1,0,,Unclear,7
2026-12-08,17,12:00,ST/432/2021,ADV-1197,JUDGEMENT,1,ranked (advocate already listed),29.8,1,1,,,21
2026-12-08,18,12:00,ST/741/2021,ADV-0241,REPORTS,1,old-case guarantee,2.8,1,1,JUDGEMENT,,21
2026-12-08,19,12:00,ST/784/2021,ADV-0338,REPORTS,1,old-case guarantee,2.8,1,0,,External Dependency,7
2026-12-08,20,12:00,ST/1125/2021,ADV-1260,REPORTS,1,old-case guarantee,2.8,1,0,,External Dependency,7
2026-12-08,21,12:00,ST/1190/2021,ADV-0163,REPORTS,1,old-case guarantee,2.8,1,0,,External Dependency,7
2026-12-08,22,12:00,ST/1260/2021,ADV-0632,REPORTS,1,old-case guarantee,2.8,1,0,,External Dependency,7
2026-12-08,23,12:00,ST/377/2021,ADV-0653,APPLICATION_REVIEW,1,due,8.1,1,1,JUDGEMENT,,21
2026-12-08,24,13:00,ST/2534/2023,ADV-0542,APPLICATION_REVIEW,0,due,8.7,1,0,,Unclear,7
2026-12-08,25,13:00,ST/766/2026,ADV-0542,APPEARANCE,0,due,5.8,1,0,,Respondent Absence / Non-Compliance,7
2026-12-08,26,13:00,ST/1203/2026,ADV-0691,ADMISSION,0,due,3.9,1,1,COGNIZANCE,,14
2026-12-08,27,13:00,ST/431/2023,ADV-0691,JUDGEMENT,0,ranked (advocate already listed),29.8,1,1,DISPOSED,,
2026-12-08,28,13:00,ST/910/2021,ADV-0722,JUDGEMENT,1,due,29.9,1,1,,,21
2026-12-08,29,14:00,ST/964/2021,ADV-0718,JUDGEMENT,1,due,29.9,1,1,,,21
2026-12-08,30,14:00,ST/1119/2021,ADV-0440,JUDGEMENT,1,due,29.9,1,1,DISPOSED,,
2026-12-08,31,14:00,ST/356/2022,ADV-0440,JUDGEMENT,1,ranked (advocate already listed),29.8,1,1,,,21
2026-12-08,32,15:00,ST/1235/2021,ADV-1026,JUDGEMENT,1,due,29.9,1,1,,,21
2026-12-08,33,16:00,ST/2735/2026,ADV-0072,DELAY_CONDONATION_HEARING,0,ranked,3.1,1,0,,Unclear,7
2026-12-08,34,16:00,ST/2752/2026,ADV-0238,DELAY_CONDONATION_HEARING,0,ranked,3.1,1,0,,Evidence / Filing Not Ready,7
2026-12-08,35,16:00,ST/2814/2026,ADV-1086,DELAY_CONDONATION_HEARING,0,ranked,3.1,1,0,,Evidence / Filing Not Ready,7
2026-12-09,1,10:00,ST/1280/2021,ADV-0887,REPORTS,1,old-case guarantee,2.8,1,0,,External Dependency,7
2026-12-09,2,10:00,ST/1394/2021,ADV-0393,REPORTS,1,old-case guarantee,2.8,1,0,,Unclear,7
2026-12-09,3,10:00,ST/1506/2021,ADV-0811,REPORTS,1,old-case guarantee,2.8,1,0,,External Dependency,7
2026-12-09,4,10:00,ST/1416/2023,ADV-0811,JUDGEMENT,0,ranked (advocate already listed),29.8,1,0,,Court Administrative Issue,7
2026-12-09,5,10:00,ST/1610/2021,ADV-0561,REPORTS,1,old-case guarantee,2.8,1,0,,Unclear,7
2026-12-09,6,10:00,ST/1696/2021,ADV-0891,REPORTS,1,old-case guarantee,2.8,1,0,,External Dependency,7
2026-12-09,7,10:00,ST/1749/2021,ADV-0310,REPORTS,1,old-case guarantee,2.8,1,0,,External Dependency,7
2026-12-09,8,10:00,ST/1767/2021,ADV-0177,REPORTS,1,old-case guarantee,2.8,1,1,JUDGEMENT,,21
2026-12-09,9,10:00,ST/1851/2021,ADV-0669,REPORTS,1,old-case guarantee,2.8,1,0,,Respondent Absence / Non-Compliance,14
2026-12-09,10,10:00,ST/1967/2021,ADV-1123,REPORTS,1,old-case guarantee,2.8,1,0,,External Dependency,7
2026-12-09,11,10:00,ST/1979/2021,ADV-0869,REPORTS,1,old-case guarantee,2.8,1,0,,External Dependency,7
2026-12-09,12,10:00,ST/2184/2021,ADV-0044,REPORTS,1,old-case guarantee,2.8,1,0,,External Dependency,7
2026-12-09,13,11:00,ST/2248/2021,ADV-0845,REPORTS,1,old-case guarantee,2.8,1,1,JUDGEMENT,,21
2026-12-09,14,11:00,ST/2292/2021,ADV-0354,REPORTS,1,old-case guarantee,2.8,1,0,,External Dependency,7
2026-12-09,15,11:00,ST/2558/2021,ADV-0024,REPORTS,1,old-case guarantee,2.8,1,0,,External Dependency,7
2026-12-09,16,11:00,ST/2575/2021,ADV-0002,REPORTS,1,old-case guarantee,2.8,1,0,,External Dependency,7
2026-12-09,17,11:00,ST/981/2026,ADV-0002,DELAY_CONDONATION_HEARING,0,ranked (advocate already listed),3.6,1,1,COGNIZANCE,,14
2026-12-09,18,11:00,ST/2663/2021,ADV-0006,REPORTS,1,old-case guarantee,2.8,1,0,,Unclear,7
2026-12-09,19,11:00,ST/2671/2021,ADV-0255,REPORTS,1,old-case guarantee,2.8,1,0,,External Dependency,7
2026-12-09,20,11:00,ST/2816/2021,ADV-0496,REPORTS,1,old-case guarantee,2.8,1,0,,External Dependency,7
2026-12-09,21,11:00,ST/149/2023,ADV-0496,JUDGEMENT,0,ranked (advocate already listed),29.8,1,1,,,21
2026-12-09,22,11:00,ST/2817/2021,ADV-0978,REPORTS,1,old-case guarantee,2.8,1,0,,Respondent Absence / Non-Compliance,14
2026-12-09,23,11:00,ST/2878/2021,ADV-0112,REPORTS,1,old-case guarantee,2.8,1,1,JUDGEMENT,,21
2026-12-09,24,11:00,ST/12/2017,ADV-0723,EVIDENCE_ACCUSED,1,old-case guarantee,4.5,1,0,,Respondent Absence / Non-Compliance,14
2026-12-09,25,12:00,ST/376/2017,ADV-0764,EVIDENCE_ACCUSED,1,old-case guarantee,4.5,1,0,,Unclear,7
2026-12-09,26,12:00,ST/438/2017,ADV-0961,EVIDENCE_ACCUSED,1,old-case guarantee,4.5,1,0,,Evidence / Filing Not Ready,7
2026-12-09,27,12:00,ST/442/2017,ADV-0926,EVIDENCE_ACCUSED,1,old-case guarantee,4.5,1,1,ARGUMENTS,,14
2026-12-09,28,12:00,ST/496/2017,ADV-0140,EVIDENCE_ACCUSED,1,old-case guarantee,4.5,1,1,ARGUMENTS,,14
2026-12-09,29,12:00,ST/566/2017,ADV-0141,EVIDENCE_ACCUSED,1,old-case guarantee,4.5,1,0,,Evidence / Filing Not Ready,7
2026-12-09,30,12:00,ST/573/2017,ADV-1098,EVIDENCE_ACCUSED,1,old-case guarantee,4.5,1,0,,Evidence / Filing Not Ready,7
2026-12-09,31,12:00,ST/709/2025,ADV-1098,APPEARANCE,0,ranked (advocate already listed),7.1,1,0,,Petitioner Absence / Non-Compliance,7
2026-12-09,32,12:00,ST/583/2017,ADV-0243,EVIDENCE_ACCUSED,1,old-case guarantee,4.5,1,1,,,14
2026-12-09,33,12:00,ST/788/2017,ADV-0596,EVIDENCE_ACCUSED,1,old-case guarantee,4.5,1,0,,Evidence / Filing Not Ready,7
2026-12-09,34,12:00,ST/801/2017,ADV-0531,EVIDENCE_ACCUSED,1,old-case guarantee,4.5,1,0,,Unclear,7
2026-12-09,35,12:00,ST/1041/2017,ADV-1076,EVIDENCE_ACCUSED,1,old-case guarantee,4.5,1,0,,Unclear,7
2026-12-09,36,12:00,ST/1063/2017,ADV-0125,EVIDENCE_ACCUSED,1,old-case guarantee,4.5,1,0,,Evidence / Filing Not Ready,7
2026-12-09,37,13:00,ST/525/2026,ADV-0802,COGNIZANCE,0,due,9.8,1,1,APPEARANCE,,21
2026-12-09,38,13:00,ST/1642/2021,ADV-0658,JUDGEMENT,1,due,29.9,1,1,,,21
2026-12-09,39,13:00,ST/2594/2021,ADV-0819,JUDGEMENT,1,due,29.9,1,1,,,21
2026-12-09,40,14:00,ST/269/2021,ADV-1103,JUDGEMENT,1,due,29.8,1,1,,,21
2026-12-09,41,14:00,ST/95/2025,ADV-1009,APPEARANCE,0,due,5.1,1,0,,Unclear,7
2026-12-09,42,14:00,ST/499/2023,ADV-0970,JUDGEMENT,0,due,29.9,1,1,,,21
2026-12-09,43,15:00,ST/1341/2026,ADV-0227,APPEARANCE,0,due,6.7,1,0,,Both Parties Unready / Absent,7
2026-12-09,44,15:00,ST/314/2026,ADV-0233,APPEARANCE,0,due,5.8,1,0,,Respondent Absence / Non-Compliance,7
2026-12-09,45,15:00,ST/664/2023,ADV-0233,JUDGEMENT,0,ranked (advocate already listed),29.8,1,1,,,21
2026-12-09,46,15:00,ST/1169/2017,ADV-0683,EVIDENCE_ACCUSED,1,old case waited too long,4.5,1,0,,Evidence / Filing Not Ready,7
2026-12-09,47,16:00,ST/1257/2017,ADV-1142,EVIDENCE_ACCUSED,1,old case waited too long,4.5,1,0,,Evidence / Filing Not Ready,7
2026-12-09,48,16:00,ST/1258/2017,ADV-1085,EVIDENCE_ACCUSED,1,old case waited too long,4.5,1,0,,Respondent Absence / Non-Compliance,14
2026-12-09,49,16:00,ST/1434/2017,ADV-0848,EVIDENCE_ACCUSED,1,old case waited too long,4.5,1,0,,Evidence / Filing Not Ready,7
2026-12-09,50,16:00,ST/1546/2025,ADV-0017,PLEA,0,ranked,14.3,1,1,EXAMINATION_UNDER_S351_BNSS,,14
2026-12-10,1,10:00,ST/1445/2017,ADV-0085,EVIDENCE_ACCUSED,1,old-case guarantee,4.5,1,0,,Respondent Absence / Non-Compliance,14
2026-12-10,2,10:00,ST/1528/2017,ADV-0962,EVIDENCE_ACCUSED,1,old-case guarantee,4.5,1,0,,Evidence / Filing Not Ready,7
2026-12-10,3,10:00,ST/1536/2017,ADV-0207,EVIDENCE_ACCUSED,1,old-case guarantee,4.5,1,0,,Evidence / Filing Not Ready,7
2026-12-10,4,10:00,ST/1962/2017,ADV-0978,EVIDENCE_ACCUSED,1,old-case guarantee,4.5,1,1,ARGUMENTS,,14
2026-12-10,5,10:00,ST/2032/2017,ADV-0960,EVIDENCE_ACCUSED,1,old-case guarantee,4.5,1,0,,Petitioner Absence / Non-Compliance,14
2026-12-10,6,10:00,ST/2041/2017,ADV-0547,EVIDENCE_ACCUSED,1,old-case guarantee,4.5,1,0,,Respondent Absence / Non-Compliance,14
2026-12-10,7,10:00,ST/2151/2017,ADV-0643,EVIDENCE_ACCUSED,1,old-case guarantee,4.5,1,0,,Evidence / Filing Not Ready,7
2026-12-10,8,10:00,ST/2305/2017,ADV-0215,EVIDENCE_ACCUSED,1,old-case guarantee,4.5,1,0,,Evidence / Filing Not Ready,7
2026-12-10,9,10:00,ST/2354/2017,ADV-0766,EVIDENCE_ACCUSED,1,old-case guarantee,4.5,1,0,,Evidence / Filing Not Ready,7
2026-12-10,10,10:00,ST/1279/2026,ADV-0766,DELAY_CONDONATION_HEARING,0,ranked (advocate already listed),3.6,1,1,COGNIZANCE,,14
2026-12-10,11,10:00,ST/2417/2017,ADV-0514,EVIDENCE_ACCUSED,1,old-case guarantee,4.5,1,0,,Unclear,7
2026-12-10,12,10:00,ST/2509/2017,ADV-0923,EVIDENCE_ACCUSED,1,old-case guarantee,4.5,1,0,,Respondent Absence / Non-Compliance,14
2026-12-10,13,10:00,ST/2623/2017,ADV-0050,EVIDENCE_ACCUSED,1,old-case guarantee,4.5,1,0,,Respondent Absence / Non-Compliance,14
2026-12-10,14,10:00,ST/2693/2017,ADV-1167,EVIDENCE_ACCUSED,1,old-case guarantee,4.5,1,0,,Respondent Absence / Non-Compliance,14
2026-12-10,15,11:00,ST/2852/2017,ADV-0445,EVIDENCE_ACCUSED,1,old-case guarantee,4.5,1,1,ARGUMENTS,,14
2026-12-10,16,11:00,ST/2867/2017,ADV-0850,EVIDENCE_ACCUSED,1,old-case guarantee,4.5,1,0,,Respondent Absence / Non-Compliance,14
2026-12-10,17,11:00,ST/2952/2017,ADV-0481,EVIDENCE_ACCUSED,1,old-case guarantee,4.5,1,0,,Respondent Absence / Non-Compliance,14
2026-12-10,18,11:00,ST/2965/2017,ADV-1244,EVIDENCE_ACCUSED,1,old-case guarantee,4.5,1,0,,Evidence / Filing Not Ready,7
2026-12-10,19,11:00,ST/2972/2017,ADV-1217,EVIDENCE_ACCUSED,1,old-case guarantee,4.5,1,0,,Evidence / Filing Not Ready,7
2026-12-10,20,11:00,ST/5/2017,ADV-0917,EVIDENCE_ACCUSED,1,old-case guarantee,7.4,1,0,,Respondent Absence / Non-Compliance,14
2026-12-10,21,11:00,ST/332/2017,ADV-0056,EVIDENCE_ACCUSED,1,old-case guarantee,7.4,1,1,ARGUMENTS,,14
2026-12-10,22,11:00,ST/387/2017,ADV-1172,EVIDENCE_ACCUSED,1,old-case guarantee,7.4,1,0,,Evidence / Filing Not Ready,7
2026-12-10,23,11:00,ST/519/2017,ADV-1179,EVIDENCE_ACCUSED,1,old-case guarantee,7.4,1,1,ARGUMENTS,,14
2026-12-10,24,11:00,ST/174/2025,ADV-1054,APPEARANCE,0,due,5.1,1,0,,Evidence / Filing Not Ready,7
2026-12-10,25,11:00,ST/2308/2026,ADV-0434,COGNIZANCE,0,due,9.7,1,1,APPEARANCE,,21
2026-12-10,26,12:00,ST/75/2025,ADV-0449,APPLICATION_REVIEW,0,due,7.7,1,1,APPEARANCE,,21
2026-12-10,27,12:00,ST/85/2025,ADV-0225,APPLICATION_REVIEW,0,due,7.7,1,0,,Unclear,7
2026-12-10,28,12:00,ST/534/2023,ADV-0507,JUDGEMENT,0,due,29.9,1,1,,,21
2026-12-10,29,12:00,ST/793/2023,ADV-0386,JUDGEMENT,0,due,29.9,1,1,,,21
2026-12-10,30,13:00,ST/986/2023,ADV-0986,JUDGEMENT,0,due,29.9,1,1,DISPOSED,,
2026-12-10,31,13:00,ST/1009/2023,ADV-0001,JUDGEMENT,0,due,29.9,1,1,,,21
2026-12-10,32,14:00,ST/557/2017,ADV-0649,EVIDENCE_ACCUSED,1,old case waited too long,7.4,1,0,,Evidence / Filing Not Ready,7
2026-12-10,33,14:00,ST/591/2017,ADV-0984,EVIDENCE_ACCUSED,1,old case waited too long,7.4,1,0,,Respondent Absence / Non-Compliance,14
2026-12-10,34,14:00,ST/691/2017,ADV-0854,EVIDENCE_ACCUSED,1,old case waited too long,7.4,1,0,,Petitioner Absence / Non-Compliance,14
2026-12-10,35,14:00,ST/753/2017,ADV-0043,EVIDENCE_ACCUSED,1,old case waited too long,7.4,1,0,,Evidence / Filing Not Ready,7
2026-12-10,36,14:00,ST/984/2017,ADV-0069,EVIDENCE_ACCUSED,1,old case waited too long,7.4,1,0,,Evidence / Filing Not Ready,7
2026-12-10,37,15:00,ST/1106/2017,ADV-1085,EVIDENCE_ACCUSED,1,old case waited too long,7.4,1,0,,Evidence / Filing Not Ready,7
2026-12-10,38,15:00,ST/1113/2017,ADV-0352,EVIDENCE_ACCUSED,1,old case waited too long,7.4,1,1,ARGUMENTS,,14
2026-12-10,39,15:00,ST/1247/2017,ADV-0611,EVIDENCE_ACCUSED,1,old case waited too long,7.4,1,0,,Evidence / Filing Not Ready,7
2026-12-10,40,15:00,ST/1435/2017,ADV-0727,EVIDENCE_ACCUSED,1,old case waited too long,7.4,1,1,,,14
2026-12-10,41,15:00,ST/1505/2017,ADV-0092,EVIDENCE_ACCUSED,1,old case waited too long,7.4,1,0,,Unclear,7
2026-12-10,42,15:00,ST/1716/2017,ADV-0662,EVIDENCE_ACCUSED,1,old case waited too long,7.4,1,0,,Respondent Absence / Non-Compliance,14
2026-12-10,43,15:00,ST/1859/2017,ADV-0878,EVIDENCE_ACCUSED,1,old case waited too long,7.4,1,0,,Evidence / Filing Not Ready,7
2026-12-10,44,15:00,ST/2074/2017,ADV-1202,EVIDENCE_ACCUSED,1,old case waited too long,7.4,1,1,ARGUMENTS,,14
2026-12-10,45,16:00,ST/2289/2017,ADV-1237,EVIDENCE_ACCUSED,1,old case waited too long,7.4,1,0,,Respondent Absence / Non-Compliance,14
2026-12-11,1,10:00,ST/2402/2017,ADV-0085,EVIDENCE_ACCUSED,1,old-case guarantee,7.4,1,1,ARGUMENTS,,14
2026-12-11,2,10:00,ST/2439/2017,ADV-0795,EVIDENCE_ACCUSED,1,old-case guarantee,7.4,1,0,,Unclear,7
2026-12-11,3,10:00,ST/2444/2017,ADV-0936,EVIDENCE_ACCUSED,1,old-case guarantee,7.4,1,0,,Evidence / Filing Not Ready,7
2026-12-11,4,10:00,ST/2505/2017,ADV-0981,EVIDENCE_ACCUSED,1,old-case guarantee,7.4,1,0,,Evidence / Filing Not Ready,7
2026-12-11,5,10:00,ST/2941/2017,ADV-0530,EVIDENCE_ACCUSED,1,old-case guarantee,7.4,1,0,,Unclear,7
2026-12-11,6,10:00,ST/63/2020,ADV-0796,EVIDENCE_ACCUSED,1,old-case guarantee,5.2,1,0,,Unclear,7
2026-12-11,7,10:00,ST/117/2020,ADV-1188,EVIDENCE_ACCUSED,1,old-case guarantee,5.2,1,0,,Evidence / Filing Not Ready,7
2026-12-11,8,10:00,ST/312/2020,ADV-0909,EVIDENCE_ACCUSED,1,old-case guarantee,5.2,1,0,,Evidence / Filing Not Ready,7
2026-12-11,9,10:00,ST/427/2020,ADV-0890,EVIDENCE_ACCUSED,1,old-case guarantee,5.2,1,0,,Evidence / Filing Not Ready,7
2026-12-11,10,10:00,ST/518/2020,ADV-0313,EVIDENCE_ACCUSED,1,old-case guarantee,5.2,1,0,,Respondent Absence / Non-Compliance,14
2026-12-11,11,11:00,ST/548/2020,ADV-0186,EVIDENCE_ACCUSED,1,old-case guarantee,5.2,1,0,,Evidence / Filing Not Ready,7
2026-12-11,12,11:00,ST/2796/2020,ADV-0186,EVIDENCE_ACCUSED,1,old case waited too long,5.2,1,0,,Respondent Absence / Non-Compliance,14
2026-12-11,13,11:00,ST/572/2020,ADV-0631,EVIDENCE_ACCUSED,1,old-case guarantee,5.2,1,0,,Respondent Absence / Non-Compliance,14
2026-12-11,14,11:00,ST/777/2020,ADV-0669,EVIDENCE_ACCUSED,1,old-case guarantee,5.2,1,0,,Evidence / Filing Not Ready,7
2026-12-11,15,11:00,ST/953/2020,ADV-0348,EVIDENCE_ACCUSED,1,old-case guarantee,5.2,1,0,,Evidence / Filing Not Ready,7
2026-12-11,16,11:00,ST/1194/2020,ADV-0828,EVIDENCE_ACCUSED,1,old-case guarantee,5.2,1,1,ARGUMENTS,,14
2026-12-11,17,11:00,ST/1234/2020,ADV-0496,EVIDENCE_ACCUSED,1,old-case guarantee,5.2,1,0,,Evidence / Filing Not Ready,7
2026-12-11,18,11:00,ST/1267/2020,ADV-0696,EVIDENCE_ACCUSED,1,old-case guarantee,5.2,1,0,,Respondent Absence / Non-Compliance,14
2026-12-11,19,11:00,ST/1547/2020,ADV-0279,EVIDENCE_ACCUSED,1,old-case guarantee,5.2,1,0,,Evidence / Filing Not Ready,7
2026-12-11,20,11:00,ST/1736/2020,ADV-0115,EVIDENCE_ACCUSED,1,old-case guarantee,5.2,1,0,,Respondent Absence / Non-Compliance,14
2026-12-11,21,11:00,ST/138/2026,ADV-1142,ADMISSION,0,due,3.7,1,1,COGNIZANCE,,14
2026-12-11,22,11:00,ST/226/2025,ADV-0597,APPEARANCE,0,due,5.1,1,1,PLEA,,14
2026-12-11,23,12:00,ST/1363/2023,ADV-1238,JUDGEMENT,0,due,29.9,1,1,DISPOSED,,
2026-12-11,24,12:00,ST/1684/2023,ADV-0150,JUDGEMENT,0,due,29.9,1,1,,,21
2026-12-11,25,13:00,ST/1703/2023,ADV-0491,JUDGEMENT,0,due,29.9,1,1,,,21
2026-12-11,26,13:00,ST/1866/2023,ADV-1046,JUDGEMENT,0,due,29.9,1,1,DISPOSED,,
2026-12-11,27,14:00,ST/516/2024,ADV-1009,EXAMINATION_UNDER_S351_BNSS,0,due,17.8,1,0,,Unclear,7
2026-12-11,28,14:00,ST/1764/2020,ADV-1053,EVIDENCE_ACCUSED,1,old case waited too long,5.2,1,1,ARGUMENTS,,14
2026-12-11,29,14:00,ST/1864/2020,ADV-1228,EVIDENCE_ACCUSED,1,old case waited too long,5.2,1,0,,Evidence / Filing Not Ready,7
2026-12-11,30,14:00,ST/1880/2020,ADV-0581,EVIDENCE_ACCUSED,1,old case waited too long,5.2,1,0,,Unclear,7
2026-12-11,31,14:00,ST/2103/2020,ADV-0544,EVIDENCE_ACCUSED,1,old case waited too long,5.2,1,0,,Unclear,7
2026-12-11,32,14:00,ST/2245/2020,ADV-0390,EVIDENCE_ACCUSED,1,old case waited too long,5.2,1,0,,Unclear,7
2026-12-11,33,14:00,ST/2268/2020,ADV-1166,EVIDENCE_ACCUSED,1,old case waited too long,5.2,1,0,,Evidence / Filing Not Ready,7
2026-12-11,34,14:00,ST/2332/2020,ADV-1062,EVIDENCE_ACCUSED,1,old case waited too long,5.2,1,0,,Unclear,7
2026-12-11,35,14:00,ST/2388/2020,ADV-0001,EVIDENCE_ACCUSED,1,old case waited too long,5.2,1,0,,Evidence / Filing Not Ready,7
2026-12-11,36,15:00,ST/2407/2020,ADV-0820,EVIDENCE_ACCUSED,1,old case waited too long,5.2,1,0,,Evidence / Filing Not Ready,7
2026-12-11,37,15:00,ST/2450/2020,ADV-1133,EVIDENCE_ACCUSED,1,old case waited too long,5.2,1,1,ARGUMENTS,,14
2026-12-11,38,15:00,ST/2479/2020,ADV-0991,EVIDENCE_ACCUSED,1,old case waited too long,5.2,1,0,,Evidence / Filing Not Ready,7
2026-12-11,39,15:00,ST/2564/2020,ADV-0338,EVIDENCE_ACCUSED,1,old case waited too long,5.2,1,0,,Evidence / Filing Not Ready,7
2026-12-11,40,15:00,ST/2707/2020,ADV-0695,EVIDENCE_ACCUSED,1,old case waited too long,5.2,1,0,,Unclear,7
2026-12-11,41,15:00,ST/2718/2020,ADV-1224,EVIDENCE_ACCUSED,1,old case waited too long,5.2,1,0,,Respondent Absence / Non-Compliance,14
2026-12-11,42,15:00,ST/2866/2020,ADV-0447,EVIDENCE_ACCUSED,1,old case waited too long,5.2,1,0,,Respondent Absence / Non-Compliance,14
2026-12-11,43,15:00,ST/2609/2026,ADV-0447,DELAY_CONDONATION_HEARING,0,ranked (advocate already listed),3.6,1,1,COGNIZANCE,,14
2026-12-11,44,15:00,ST/4/2021,ADV-0827,EVIDENCE_ACCUSED,1,old case waited too long,5.7,1,0,,Evidence / Filing Not Ready,7
2026-12-11,45,15:00,ST/93/2021,ADV-1208,EVIDENCE_ACCUSED,1,old case waited too long,5.7,1,0,,Evidence / Filing Not Ready,7
2026-12-11,46,15:00,ST/210/2021,ADV-0940,EVIDENCE_ACCUSED,1,old case waited too long,5.7,1,0,,Respondent Absence / Non-Compliance,14
2026-12-11,47,16:00,ST/235/2021,ADV-0573,EVIDENCE_ACCUSED,1,old case waited too long,5.7,1,0,,Respondent Absence / Non-Compliance,14
2026-12-11,48,16:00,ST/1441/2026,ADV-1190,DELAY_CONDONATION_HEARING,0,ranked,2.5,1,0,,Party Sought Time / Adjournment,14
2026-12-14,1,10:00,ST/334/2021,ADV-0978,EVIDENCE_ACCUSED,1,old-case guarantee,5.7,1,0,,Evidence / Filing Not Ready,7
2026-12-14,2,10:00,ST/457/2021,ADV-1006,EVIDENCE_ACCUSED,1,old-case guarantee,5.7,1,0,,Evidence / Filing Not Ready,7
2026-12-14,3,10:00,ST/473/2021,ADV-0845,EVIDENCE_ACCUSED,1,old-case guarantee,5.7,1,0,,Respondent Absence / Non-Compliance,14
2026-12-14,4,10:00,ST/814/2021,ADV-1044,EVIDENCE_ACCUSED,1,old-case guarantee,5.7,1,0,,Evidence / Filing Not Ready,7
2026-12-14,5,10:00,ST/845/2021,ADV-0148,EVIDENCE_ACCUSED,1,old-case guarantee,5.7,1,0,,Evidence / Filing Not Ready,7
2026-12-14,6,10:00,ST/1008/2021,ADV-0353,EVIDENCE_ACCUSED,1,old-case guarantee,5.7,1,0,,Petitioner Absence / Non-Compliance,14
2026-12-14,7,10:00,ST/1112/2021,ADV-0508,EVIDENCE_ACCUSED,1,old-case guarantee,5.7,1,0,,Respondent Absence / Non-Compliance,14
2026-12-14,8,10:00,ST/1147/2021,ADV-1193,EVIDENCE_ACCUSED,1,old-case guarantee,5.7,1,0,,Evidence / Filing Not Ready,7
2026-12-14,9,10:00,ST/1165/2021,ADV-0962,EVIDENCE_ACCUSED,1,old-case guarantee,5.7,1,0,,Respondent Absence / Non-Compliance,14
2026-12-14,10,10:00,ST/1200/2021,ADV-0095,EVIDENCE_ACCUSED,1,old-case guarantee,5.7,1,0,,Unclear,7
2026-12-14,11,10:00,ST/1599/2021,ADV-0714,EVIDENCE_ACCUSED,1,old-case guarantee,5.7,1,0,,Evidence / Filing Not Ready,7
2026-12-14,12,11:00,ST/1713/2021,ADV-1158,EVIDENCE_ACCUSED,1,old-case guarantee,5.7,1,0,,Evidence / Filing Not Ready,7
2026-12-14,13,11:00,ST/1835/2021,ADV-0328,EVIDENCE_ACCUSED,1,old-case guarantee,5.7,1,0,,Respondent Absence / Non-Compliance,14
2026-12-14,14,11:00,ST/1999/2021,ADV-0343,EVIDENCE_ACCUSED,1,old-case guarantee,5.7,1,1,ARGUMENTS,,14
2026-12-14,15,11:00,ST/2016/2021,ADV-1030,EVIDENCE_ACCUSED,1,old-case guarantee,5.7,1,1,ARGUMENTS,,14
2026-12-14,16,11:00,ST/2019/2021,ADV-1212,EVIDENCE_ACCUSED,1,old-case guarantee,5.7,1,0,,Petitioner Absence / Non-Compliance,14
2026-12-14,17,11:00,ST/2868/2026,ADV-1212,DELAY_CONDONATION_HEARING,0,ranked (advocate already listed),2.5,1,0,,Petitioner Absence / Non-Compliance,14
2026-12-14,18,11:00,ST/2020/2021,ADV-0053,EVIDENCE_ACCUSED,1,old-case guarantee,5.7,1,0,,Evidence / Filing Not Ready,7
2026-12-14,19,11:00,ST/2027/2021,ADV-0128,EVIDENCE_ACCUSED,1,old-case guarantee,5.7,1,0,,Evidence / Filing Not Ready,7
2026-12-14,20,11:00,ST/2114/2021,ADV-0189,EVIDENCE_ACCUSED,1,old-case guarantee,5.7,1,0,,Evidence / Filing Not Ready,7
2026-12-14,21,11:00,ST/2411/2026,ADV-1031,ADMISSION,0,due,3.9,1,1,COGNIZANCE,,14
2026-12-14,22,11:00,ST/277/2025,ADV-0179,APPLICATION_REVIEW,0,due,7.7,1,1,APPEARANCE,,21
2026-12-14,23,12:00,ST/370/2025,ADV-1196,APPEARANCE,0,due,5.1,1,0,,Both Parties Unready / Absent,7
2026-12-14,24,12:00,ST/379/2025,ADV-0644,APPEARANCE,0,due,5.1,1,1,PLEA,,14
2026-12-14,25,12:00,ST/462/2025,ADV-1011,APPEARANCE,0,due,5.1,1,0,,Both Parties Unready / Absent,7
2026-12-14,26,12:00,ST/1883/2023,ADV-0617,JUDGEMENT,0,due,29.9,1,1,,,21
2026-12-14,27,12:00,ST/2075/2023,ADV-0749,JUDGEMENT,0,due,29.9,1,1,,,21
2026-12-14,28,13:00,ST/2257/2023,ADV-0088,JUDGEMENT,0,due,29.9,1,1,,,21
2026-12-14,29,13:00,ST/2306/2023,ADV-0721,JUDGEMENT,0,due,29.9,1,1,DISPOSED,,
2026-12-14,30,14:00,ST/2156/2021,ADV-0563,EVIDENCE_ACCUSED,1,old case waited too long,5.7,1,0,,Evidence / Filing Not Ready,7
2026-12-14,31,14:00,ST/2161/2021,ADV-0018,EVIDENCE_ACCUSED,1,old case waited too long,5.7,1,0,,Petitioner Absence / Non-Compliance,14
2026-12-14,32,14:00,ST/2317/2021,ADV-0509,EVIDENCE_ACCUSED,1,old case waited too long,5.7,1,0,,Evidence / Filing Not Ready,7
2026-12-14,33,14:00,ST/2358/2021,ADV-0607,EVIDENCE_ACCUSED,1,old case waited too long,5.7,1,1,ARGUMENTS,,14
2026-12-14,34,14:00,ST/2366/2021,ADV-0760,EVIDENCE_ACCUSED,1,old case waited too long,5.7,1,0,,Respondent Absence / Non-Compliance,14
2026-12-14,35,14:00,ST/2448/2021,ADV-0800,EVIDENCE_ACCUSED,1,old case waited too long,5.7,1,1,ARGUMENTS,,14
2026-12-14,36,14:00,ST/2477/2021,ADV-0727,EVIDENCE_ACCUSED,1,old case waited too long,5.7,1,0,,Respondent Absence / Non-Compliance,14
2026-12-14,37,14:00,ST/2478/2021,ADV-0056,EVIDENCE_ACCUSED,1,old case waited too long,5.7,1,0,,Petitioner Absence / Non-Compliance,14
2026-12-14,38,15:00,ST/2524/2021,ADV-0005,EVIDENCE_ACCUSED,1,old case waited too long,5.7,1,0,,Petitioner Absence / Non-Compliance,14
2026-12-14,39,15:00,ST/2726/2021,ADV-0030,EVIDENCE_ACCUSED,1,old case waited too long,5.7,1,0,,Evidence / Filing Not Ready,7
2026-12-14,40,15:00,ST/2812/2021,ADV-0940,EVIDENCE_ACCUSED,1,old case waited too long,5.7,1,0,,Evidence / Filing Not Ready,7
2026-12-14,41,15:00,ST/2935/2021,ADV-0809,EVIDENCE_ACCUSED,1,old case waited too long,5.7,1,0,,Evidence / Filing Not Ready,7
2026-12-14,42,15:00,ST/173/2018,ADV-1140,ARGUMENTS,1,old case waited too long,6.2,1,0,,Party Sought Time / Adjournment,14
2026-12-14,43,15:00,ST/360/2018,ADV-0390,ARGUMENTS,1,old case waited too long,6.2,1,0,,Evidence / Filing Not Ready,7
2026-12-14,44,15:00,ST/381/2018,ADV-0076,ARGUMENTS,1,old case waited too long,6.2,1,0,,Unclear,7
2026-12-14,45,15:00,ST/397/2018,ADV-0780,ARGUMENTS,1,old case waited too long,6.2,1,0,,Party Sought Time / Adjournment,14
2026-12-14,46,15:00,ST/420/2018,ADV-1255,ARGUMENTS,1,old case waited too long,6.2,1,0,,Court Administrative Issue,7
2026-12-14,47,15:00,ST/465/2018,ADV-1195,ARGUMENTS,1,old case waited too long,6.2,1,0,,Party Sought Time / Adjournment,14
2026-12-14,48,16:00,ST/1735/2026,ADV-0418,DELAY_CONDONATION_HEARING,0,ranked,2.5,1,0,,Evidence / Filing Not Ready,7
2026-12-14,49,16:00,ST/1888/2026,ADV-0855,DELAY_CONDONATION_HEARING,0,ranked,2.5,1,0,,Unclear,7
2026-12-15,1,10:00,ST/542/2018,ADV-0414,ARGUMENTS,1,old-case guarantee,6.2,1,0,,Party Sought Time / Adjournment,14
2026-12-15,2,10:00,ST/689/2018,ADV-1026,ARGUMENTS,1,old-case guarantee,6.2,1,0,,Party Sought Time / Adjournment,14
2026-12-15,3,10:00,ST/748/2018,ADV-0552,ARGUMENTS,1,old-case guarantee,6.2,1,0,,Court Administrative Issue,7
2026-12-15,4,10:00,ST/794/2018,ADV-0252,ARGUMENTS,1,old-case guarantee,6.2,1,1,JUDGEMENT,,21
2026-12-15,5,10:00,ST/865/2018,ADV-1068,ARGUMENTS,1,old-case guarantee,6.2,1,0,,Party Sought Time / Adjournment,14
2026-12-15,6,10:00,ST/1658/2025,ADV-1068,APPEARANCE,0,ranked (advocate already listed),7.1,1,1,,,21
2026-12-15,7,10:00,ST/951/2018,ADV-0839,ARGUMENTS,1,old-case guarantee,6.2,1,0,,Party Sought Time / Adjournment,14
2026-12-15,8,10:00,ST/1107/2018,ADV-1185,ARGUMENTS,1,old-case guarantee,6.2,1,0,,Unclear,7
2026-12-15,9,10:00,ST/1179/2018,ADV-1248,ARGUMENTS,1,old-case guarantee,6.2,1,0,,Party Sought Time / Adjournment,14
2026-12-15,10,10:00,ST/1237/2018,ADV-0351,ARGUMENTS,1,old-case guarantee,6.2,1,0,,Evidence / Filing Not Ready,7
2026-12-15,11,11:00,ST/1240/2018,ADV-0657,ARGUMENTS,1,old-case guarantee,6.2,1,0,,Evidence / Filing Not Ready,7
2026-12-15,12,11:00,ST/1250/2018,ADV-0138,ARGUMENTS,1,old-case guarantee,6.2,1,0,,Evidence / Filing Not Ready,7
2026-12-15,13,11:00,ST/1475/2018,ADV-1186,ARGUMENTS,1,old-case guarantee,6.2,1,0,,Court Administrative Issue,7
2026-12-15,14,11:00,ST/736/2023,ADV-1186,JUDGEMENT,0,ranked (advocate already listed),29.8,1,1,,,21
2026-12-15,15,11:00,ST/1512/2018,ADV-1162,ARGUMENTS,1,old-case guarantee,6.2,1,1,JUDGEMENT,,21
2026-12-15,16,11:00,ST/1922/2018,ADV-0967,ARGUMENTS,1,old-case guarantee,6.2,1,0,,Evidence / Filing Not Ready,7
2026-12-15,17,12:00,ST/1975/2018,ADV-1240,ARGUMENTS,1,old-case guarantee,6.2,1,0,,Party Sought Time / Adjournment,14
2026-12-15,18,12:00,ST/2001/2018,ADV-1149,ARGUMENTS,1,old-case guarantee,6.2,1,0,,Court Administrative Issue,7
2026-12-15,19,12:00,ST/2029/2018,ADV-1245,ARGUMENTS,1,old-case guarantee,6.2,1,1,JUDGEMENT,,21
2026-12-15,20,12:00,ST/2154/2018,ADV-1179,ARGUMENTS,1,old-case guarantee,6.2,1,0,,Evidence / Filing Not Ready,7
2026-12-15,21,12:00,ST/852/2016,ADV-0365,JUDGEMENT,1,due,29.8,1,1,,,21
2026-12-15,22,12:00,ST/686/2025,ADV-0120,APPLICATION_REVIEW,0,due,7.7,1,0,,Unclear,7
2026-12-15,23,12:00,ST/1154/2023,ADV-0120,APPEARANCE,0,due,6.8,1,1,PLEA,,14
2026-12-15,24,13:00,ST/895/2025,ADV-0703,DELAY_CONDONATION_HEARING,0,due,2.5,1,0,,Party Sought Time / Adjournment,14
2026-12-15,25,13:00,ST/527/2025,ADV-0049,APPEARANCE,0,due,5.1,1,0,,Respondent Absence / Non-Compliance,7
2026-12-15,26,13:00,ST/608/2025,ADV-0540,APPEARANCE,0,due,5.1,1,1,,,21
2026-12-15,27,13:00,ST/2423/2023,ADV-0873,JUDGEMENT,0,due,29.9,1,1,,,21
2026-12-15,28,13:00,ST/2462/2023,ADV-0231,JUDGEMENT,0,due,29.9,1,1,,,21
2026-12-15,29,14:00,ST/84/2023,ADV-0373,JUDGEMENT,0,due,29.8,1,1,DISPOSED,,
2026-12-15,30,14:00,ST/2228/2018,ADV-1256,ARGUMENTS,1,old case waited too long,6.2,1,0,,Respondent Absence / Non-Compliance,14
2026-12-15,31,15:00,ST/2362/2018,ADV-1033,ARGUMENTS,1,old case waited too long,6.2,1,1,JUDGEMENT,,21
2026-12-15,32,15:00,ST/2591/2018,ADV-0226,ARGUMENTS,1,old case waited too long,6.2,1,0,,Party Sought Time / Adjournment,14
2026-12-15,33,15:00,ST/2740/2018,ADV-0493,ARGUMENTS,1,old case waited too long,6.2,1,0,,Party Sought Time / Adjournment,14
2026-12-15,34,15:00,ST/7/2021,ADV-0378,EVIDENCE_ACCUSED,1,old case waited too long,7.9,1,0,,Respondent Absence / Non-Compliance,14
2026-12-15,35,15:00,ST/77/2021,ADV-0018,EVIDENCE_ACCUSED,1,old case waited too long,7.9,1,0,,Respondent Absence / Non-Compliance,14
2026-12-15,36,15:00,ST/107/2021,ADV-0395,EVIDENCE_ACCUSED,1,old case waited too long,7.9,1,0,,Evidence / Filing Not Ready,7
2026-12-15,37,15:00,ST/169/2021,ADV-0419,EVIDENCE_ACCUSED,1,old case waited too long,7.9,1,0,,Respondent Absence / Non-Compliance,14
2026-12-15,38,15:00,ST/306/2021,ADV-0257,EVIDENCE_ACCUSED,1,old case waited too long,7.9,1,0,,Evidence / Filing Not Ready,7
2026-12-15,39,16:00,ST/416/2021,ADV-0565,EVIDENCE_ACCUSED,1,old case waited too long,7.9,1,0,,Unclear,7
2026-12-15,40,16:00,ST/2098/2026,ADV-1087,DELAY_CONDONATION_HEARING,0,ranked,2.5,1,0,,Evidence / Filing Not Ready,7
