Case Number,Filing Number,Hearing Type,Hearing Date,status,expected_minutes,score,why,advocate_id,age_years
ST/1030/2017,KL-001030-2017,JUDGEMENT,2026-09-28,tentative,30.0,25.0,+15 age 5y+ | +10 Judgement,ADV-523,9.2
ST/1069/2017,KL-001069-2017,JUDGEMENT,2026-09-28,tentative,30.0,25.0,+15 age 5y+ | +10 Judgement,ADV-930,9.2
ST/1140/2016,KL-001140-2016,JUDGEMENT,2026-09-28,tentative,30.0,25.0,+15 age 5y+ | +10 Judgement,ADV-636,9.9
ST/1142/2017,KL-001142-2017,JUDGEMENT,2026-09-28,tentative,30.0,25.0,+15 age 5y+ | +10 Judgement,ADV-1084,9.2
ST/1145/2017,KL-001145-2017,JUDGEMENT,2026-09-28,tentative,30.0,25.0,+15 age 5y+ | +10 Judgement,ADV-163,9.2
ST/1147/2016,KL-001147-2016,JUDGEMENT,2026-09-28,tentative,30.0,25.0,+15 age 5y+ | +10 Judgement,ADV-522,9.9
ST/1164/2016,KL-001164-2016,JUDGEMENT,2026-09-28,tentative,30.0,25.0,+15 age 5y+ | +10 Judgement,ADV-253,9.9
ST/1176/2017,KL-001176-2017,JUDGEMENT,2026-09-28,tentative,30.0,25.0,+15 age 5y+ | +10 Judgement,ADV-440,9.2
ST/1036/2018,KL-001036-2018,ARGUMENTS,2026-09-28,tentative,19.6,24.0,+15 age 5y+ | +9 Arguments,ADV-041,8.1
ST/129/2021,KL-000129-2021,APPLICATION_REVIEW,2026-09-28,tentative,9.5,20.0,+15 age 5y+ | +5 Application Review | procedural share of the day,ADV-636,5.6
ST/1344/2021,KL-001344-2021,APPLICATION_REVIEW,2026-09-28,tentative,9.5,20.0,+15 age 5y+ | +5 Application Review | procedural share of the day,ADV-325,5.6
ST/1455/2021,KL-001455-2021,APPLICATION_REVIEW,2026-09-28,tentative,9.5,20.0,+15 age 5y+ | +5 Application Review | procedural share of the day,ADV-772,5.6
ST/1627/2021,KL-001627-2021,APPLICATION_REVIEW,2026-09-28,tentative,9.5,20.0,+15 age 5y+ | +5 Application Review | procedural share of the day,ADV-004,5.6
ST/1631/2021,KL-001631-2021,APPLICATION_REVIEW,2026-09-28,tentative,9.5,20.0,+15 age 5y+ | +5 Application Review | procedural share of the day,ADV-187,5.6
ST/1759/2021,KL-001759-2021,APPLICATION_REVIEW,2026-09-28,tentative,9.5,20.0,+15 age 5y+ | +5 Application Review | procedural share of the day,ADV-570,5.6
ST/1765/2021,KL-001765-2021,APPLICATION_REVIEW,2026-09-28,tentative,9.5,20.0,+15 age 5y+ | +5 Application Review | procedural share of the day,ADV-551,5.6
ST/1897/2021,KL-001897-2021,APPLICATION_REVIEW,2026-09-28,tentative,9.5,20.0,+15 age 5y+ | +5 Application Review | procedural share of the day,ADV-1072,5.6
ST/2199/2021,KL-002199-2021,APPLICATION_REVIEW,2026-09-28,tentative,9.5,20.0,+15 age 5y+ | +5 Application Review | procedural share of the day,ADV-717,5.6
ST/2247/2021,KL-002247-2021,APPLICATION_REVIEW,2026-09-28,tentative,9.5,20.0,+15 age 5y+ | +5 Application Review | procedural share of the day,ADV-737,5.6
ST/228/2021,KL-000228-2021,APPLICATION_REVIEW,2026-09-28,tentative,9.5,20.0,+15 age 5y+ | +5 Application Review | procedural share of the day,ADV-477,5.6
ST/2530/2021,KL-002530-2021,APPLICATION_REVIEW,2026-09-28,tentative,9.5,20.0,+15 age 5y+ | +5 Application Review | procedural share of the day,ADV-092,5.6
ST/2561/2021,KL-002561-2021,APPLICATION_REVIEW,2026-09-28,tentative,9.5,20.0,+15 age 5y+ | +5 Application Review | procedural share of the day,ADV-600,5.6
ST/1047/2017,KL-001047-2017,REPORTS,2026-09-28,tentative,3.2,19.0,+15 age 5y+ | +4 Reports | procedural share of the day,ADV-570,8.9
ST/1056/2017,KL-001056-2017,REPORTS,2026-09-28,tentative,3.2,19.0,+15 age 5y+ | +4 Reports | procedural share of the day,ADV-477,9.6
ST/1299/2016,KL-001299-2016,JUDGEMENT,2026-09-29,tentative,30.0,25.2,+15 age 5y+ | +10 Judgement | +0.2 waiting 1d,ADV-046,9.9
ST/1335/2016,KL-001335-2016,JUDGEMENT,2026-09-29,tentative,30.0,25.2,+15 age 5y+ | +10 Judgement | +0.2 waiting 1d,ADV-1156,9.9
ST/1341/2016,KL-001341-2016,JUDGEMENT,2026-09-29,tentative,30.0,25.2,+15 age 5y+ | +10 Judgement | +0.2 waiting 1d,ADV-066,9.9
ST/1355/2017,KL-001355-2017,JUDGEMENT,2026-09-29,tentative,30.0,25.2,+15 age 5y+ | +10 Judgement | +0.2 waiting 1d,ADV-609,9.3
ST/1395/2017,KL-001395-2017,JUDGEMENT,2026-09-29,tentative,30.0,25.2,+15 age 5y+ | +10 Judgement | +0.2 waiting 1d,ADV-642,9.3
ST/142/2017,KL-000142-2017,JUDGEMENT,2026-09-29,tentative,30.0,25.2,+15 age 5y+ | +10 Judgement | +0.2 waiting 1d,ADV-514,9.3
ST/1494/2017,KL-001494-2017,JUDGEMENT,2026-09-29,tentative,30.0,25.2,+15 age 5y+ | +10 Judgement | +0.2 waiting 1d,ADV-330,9.2
ST/1511/2017,KL-001511-2017,JUDGEMENT,2026-09-29,tentative,30.0,25.2,+15 age 5y+ | +10 Judgement | +0.2 waiting 1d,ADV-378,9.2
ST/1139/2018,KL-001139-2018,ARGUMENTS,2026-09-29,tentative,19.6,24.2,+15 age 5y+ | +9 Arguments | +0.2 waiting 1d,ADV-1110,8.1
ST/2626/2021,KL-002626-2021,APPLICATION_REVIEW,2026-09-29,tentative,9.5,20.2,+15 age 5y+ | +5 Application Review | +0.2 waiting 1d | procedural share of the day,ADV-874,5.6
ST/2679/2021,KL-002679-2021,APPLICATION_REVIEW,2026-09-29,tentative,9.5,20.2,+15 age 5y+ | +5 Application Review | +0.2 waiting 1d | procedural share of the day,ADV-771,5.6
ST/2719/2021,KL-002719-2021,APPLICATION_REVIEW,2026-09-29,tentative,9.5,20.2,+15 age 5y+ | +5 Application Review | +0.2 waiting 1d | procedural share of the day,ADV-009,5.6
ST/2737/2021,KL-002737-2021,APPLICATION_REVIEW,2026-09-29,tentative,9.5,20.2,+15 age 5y+ | +5 Application Review | +0.2 waiting 1d | procedural share of the day,ADV-378,5.6
ST/288/2021,KL-000288-2021,APPLICATION_REVIEW,2026-09-29,tentative,9.5,20.2,+15 age 5y+ | +5 Application Review | +0.2 waiting 1d | procedural share of the day,ADV-253,5.6
ST/535/2021,KL-000535-2021,APPLICATION_REVIEW,2026-09-29,tentative,9.5,20.2,+15 age 5y+ | +5 Application Review | +0.2 waiting 1d | procedural share of the day,ADV-111,5.6
ST/570/2021,KL-000570-2021,APPLICATION_REVIEW,2026-09-29,tentative,9.5,20.2,+15 age 5y+ | +5 Application Review | +0.2 waiting 1d | procedural share of the day,ADV-311,5.6
ST/597/2021,KL-000597-2021,APPLICATION_REVIEW,2026-09-29,tentative,9.5,20.2,+15 age 5y+ | +5 Application Review | +0.2 waiting 1d | procedural share of the day,ADV-428,5.6
ST/708/2021,KL-000708-2021,APPLICATION_REVIEW,2026-09-29,tentative,9.5,20.2,+15 age 5y+ | +5 Application Review | +0.2 waiting 1d | procedural share of the day,ADV-953,5.6
ST/922/2021,KL-000922-2021,APPLICATION_REVIEW,2026-09-29,tentative,9.5,20.2,+15 age 5y+ | +5 Application Review | +0.2 waiting 1d | procedural share of the day,ADV-775,5.6
ST/930/2021,KL-000930-2021,APPLICATION_REVIEW,2026-09-29,tentative,9.5,20.2,+15 age 5y+ | +5 Application Review | +0.2 waiting 1d | procedural share of the day,ADV-933,5.6
ST/978/2021,KL-000978-2021,APPLICATION_REVIEW,2026-09-29,tentative,9.5,20.2,+15 age 5y+ | +5 Application Review | +0.2 waiting 1d | procedural share of the day,ADV-1245,5.6
ST/1065/2021,KL-001065-2021,REPORTS,2026-09-29,tentative,3.2,19.2,+15 age 5y+ | +4 Reports | +0.2 waiting 1d | procedural share of the day,ADV-954,5.5
ST/1073/2021,KL-001073-2021,REPORTS,2026-09-29,tentative,3.2,19.2,+15 age 5y+ | +4 Reports | +0.2 waiting 1d | procedural share of the day,ADV-1051,5.5
ST/1088/2017,KL-001088-2017,REPORTS,2026-09-29,tentative,3.2,19.2,+15 age 5y+ | +4 Reports | +0.2 waiting 1d | procedural share of the day,ADV-1171,9.6
ST/1098/2021,KL-001098-2021,REPORTS,2026-09-29,tentative,3.2,19.2,+15 age 5y+ | +4 Reports | +0.2 waiting 1d | procedural share of the day,ADV-185,5.5
ST/1112/2017,KL-001112-2017,REPORTS,2026-09-29,tentative,3.2,19.2,+15 age 5y+ | +4 Reports | +0.2 waiting 1d | procedural share of the day,ADV-605,8.9
ST/1514/2017,KL-001514-2017,JUDGEMENT,2026-09-30,tentative,30.0,25.4,+15 age 5y+ | +10 Judgement | +0.4 waiting 2d,ADV-1147,9.2
ST/1553/2016,KL-001553-2016,JUDGEMENT,2026-09-30,tentative,30.0,25.4,+15 age 5y+ | +10 Judgement | +0.4 waiting 2d,ADV-125,9.9
ST/1582/2017,KL-001582-2017,JUDGEMENT,2026-09-30,tentative,30.0,25.4,+15 age 5y+ | +10 Judgement | +0.4 waiting 2d,ADV-1225,9.3
ST/1636/2016,KL-001636-2016,JUDGEMENT,2026-09-30,tentative,30.0,25.4,+15 age 5y+ | +10 Judgement | +0.4 waiting 2d,ADV-963,9.9
ST/1669/2016,KL-001669-2016,JUDGEMENT,2026-09-30,tentative,30.0,25.4,+15 age 5y+ | +10 Judgement | +0.4 waiting 2d,ADV-928,9.9
ST/169/2017,KL-000169-2017,JUDGEMENT,2026-09-30,tentative,30.0,25.4,+15 age 5y+ | +10 Judgement | +0.4 waiting 2d,ADV-1036,9.2
ST/1710/2017,KL-001710-2017,JUDGEMENT,2026-09-30,tentative,30.0,25.4,+15 age 5y+ | +10 Judgement | +0.4 waiting 2d,ADV-538,9.3
ST/1725/2016,KL-001725-2016,JUDGEMENT,2026-09-30,tentative,30.0,25.4,+15 age 5y+ | +10 Judgement | +0.4 waiting 2d,ADV-367,9.9
ST/1234/2018,KL-001234-2018,ARGUMENTS,2026-09-30,tentative,19.6,24.4,+15 age 5y+ | +9 Arguments | +0.4 waiting 2d,ADV-334,8.1
ST/1117/2017,KL-001117-2017,REPORTS,2026-09-30,tentative,3.2,19.4,+15 age 5y+ | +4 Reports | +0.4 waiting 2d | procedural share of the day,ADV-024,9.6
ST/1169/2017,KL-001169-2017,REPORTS,2026-09-30,tentative,3.2,19.4,+15 age 5y+ | +4 Reports | +0.4 waiting 2d | procedural share of the day,ADV-639,9.6
ST/1257/2020,KL-001257-2020,REPORTS,2026-09-30,tentative,3.2,19.4,+15 age 5y+ | +4 Reports | +0.4 waiting 2d | procedural share of the day,ADV-412,6.6
ST/1265/2017,KL-001265-2017,REPORTS,2026-09-30,tentative,3.2,19.4,+15 age 5y+ | +4 Reports | +0.4 waiting 2d | procedural share of the day,ADV-756,8.9
ST/1288/2017,KL-001288-2017,REPORTS,2026-09-30,tentative,3.2,19.4,+15 age 5y+ | +4 Reports | +0.4 waiting 2d | procedural share of the day,ADV-1017,8.9
ST/1291/2017,KL-001291-2017,REPORTS,2026-09-30,tentative,3.2,19.4,+15 age 5y+ | +4 Reports | +0.4 waiting 2d | procedural share of the day,ADV-086,8.9
ST/1301/2021,KL-001301-2021,REPORTS,2026-09-30,tentative,3.2,19.4,+15 age 5y+ | +4 Reports | +0.4 waiting 2d | procedural share of the day,ADV-349,5.5
ST/1308/2017,KL-001308-2017,REPORTS,2026-09-30,tentative,3.2,19.4,+15 age 5y+ | +4 Reports | +0.4 waiting 2d | procedural share of the day,ADV-1008,8.9
ST/1336/2017,KL-001336-2017,REPORTS,2026-09-30,tentative,3.2,19.4,+15 age 5y+ | +4 Reports | +0.4 waiting 2d | procedural share of the day,ADV-537,9.6
ST/1346/2017,KL-001346-2017,REPORTS,2026-09-30,tentative,3.2,19.4,+15 age 5y+ | +4 Reports | +0.4 waiting 2d | procedural share of the day,ADV-634,9.6
ST/1378/2021,KL-001378-2021,REPORTS,2026-09-30,tentative,3.2,19.4,+15 age 5y+ | +4 Reports | +0.4 waiting 2d | procedural share of the day,ADV-332,5.5
ST/1386/2017,KL-001386-2017,REPORTS,2026-09-30,tentative,3.2,19.4,+15 age 5y+ | +4 Reports | +0.4 waiting 2d | procedural share of the day,ADV-909,8.9
ST/1422/2017,KL-001422-2017,REPORTS,2026-09-30,tentative,3.2,19.4,+15 age 5y+ | +4 Reports | +0.4 waiting 2d | procedural share of the day,ADV-1260,9.6
ST/145/2017,KL-000145-2017,REPORTS,2026-09-30,tentative,3.2,19.4,+15 age 5y+ | +4 Reports | +0.4 waiting 2d | procedural share of the day,ADV-962,9.6
ST/1479/2017,KL-001479-2017,REPORTS,2026-09-30,tentative,3.2,19.4,+15 age 5y+ | +4 Reports | +0.4 waiting 2d | procedural share of the day,ADV-1096,8.9
ST/148/2017,KL-000148-2017,REPORTS,2026-09-30,tentative,3.2,19.4,+15 age 5y+ | +4 Reports | +0.4 waiting 2d | procedural share of the day,ADV-1055,8.9
ST/1503/2020,KL-001503-2020,REPORTS,2026-09-30,tentative,3.2,19.4,+15 age 5y+ | +4 Reports | +0.4 waiting 2d | procedural share of the day,ADV-1257,6.6
ST/1512/2020,KL-001512-2020,REPORTS,2026-09-30,tentative,3.2,19.4,+15 age 5y+ | +4 Reports | +0.4 waiting 2d | procedural share of the day,ADV-658,6.6
ST/1545/2017,KL-001545-2017,REPORTS,2026-09-30,tentative,3.2,19.4,+15 age 5y+ | +4 Reports | +0.4 waiting 2d | procedural share of the day,ADV-563,8.9
ST/1559/2017,KL-001559-2017,REPORTS,2026-09-30,tentative,3.2,19.4,+15 age 5y+ | +4 Reports | +0.4 waiting 2d | procedural share of the day,ADV-946,9.6
ST/1609/2017,KL-001609-2017,REPORTS,2026-09-30,tentative,3.2,19.4,+15 age 5y+ | +4 Reports | +0.4 waiting 2d | procedural share of the day,ADV-1100,8.9
ST/161/2017,KL-000161-2017,REPORTS,2026-09-30,tentative,3.2,19.4,+15 age 5y+ | +4 Reports | +0.4 waiting 2d | procedural share of the day,ADV-150,9.6
ST/1620/2017,KL-001620-2017,REPORTS,2026-09-30,tentative,3.2,19.4,+15 age 5y+ | +4 Reports | +0.4 waiting 2d | procedural share of the day,ADV-1132,9.6
ST/1626/2017,KL-001626-2017,REPORTS,2026-09-30,tentative,3.2,19.4,+15 age 5y+ | +4 Reports | +0.4 waiting 2d | procedural share of the day,ADV-485,9.6
ST/1656/2017,KL-001656-2017,REPORTS,2026-09-30,tentative,3.2,19.4,+15 age 5y+ | +4 Reports | +0.4 waiting 2d | procedural share of the day,ADV-250,8.9
ST/1667/2021,KL-001667-2021,REPORTS,2026-09-30,tentative,3.2,19.4,+15 age 5y+ | +4 Reports | +0.4 waiting 2d | procedural share of the day,ADV-387,5.5
ST/1674/2021,KL-001674-2021,REPORTS,2026-09-30,tentative,3.2,19.4,+15 age 5y+ | +4 Reports | +0.4 waiting 2d | procedural share of the day,ADV-1094,5.5
ST/1790/2021,KL-001790-2021,REPORTS,2026-09-30,tentative,3.2,19.4,+15 age 5y+ | +4 Reports | +0.4 waiting 2d | procedural share of the day,ADV-750,5.5
ST/1817/2017,KL-001817-2017,REPORTS,2026-09-30,tentative,3.2,19.4,+15 age 5y+ | +4 Reports | +0.4 waiting 2d | procedural share of the day,ADV-1100,8.9
ST/1839/2020,KL-001839-2020,REPORTS,2026-09-30,tentative,3.2,19.4,+15 age 5y+ | +4 Reports | +0.4 waiting 2d | procedural share of the day,ADV-1072,6.6
ST/1877/2017,KL-001877-2017,REPORTS,2026-09-30,tentative,3.2,19.4,+15 age 5y+ | +4 Reports | +0.4 waiting 2d | procedural share of the day,ADV-520,8.9
ST/189/2017,KL-000189-2017,REPORTS,2026-09-30,tentative,3.2,19.4,+15 age 5y+ | +4 Reports | +0.4 waiting 2d | procedural share of the day,ADV-075,8.9
ST/1984/2021,KL-001984-2021,REPORTS,2026-09-30,tentative,3.2,19.4,+15 age 5y+ | +4 Reports | +0.4 waiting 2d | procedural share of the day,ADV-507,5.5
ST/1995/2021,KL-001995-2021,REPORTS,2026-09-30,tentative,3.2,19.4,+15 age 5y+ | +4 Reports | +0.4 waiting 2d | procedural share of the day,ADV-810,5.5
ST/1998/2017,KL-001998-2017,REPORTS,2026-09-30,tentative,3.2,19.4,+15 age 5y+ | +4 Reports | +0.4 waiting 2d | procedural share of the day,ADV-1033,9.6
ST/2046/2017,KL-002046-2017,REPORTS,2026-09-30,tentative,3.2,19.4,+15 age 5y+ | +4 Reports | +0.4 waiting 2d | procedural share of the day,ADV-464,9.6
ST/2049/2021,KL-002049-2021,REPORTS,2026-09-30,tentative,3.2,19.4,+15 age 5y+ | +4 Reports | +0.4 waiting 2d | procedural share of the day,ADV-368,5.5
ST/2099/2021,KL-002099-2021,REPORTS,2026-09-30,tentative,3.2,19.4,+15 age 5y+ | +4 Reports | +0.4 waiting 2d | procedural share of the day,ADV-1182,5.5
ST/2173/2017,KL-002173-2017,REPORTS,2026-09-30,tentative,3.2,19.4,+15 age 5y+ | +4 Reports | +0.4 waiting 2d | procedural share of the day,ADV-1093,9.6
ST/2175/2017,KL-002175-2017,REPORTS,2026-09-30,tentative,3.2,19.4,+15 age 5y+ | +4 Reports | +0.4 waiting 2d | procedural share of the day,ADV-258,8.9
ST/2209/2017,KL-002209-2017,REPORTS,2026-09-30,tentative,3.2,19.4,+15 age 5y+ | +4 Reports | +0.4 waiting 2d | procedural share of the day,ADV-619,8.9
ST/1745/2017,KL-001745-2017,JUDGEMENT,2026-10-01,tentative,30.0,25.6,+15 age 5y+ | +10 Judgement | +0.6 waiting 3d,ADV-878,9.3
ST/1771/2017,KL-001771-2017,JUDGEMENT,2026-10-01,tentative,30.0,25.6,+15 age 5y+ | +10 Judgement | +0.6 waiting 3d,ADV-373,9.2
ST/1777/2017,KL-001777-2017,JUDGEMENT,2026-10-01,tentative,30.0,25.6,+15 age 5y+ | +10 Judgement | +0.6 waiting 3d,ADV-423,9.2
ST/1782/2017,KL-001782-2017,JUDGEMENT,2026-10-01,tentative,30.0,25.6,+15 age 5y+ | +10 Judgement | +0.6 waiting 3d,ADV-747,9.2
ST/1900/2017,KL-001900-2017,JUDGEMENT,2026-10-01,tentative,30.0,25.6,+15 age 5y+ | +10 Judgement | +0.6 waiting 3d,ADV-738,9.2
ST/1901/2016,KL-001901-2016,JUDGEMENT,2026-10-01,tentative,30.0,25.6,+15 age 5y+ | +10 Judgement | +0.6 waiting 3d,ADV-436,9.9
ST/1902/2016,KL-001902-2016,JUDGEMENT,2026-10-01,tentative,30.0,25.6,+15 age 5y+ | +10 Judgement | +0.6 waiting 3d,ADV-829,9.9
ST/1905/2017,KL-001905-2017,JUDGEMENT,2026-10-01,tentative,30.0,25.6,+15 age 5y+ | +10 Judgement | +0.6 waiting 3d,ADV-239,9.2
ST/1394/2018,KL-001394-2018,ARGUMENTS,2026-10-01,tentative,19.6,24.6,+15 age 5y+ | +9 Arguments | +0.6 waiting 3d,ADV-086,8.1
ST/2218/2017,KL-002218-2017,REPORTS,2026-10-01,tentative,3.2,19.6,+15 age 5y+ | +4 Reports | +0.6 waiting 3d | procedural share of the day,ADV-840,9.6
ST/2241/2020,KL-002241-2020,REPORTS,2026-10-01,tentative,3.2,19.6,+15 age 5y+ | +4 Reports | +0.6 waiting 3d | procedural share of the day,ADV-443,6.6
ST/2260/2017,KL-002260-2017,REPORTS,2026-10-01,tentative,3.2,19.6,+15 age 5y+ | +4 Reports | +0.6 waiting 3d | procedural share of the day,ADV-305,9.6
ST/2262/2017,KL-002262-2017,REPORTS,2026-10-01,tentative,3.2,19.6,+15 age 5y+ | +4 Reports | +0.6 waiting 3d | procedural share of the day,ADV-104,9.6
ST/2293/2017,KL-002293-2017,REPORTS,2026-10-01,tentative,3.2,19.6,+15 age 5y+ | +4 Reports | +0.6 waiting 3d | procedural share of the day,ADV-428,8.9
ST/2299/2020,KL-002299-2020,REPORTS,2026-10-01,tentative,3.2,19.6,+15 age 5y+ | +4 Reports | +0.6 waiting 3d | procedural share of the day,ADV-215,6.6
ST/2315/2020,KL-002315-2020,REPORTS,2026-10-01,tentative,3.2,19.6,+15 age 5y+ | +4 Reports | +0.6 waiting 3d | procedural share of the day,ADV-516,6.6
ST/234/2021,KL-000234-2021,REPORTS,2026-10-01,tentative,3.2,19.6,+15 age 5y+ | +4 Reports | +0.6 waiting 3d | procedural share of the day,ADV-006,5.5
ST/2348/2021,KL-002348-2021,REPORTS,2026-10-01,tentative,3.2,19.6,+15 age 5y+ | +4 Reports | +0.6 waiting 3d | procedural share of the day,ADV-595,5.5
ST/2352/2021,KL-002352-2021,REPORTS,2026-10-01,tentative,3.2,19.6,+15 age 5y+ | +4 Reports | +0.6 waiting 3d | procedural share of the day,ADV-632,5.5
ST/2362/2021,KL-002362-2021,REPORTS,2026-10-01,tentative,3.2,19.6,+15 age 5y+ | +4 Reports | +0.6 waiting 3d | procedural share of the day,ADV-1009,5.5
ST/2365/2021,KL-002365-2021,REPORTS,2026-10-01,tentative,3.2,19.6,+15 age 5y+ | +4 Reports | +0.6 waiting 3d | procedural share of the day,ADV-345,5.5
ST/2376/2017,KL-002376-2017,REPORTS,2026-10-01,tentative,3.2,19.6,+15 age 5y+ | +4 Reports | +0.6 waiting 3d | procedural share of the day,ADV-846,9.6
ST/2394/2020,KL-002394-2020,REPORTS,2026-10-01,tentative,3.2,19.6,+15 age 5y+ | +4 Reports | +0.6 waiting 3d | procedural share of the day,ADV-1033,6.6
ST/2422/2021,KL-002422-2021,REPORTS,2026-10-01,tentative,3.2,19.6,+15 age 5y+ | +4 Reports | +0.6 waiting 3d | procedural share of the day,ADV-1225,5.5
ST/2429/2021,KL-002429-2021,REPORTS,2026-10-01,tentative,3.2,19.6,+15 age 5y+ | +4 Reports | +0.6 waiting 3d | procedural share of the day,ADV-038,5.5
ST/247/2021,KL-000247-2021,REPORTS,2026-10-01,tentative,3.2,19.6,+15 age 5y+ | +4 Reports | +0.6 waiting 3d | procedural share of the day,ADV-968,5.5
ST/2503/2021,KL-002503-2021,REPORTS,2026-10-01,tentative,3.2,19.6,+15 age 5y+ | +4 Reports | +0.6 waiting 3d | procedural share of the day,ADV-045,5.5
ST/2514/2021,KL-002514-2021,REPORTS,2026-10-01,tentative,3.2,19.6,+15 age 5y+ | +4 Reports | +0.6 waiting 3d | procedural share of the day,ADV-1096,5.5
ST/2520/2017,KL-002520-2017,REPORTS,2026-10-01,tentative,3.2,19.6,+15 age 5y+ | +4 Reports | +0.6 waiting 3d | procedural share of the day,ADV-662,9.6
ST/2605/2021,KL-002605-2021,REPORTS,2026-10-01,tentative,3.2,19.6,+15 age 5y+ | +4 Reports | +0.6 waiting 3d | procedural share of the day,ADV-768,5.5
ST/2606/2021,KL-002606-2021,REPORTS,2026-10-01,tentative,3.2,19.6,+15 age 5y+ | +4 Reports | +0.6 waiting 3d | procedural share of the day,ADV-078,5.5
ST/2617/2017,KL-002617-2017,REPORTS,2026-10-01,tentative,3.2,19.6,+15 age 5y+ | +4 Reports | +0.6 waiting 3d | procedural share of the day,ADV-1005,9.6
ST/2641/2017,KL-002641-2017,REPORTS,2026-10-01,tentative,3.2,19.6,+15 age 5y+ | +4 Reports | +0.6 waiting 3d | procedural share of the day,ADV-949,8.9
ST/2703/2020,KL-002703-2020,REPORTS,2026-10-01,tentative,3.2,19.6,+15 age 5y+ | +4 Reports | +0.6 waiting 3d | procedural share of the day,ADV-350,6.6
ST/2747/2020,KL-002747-2020,REPORTS,2026-10-01,tentative,3.2,19.6,+15 age 5y+ | +4 Reports | +0.6 waiting 3d | procedural share of the day,ADV-546,6.6
ST/2755/2017,KL-002755-2017,REPORTS,2026-10-01,tentative,3.2,19.6,+15 age 5y+ | +4 Reports | +0.6 waiting 3d | procedural share of the day,ADV-182,9.6
ST/2768/2017,KL-002768-2017,REPORTS,2026-10-01,tentative,3.2,19.6,+15 age 5y+ | +4 Reports | +0.6 waiting 3d | procedural share of the day,ADV-415,9.6
ST/2882/2017,KL-002882-2017,REPORTS,2026-10-01,tentative,3.2,19.6,+15 age 5y+ | +4 Reports | +0.6 waiting 3d | procedural share of the day,ADV-1244,8.9
ST/2914/2020,KL-002914-2020,REPORTS,2026-10-01,tentative,3.2,19.6,+15 age 5y+ | +4 Reports | +0.6 waiting 3d | procedural share of the day,ADV-198,6.6
ST/2936/2020,KL-002936-2020,REPORTS,2026-10-01,tentative,3.2,19.6,+15 age 5y+ | +4 Reports | +0.6 waiting 3d | procedural share of the day,ADV-358,6.6
ST/2956/2017,KL-002956-2017,REPORTS,2026-10-01,tentative,3.2,19.6,+15 age 5y+ | +4 Reports | +0.6 waiting 3d | procedural share of the day,ADV-895,9.6
ST/2968/2020,KL-002968-2020,REPORTS,2026-10-01,tentative,3.2,19.6,+15 age 5y+ | +4 Reports | +0.6 waiting 3d | procedural share of the day,ADV-764,6.6
ST/32/2020,KL-000032-2020,REPORTS,2026-10-01,tentative,3.2,19.6,+15 age 5y+ | +4 Reports | +0.6 waiting 3d | procedural share of the day,ADV-344,6.6
ST/326/2017,KL-000326-2017,REPORTS,2026-10-01,tentative,3.2,19.6,+15 age 5y+ | +4 Reports | +0.6 waiting 3d | procedural share of the day,ADV-987,8.9
ST/327/2017,KL-000327-2017,REPORTS,2026-10-01,tentative,3.2,19.6,+15 age 5y+ | +4 Reports | +0.6 waiting 3d | procedural share of the day,ADV-203,8.9
ST/347/2017,KL-000347-2017,REPORTS,2026-10-01,tentative,3.2,19.6,+15 age 5y+ | +4 Reports | +0.6 waiting 3d | procedural share of the day,ADV-760,9.6
ST/356/2017,KL-000356-2017,REPORTS,2026-10-01,tentative,3.2,19.6,+15 age 5y+ | +4 Reports | +0.6 waiting 3d | procedural share of the day,ADV-556,9.6
ST/363/2020,KL-000363-2020,REPORTS,2026-10-01,tentative,3.2,19.6,+15 age 5y+ | +4 Reports | +0.6 waiting 3d | procedural share of the day,ADV-059,6.6
ST/401/2017,KL-000401-2017,REPORTS,2026-10-01,tentative,3.2,19.6,+15 age 5y+ | +4 Reports | +0.6 waiting 3d | procedural share of the day,ADV-1026,9.6
ST/412/2020,KL-000412-2020,REPORTS,2026-10-01,tentative,3.2,19.6,+15 age 5y+ | +4 Reports | +0.6 waiting 3d | procedural share of the day,ADV-1244,6.6
ST/1922/2016,KL-001922-2016,JUDGEMENT,2026-10-05,tentative,30.0,26.4,+15 age 5y+ | +10 Judgement | +1.4 waiting 7d,ADV-1100,9.9
ST/1958/2016,KL-001958-2016,JUDGEMENT,2026-10-05,tentative,30.0,26.4,+15 age 5y+ | +10 Judgement | +1.4 waiting 7d,ADV-471,9.9
ST/1988/2017,KL-001988-2017,JUDGEMENT,2026-10-05,tentative,30.0,26.4,+15 age 5y+ | +10 Judgement | +1.4 waiting 7d,ADV-1164,9.3
ST/1989/2017,KL-001989-2017,JUDGEMENT,2026-10-05,tentative,30.0,26.4,+15 age 5y+ | +10 Judgement | +1.4 waiting 7d,ADV-1174,9.3
ST/199/2017,KL-000199-2017,JUDGEMENT,2026-10-05,tentative,30.0,26.4,+15 age 5y+ | +10 Judgement | +1.4 waiting 7d,ADV-1234,9.2
ST/1991/2016,KL-001991-2016,JUDGEMENT,2026-10-05,tentative,30.0,26.4,+15 age 5y+ | +10 Judgement | +1.4 waiting 7d,ADV-818,9.9
ST/2048/2016,KL-002048-2016,JUDGEMENT,2026-10-05,tentative,30.0,26.4,+15 age 5y+ | +10 Judgement | +1.4 waiting 7d,ADV-789,9.9
ST/2069/2017,KL-002069-2017,JUDGEMENT,2026-10-05,tentative,30.0,26.4,+15 age 5y+ | +10 Judgement | +1.4 waiting 7d,ADV-045,9.2
ST/1513/2018,KL-001513-2018,ARGUMENTS,2026-10-05,tentative,19.6,25.4,+15 age 5y+ | +9 Arguments | +1.4 waiting 7d,ADV-155,8.1
ST/129/2021,KL-000129-2021,APPLICATION_REVIEW,2026-10-05,tentative,9.5,20.4,+15 age 5y+ | +5 Application Review | +0.4 waiting 2d | procedural share of the day,ADV-636,5.6
ST/1344/2021,KL-001344-2021,APPLICATION_REVIEW,2026-10-05,tentative,9.5,20.4,+15 age 5y+ | +5 Application Review | +0.4 waiting 2d | procedural share of the day,ADV-325,5.6
ST/1455/2021,KL-001455-2021,APPLICATION_REVIEW,2026-10-05,tentative,9.5,20.4,+15 age 5y+ | +5 Application Review | +0.4 waiting 2d | procedural share of the day,ADV-772,5.6
ST/1627/2021,KL-001627-2021,APPLICATION_REVIEW,2026-10-05,tentative,9.5,20.4,+15 age 5y+ | +5 Application Review | +0.4 waiting 2d | procedural share of the day,ADV-004,5.6
ST/1631/2021,KL-001631-2021,APPLICATION_REVIEW,2026-10-05,tentative,9.5,20.4,+15 age 5y+ | +5 Application Review | +0.4 waiting 2d | procedural share of the day,ADV-187,5.6
ST/1759/2021,KL-001759-2021,APPLICATION_REVIEW,2026-10-05,tentative,9.5,20.4,+15 age 5y+ | +5 Application Review | +0.4 waiting 2d | procedural share of the day,ADV-570,5.6
ST/1765/2021,KL-001765-2021,APPLICATION_REVIEW,2026-10-05,tentative,9.5,20.4,+15 age 5y+ | +5 Application Review | +0.4 waiting 2d | procedural share of the day,ADV-551,5.6
ST/1897/2021,KL-001897-2021,APPLICATION_REVIEW,2026-10-05,tentative,9.5,20.4,+15 age 5y+ | +5 Application Review | +0.4 waiting 2d | procedural share of the day,ADV-1072,5.6
ST/2199/2021,KL-002199-2021,APPLICATION_REVIEW,2026-10-05,tentative,9.5,20.4,+15 age 5y+ | +5 Application Review | +0.4 waiting 2d | procedural share of the day,ADV-717,5.6
ST/2247/2021,KL-002247-2021,APPLICATION_REVIEW,2026-10-05,tentative,9.5,20.4,+15 age 5y+ | +5 Application Review | +0.4 waiting 2d | procedural share of the day,ADV-737,5.6
ST/228/2021,KL-000228-2021,APPLICATION_REVIEW,2026-10-05,tentative,9.5,20.4,+15 age 5y+ | +5 Application Review | +0.4 waiting 2d | procedural share of the day,ADV-477,5.6
ST/2530/2021,KL-002530-2021,APPLICATION_REVIEW,2026-10-05,tentative,9.5,20.4,+15 age 5y+ | +5 Application Review | +0.4 waiting 2d | procedural share of the day,ADV-092,5.6
ST/2561/2021,KL-002561-2021,APPLICATION_REVIEW,2026-10-05,tentative,9.5,20.4,+15 age 5y+ | +5 Application Review | +0.4 waiting 2d | procedural share of the day,ADV-600,5.6
ST/42/2021,KL-000042-2021,REPORTS,2026-10-05,tentative,3.2,20.4,+15 age 5y+ | +4 Reports | +1.4 waiting 7d | procedural share of the day,ADV-368,5.5
ST/486/2017,KL-000486-2017,REPORTS,2026-10-05,tentative,3.2,20.4,+15 age 5y+ | +4 Reports | +1.4 waiting 7d | procedural share of the day,ADV-035,8.9
ST/2139/2016,KL-002139-2016,JUDGEMENT,2026-10-06,tentative,30.0,26.6,+15 age 5y+ | +10 Judgement | +1.6 waiting 8d,ADV-102,9.9
ST/2160/2017,KL-002160-2017,JUDGEMENT,2026-10-06,tentative,30.0,26.6,+15 age 5y+ | +10 Judgement | +1.6 waiting 8d,ADV-1167,9.2
ST/2194/2017,KL-002194-2017,JUDGEMENT,2026-10-06,tentative,30.0,26.6,+15 age 5y+ | +10 Judgement | +1.6 waiting 8d,ADV-112,9.3
ST/2204/2017,KL-002204-2017,JUDGEMENT,2026-10-06,tentative,30.0,26.6,+15 age 5y+ | +10 Judgement | +1.6 waiting 8d,ADV-841,9.2
ST/2310/2016,KL-002310-2016,JUDGEMENT,2026-10-06,tentative,30.0,26.6,+15 age 5y+ | +10 Judgement | +1.6 waiting 8d,ADV-571,9.9
ST/2323/2017,KL-002323-2017,JUDGEMENT,2026-10-06,tentative,30.0,26.6,+15 age 5y+ | +10 Judgement | +1.6 waiting 8d,ADV-869,9.2
ST/2336/2016,KL-002336-2016,JUDGEMENT,2026-10-06,tentative,30.0,26.6,+15 age 5y+ | +10 Judgement | +1.6 waiting 8d,ADV-089,9.9
ST/2351/2016,KL-002351-2016,JUDGEMENT,2026-10-06,tentative,30.0,26.6,+15 age 5y+ | +10 Judgement | +1.6 waiting 8d,ADV-286,9.9
ST/1722/2018,KL-001722-2018,ARGUMENTS,2026-10-06,tentative,19.6,25.6,+15 age 5y+ | +9 Arguments | +1.6 waiting 8d,ADV-1047,8.1
ST/493/2021,KL-000493-2021,REPORTS,2026-10-06,tentative,3.2,20.6,+15 age 5y+ | +4 Reports | +1.6 waiting 8d | procedural share of the day,ADV-469,5.5
ST/51/2021,KL-000051-2021,REPORTS,2026-10-06,tentative,3.2,20.6,+15 age 5y+ | +4 Reports | +1.6 waiting 8d | procedural share of the day,ADV-1054,5.5
ST/510/2017,KL-000510-2017,REPORTS,2026-10-06,tentative,3.2,20.6,+15 age 5y+ | +4 Reports | +1.6 waiting 8d | procedural share of the day,ADV-441,8.9
ST/511/2017,KL-000511-2017,REPORTS,2026-10-06,tentative,3.2,20.6,+15 age 5y+ | +4 Reports | +1.6 waiting 8d | procedural share of the day,ADV-1224,9.6
ST/566/2017,KL-000566-2017,REPORTS,2026-10-06,tentative,3.2,20.6,+15 age 5y+ | +4 Reports | +1.6 waiting 8d | procedural share of the day,ADV-329,8.9
ST/567/2020,KL-000567-2020,REPORTS,2026-10-06,tentative,3.2,20.6,+15 age 5y+ | +4 Reports | +1.6 waiting 8d | procedural share of the day,ADV-532,6.6
ST/593/2017,KL-000593-2017,REPORTS,2026-10-06,tentative,3.2,20.6,+15 age 5y+ | +4 Reports | +1.6 waiting 8d | procedural share of the day,ADV-1241,8.9
ST/626/2017,KL-000626-2017,REPORTS,2026-10-06,tentative,3.2,20.6,+15 age 5y+ | +4 Reports | +1.6 waiting 8d | procedural share of the day,ADV-937,8.9
ST/637/2017,KL-000637-2017,REPORTS,2026-10-06,tentative,3.2,20.6,+15 age 5y+ | +4 Reports | +1.6 waiting 8d | procedural share of the day,ADV-682,8.9
ST/691/2017,KL-000691-2017,REPORTS,2026-10-06,tentative,3.2,20.6,+15 age 5y+ | +4 Reports | +1.6 waiting 8d | procedural share of the day,ADV-507,9.6
ST/719/2017,KL-000719-2017,REPORTS,2026-10-06,tentative,3.2,20.6,+15 age 5y+ | +4 Reports | +1.6 waiting 8d | procedural share of the day,ADV-860,8.9
ST/78/2020,KL-000078-2020,REPORTS,2026-10-06,tentative,3.2,20.6,+15 age 5y+ | +4 Reports | +1.6 waiting 8d | procedural share of the day,ADV-1027,6.6
ST/810/2017,KL-000810-2017,REPORTS,2026-10-06,tentative,3.2,20.6,+15 age 5y+ | +4 Reports | +1.6 waiting 8d | procedural share of the day,ADV-765,9.6
ST/820/2017,KL-000820-2017,REPORTS,2026-10-06,tentative,3.2,20.6,+15 age 5y+ | +4 Reports | +1.6 waiting 8d | procedural share of the day,ADV-1126,9.6
ST/854/2017,KL-000854-2017,REPORTS,2026-10-06,tentative,3.2,20.6,+15 age 5y+ | +4 Reports | +1.6 waiting 8d | procedural share of the day,ADV-444,8.9
ST/97/2017,KL-000097-2017,REPORTS,2026-10-06,tentative,3.2,20.6,+15 age 5y+ | +4 Reports | +1.6 waiting 8d | procedural share of the day,ADV-221,8.9
ST/976/2020,KL-000976-2020,REPORTS,2026-10-06,tentative,3.2,20.6,+15 age 5y+ | +4 Reports | +1.6 waiting 8d | procedural share of the day,ADV-874,6.6
ST/2626/2021,KL-002626-2021,APPLICATION_REVIEW,2026-10-06,tentative,9.5,20.4,+15 age 5y+ | +5 Application Review | +0.4 waiting 2d | procedural share of the day,ADV-874,5.6
ST/2679/2021,KL-002679-2021,APPLICATION_REVIEW,2026-10-06,tentative,9.5,20.4,+15 age 5y+ | +5 Application Review | +0.4 waiting 2d | procedural share of the day,ADV-771,5.6
ST/2719/2021,KL-002719-2021,APPLICATION_REVIEW,2026-10-06,tentative,9.5,20.4,+15 age 5y+ | +5 Application Review | +0.4 waiting 2d | procedural share of the day,ADV-009,5.6
ST/2737/2021,KL-002737-2021,APPLICATION_REVIEW,2026-10-06,tentative,9.5,20.4,+15 age 5y+ | +5 Application Review | +0.4 waiting 2d | procedural share of the day,ADV-378,5.6
ST/288/2021,KL-000288-2021,APPLICATION_REVIEW,2026-10-06,tentative,9.5,20.4,+15 age 5y+ | +5 Application Review | +0.4 waiting 2d | procedural share of the day,ADV-253,5.6
ST/535/2021,KL-000535-2021,APPLICATION_REVIEW,2026-10-06,tentative,9.5,20.4,+15 age 5y+ | +5 Application Review | +0.4 waiting 2d | procedural share of the day,ADV-111,5.6
ST/570/2021,KL-000570-2021,APPLICATION_REVIEW,2026-10-06,tentative,9.5,20.4,+15 age 5y+ | +5 Application Review | +0.4 waiting 2d | procedural share of the day,ADV-311,5.6
ST/597/2021,KL-000597-2021,APPLICATION_REVIEW,2026-10-06,tentative,9.5,20.4,+15 age 5y+ | +5 Application Review | +0.4 waiting 2d | procedural share of the day,ADV-428,5.6
ST/2358/2017,KL-002358-2017,JUDGEMENT,2026-10-07,tentative,30.0,26.8,+15 age 5y+ | +10 Judgement | +1.8 waiting 9d,ADV-940,9.3
ST/2367/2017,KL-002367-2017,JUDGEMENT,2026-10-07,tentative,30.0,26.8,+15 age 5y+ | +10 Judgement | +1.8 waiting 9d,ADV-109,9.2
ST/2411/2016,KL-002411-2016,JUDGEMENT,2026-10-07,tentative,30.0,26.8,+15 age 5y+ | +10 Judgement | +1.8 waiting 9d,ADV-028,9.9
ST/2444/2017,KL-002444-2017,JUDGEMENT,2026-10-07,tentative,30.0,26.8,+15 age 5y+ | +10 Judgement | +1.8 waiting 9d,ADV-1018,9.3
ST/2462/2017,KL-002462-2017,JUDGEMENT,2026-10-07,tentative,30.0,26.8,+15 age 5y+ | +10 Judgement | +1.8 waiting 9d,ADV-004,9.3
ST/2470/2017,KL-002470-2017,JUDGEMENT,2026-10-07,tentative,30.0,26.8,+15 age 5y+ | +10 Judgement | +1.8 waiting 9d,ADV-343,9.3
ST/2539/2016,KL-002539-2016,JUDGEMENT,2026-10-07,tentative,30.0,26.8,+15 age 5y+ | +10 Judgement | +1.8 waiting 9d,ADV-1029,9.9
ST/2553/2017,KL-002553-2017,JUDGEMENT,2026-10-07,tentative,30.0,26.8,+15 age 5y+ | +10 Judgement | +1.8 waiting 9d,ADV-827,9.3
ST/1742/2018,KL-001742-2018,ARGUMENTS,2026-10-07,tentative,19.6,25.8,+15 age 5y+ | +9 Arguments | +1.8 waiting 9d,ADV-583,8.1
ST/708/2021,KL-000708-2021,APPLICATION_REVIEW,2026-10-07,tentative,9.5,20.6,+15 age 5y+ | +5 Application Review | +0.6 waiting 3d | procedural share of the day,ADV-953,5.6
ST/922/2021,KL-000922-2021,APPLICATION_REVIEW,2026-10-07,tentative,9.5,20.6,+15 age 5y+ | +5 Application Review | +0.6 waiting 3d | procedural share of the day,ADV-775,5.6
ST/930/2021,KL-000930-2021,APPLICATION_REVIEW,2026-10-07,tentative,9.5,20.6,+15 age 5y+ | +5 Application Review | +0.6 waiting 3d | procedural share of the day,ADV-933,5.6
ST/978/2021,KL-000978-2021,APPLICATION_REVIEW,2026-10-07,tentative,9.5,20.6,+15 age 5y+ | +5 Application Review | +0.6 waiting 3d | procedural share of the day,ADV-1245,5.6
ST/1012/2022,KL-001012-2022,APPLICATION_REVIEW,2026-10-07,tentative,9.5,15.8,+9 age 4-5y | +5 Application Review | +1.8 waiting 9d | procedural share of the day,ADV-1116,4.3
ST/105/2022,KL-000105-2022,APPLICATION_REVIEW,2026-10-07,tentative,9.5,15.8,+9 age 4-5y | +5 Application Review | +1.8 waiting 9d | procedural share of the day,ADV-884,4.3
ST/1133/2022,KL-001133-2022,APPLICATION_REVIEW,2026-10-07,tentative,9.5,15.8,+9 age 4-5y | +5 Application Review | +1.8 waiting 9d | procedural share of the day,ADV-921,4.3
ST/114/2021,KL-000114-2021,APPLICATION_REVIEW,2026-10-07,tentative,9.5,15.8,+9 age 4-5y | +5 Application Review | +1.8 waiting 9d | procedural share of the day,ADV-1172,4.8
ST/1171/2022,KL-001171-2022,APPLICATION_REVIEW,2026-10-07,tentative,9.5,15.8,+9 age 4-5y | +5 Application Review | +1.8 waiting 9d | procedural share of the day,ADV-470,4.0
ST/1200/2022,KL-001200-2022,APPLICATION_REVIEW,2026-10-07,tentative,9.5,15.8,+9 age 4-5y | +5 Application Review | +1.8 waiting 9d | procedural share of the day,ADV-301,4.0
ST/1211/2022,KL-001211-2022,APPLICATION_REVIEW,2026-10-07,tentative,9.5,15.8,+9 age 4-5y | +5 Application Review | +1.8 waiting 9d | procedural share of the day,ADV-191,4.0
ST/1254/2022,KL-001254-2022,APPLICATION_REVIEW,2026-10-07,tentative,9.5,15.8,+9 age 4-5y | +5 Application Review | +1.8 waiting 9d | procedural share of the day,ADV-428,4.3
ST/1290/2022,KL-001290-2022,APPLICATION_REVIEW,2026-10-07,tentative,9.5,15.8,+9 age 4-5y | +5 Application Review | +1.8 waiting 9d | procedural share of the day,ADV-389,4.0
ST/1043/2023,KL-001043-2023,REPORTS,2026-10-07,tentative,3.2,11.8,+6 age 3-4y | +4 Reports | +1.8 waiting 9d | procedural share of the day,ADV-958,3.6
ST/1079/2023,KL-001079-2023,REPORTS,2026-10-07,tentative,3.2,11.8,+6 age 3-4y | +4 Reports | +1.8 waiting 9d | procedural share of the day,ADV-312,3.6
ST/2593/2016,KL-002593-2016,JUDGEMENT,2026-10-08,tentative,30.0,27.0,+15 age 5y+ | +10 Judgement | +2 waiting 10d,ADV-666,9.9
ST/2602/2017,KL-002602-2017,JUDGEMENT,2026-10-08,tentative,30.0,27.0,+15 age 5y+ | +10 Judgement | +2 waiting 10d,ADV-1258,9.3
ST/2607/2016,KL-002607-2016,JUDGEMENT,2026-10-08,tentative,30.0,27.0,+15 age 5y+ | +10 Judgement | +2 waiting 10d,ADV-569,9.9
ST/2637/2017,KL-002637-2017,JUDGEMENT,2026-10-08,tentative,30.0,27.0,+15 age 5y+ | +10 Judgement | +2 waiting 10d,ADV-322,9.2
ST/2650/2017,KL-002650-2017,JUDGEMENT,2026-10-08,tentative,30.0,27.0,+15 age 5y+ | +10 Judgement | +2 waiting 10d,ADV-1236,9.2
ST/2665/2017,KL-002665-2017,JUDGEMENT,2026-10-08,tentative,30.0,27.0,+15 age 5y+ | +10 Judgement | +2 waiting 10d,ADV-689,9.3
ST/2666/2016,KL-002666-2016,JUDGEMENT,2026-10-08,tentative,30.0,27.0,+15 age 5y+ | +10 Judgement | +2 waiting 10d,ADV-584,9.9
ST/2734/2017,KL-002734-2017,JUDGEMENT,2026-10-08,tentative,30.0,27.0,+15 age 5y+ | +10 Judgement | +2 waiting 10d,ADV-518,9.3
ST/1845/2018,KL-001845-2018,ARGUMENTS,2026-10-08,tentative,19.6,26.0,+15 age 5y+ | +9 Arguments | +2 waiting 10d,ADV-947,8.1
ST/135/2022,KL-000135-2022,APPLICATION_REVIEW,2026-10-08,tentative,9.5,16.0,+9 age 4-5y | +5 Application Review | +2 waiting 10d | procedural share of the day,ADV-896,4.3
ST/1368/2021,KL-001368-2021,APPLICATION_REVIEW,2026-10-08,tentative,9.5,16.0,+9 age 4-5y | +5 Application Review | +2 waiting 10d | procedural share of the day,ADV-180,4.8
ST/1414/2022,KL-001414-2022,APPLICATION_REVIEW,2026-10-08,tentative,9.5,16.0,+9 age 4-5y | +5 Application Review | +2 waiting 10d | procedural share of the day,ADV-905,4.3
ST/1458/2021,KL-001458-2021,APPLICATION_REVIEW,2026-10-08,tentative,9.5,16.0,+9 age 4-5y | +5 Application Review | +2 waiting 10d | procedural share of the day,ADV-049,4.8
ST/1461/2022,KL-001461-2022,APPLICATION_REVIEW,2026-10-08,tentative,9.5,16.0,+9 age 4-5y | +5 Application Review | +2 waiting 10d | procedural share of the day,ADV-130,4.3
ST/1540/2022,KL-001540-2022,APPLICATION_REVIEW,2026-10-08,tentative,9.5,16.0,+9 age 4-5y | +5 Application Review | +2 waiting 10d | procedural share of the day,ADV-1096,4.0
ST/1555/2021,KL-001555-2021,APPLICATION_REVIEW,2026-10-08,tentative,9.5,16.0,+9 age 4-5y | +5 Application Review | +2 waiting 10d | procedural share of the day,ADV-894,4.8
ST/1566/2021,KL-001566-2021,APPLICATION_REVIEW,2026-10-08,tentative,9.5,16.0,+9 age 4-5y | +5 Application Review | +2 waiting 10d | procedural share of the day,ADV-428,4.8
ST/1578/2022,KL-001578-2022,APPLICATION_REVIEW,2026-10-08,tentative,9.5,16.0,+9 age 4-5y | +5 Application Review | +2 waiting 10d | procedural share of the day,ADV-252,4.3
ST/1617/2022,KL-001617-2022,APPLICATION_REVIEW,2026-10-08,tentative,9.5,16.0,+9 age 4-5y | +5 Application Review | +2 waiting 10d | procedural share of the day,ADV-369,4.3
ST/1638/2022,KL-001638-2022,APPLICATION_REVIEW,2026-10-08,tentative,9.5,16.0,+9 age 4-5y | +5 Application Review | +2 waiting 10d | procedural share of the day,ADV-626,4.0
ST/1684/2022,KL-001684-2022,APPLICATION_REVIEW,2026-10-08,tentative,9.5,16.0,+9 age 4-5y | +5 Application Review | +2 waiting 10d | procedural share of the day,ADV-088,4.3
ST/1736/2022,KL-001736-2022,APPLICATION_REVIEW,2026-10-08,tentative,9.5,16.0,+9 age 4-5y | +5 Application Review | +2 waiting 10d | procedural share of the day,ADV-528,4.3
ST/1191/2023,KL-001191-2023,REPORTS,2026-10-08,tentative,3.2,12.0,+6 age 3-4y | +4 Reports | +2 waiting 10d | procedural share of the day,ADV-541,3.6
ST/1225/2023,KL-001225-2023,REPORTS,2026-10-08,tentative,3.2,12.0,+6 age 3-4y | +4 Reports | +2 waiting 10d | procedural share of the day,ADV-986,3.6
ST/2766/2016,KL-002766-2016,JUDGEMENT,2026-10-09,tentative,30.0,27.2,+15 age 5y+ | +10 Judgement | +2.2 waiting 11d,ADV-693,9.9
ST/2794/2016,KL-002794-2016,JUDGEMENT,2026-10-09,tentative,30.0,27.2,+15 age 5y+ | +10 Judgement | +2.2 waiting 11d,ADV-1228,9.9
ST/2839/2017,KL-002839-2017,JUDGEMENT,2026-10-09,tentative,30.0,27.2,+15 age 5y+ | +10 Judgement | +2.2 waiting 11d,ADV-351,9.3
ST/2874/2017,KL-002874-2017,JUDGEMENT,2026-10-09,tentative,30.0,27.2,+15 age 5y+ | +10 Judgement | +2.2 waiting 11d,ADV-406,9.3
ST/2896/2016,KL-002896-2016,JUDGEMENT,2026-10-09,tentative,30.0,27.2,+15 age 5y+ | +10 Judgement | +2.2 waiting 11d,ADV-1006,9.9
ST/294/2017,KL-000294-2017,JUDGEMENT,2026-10-09,tentative,30.0,27.2,+15 age 5y+ | +10 Judgement | +2.2 waiting 11d,ADV-365,9.2
ST/2949/2016,KL-002949-2016,JUDGEMENT,2026-10-09,tentative,30.0,27.2,+15 age 5y+ | +10 Judgement | +2.2 waiting 11d,ADV-1178,9.9
ST/351/2016,KL-000351-2016,JUDGEMENT,2026-10-09,tentative,30.0,27.2,+15 age 5y+ | +10 Judgement | +2.2 waiting 11d,ADV-201,9.9
ST/1899/2018,KL-001899-2018,ARGUMENTS,2026-10-09,tentative,19.6,26.2,+15 age 5y+ | +9 Arguments | +2.2 waiting 11d,ADV-954,8.1
ST/1743/2021,KL-001743-2021,APPLICATION_REVIEW,2026-10-09,tentative,9.5,16.2,+9 age 4-5y | +5 Application Review | +2.2 waiting 11d | procedural share of the day,ADV-540,4.8
ST/1753/2022,KL-001753-2022,APPLICATION_REVIEW,2026-10-09,tentative,9.5,16.2,+9 age 4-5y | +5 Application Review | +2.2 waiting 11d | procedural share of the day,ADV-1016,4.0
ST/1755/2022,KL-001755-2022,APPLICATION_REVIEW,2026-10-09,tentative,9.5,16.2,+9 age 4-5y | +5 Application Review | +2.2 waiting 11d | procedural share of the day,ADV-268,4.0
ST/1803/2021,KL-001803-2021,APPLICATION_REVIEW,2026-10-09,tentative,9.5,16.2,+9 age 4-5y | +5 Application Review | +2.2 waiting 11d | procedural share of the day,ADV-279,4.8
ST/1853/2021,KL-001853-2021,APPLICATION_REVIEW,2026-10-09,tentative,9.5,16.2,+9 age 4-5y | +5 Application Review | +2.2 waiting 11d | procedural share of the day,ADV-134,4.8
ST/1919/2021,KL-001919-2021,APPLICATION_REVIEW,2026-10-09,tentative,9.5,16.2,+9 age 4-5y | +5 Application Review | +2.2 waiting 11d | procedural share of the day,ADV-1064,4.8
ST/1980/2022,KL-001980-2022,APPLICATION_REVIEW,2026-10-09,tentative,9.5,16.2,+9 age 4-5y | +5 Application Review | +2.2 waiting 11d | procedural share of the day,ADV-767,4.3
ST/1982/2022,KL-001982-2022,APPLICATION_REVIEW,2026-10-09,tentative,9.5,16.2,+9 age 4-5y | +5 Application Review | +2.2 waiting 11d | procedural share of the day,ADV-1209,4.0
ST/1986/2022,KL-001986-2022,APPLICATION_REVIEW,2026-10-09,tentative,9.5,16.2,+9 age 4-5y | +5 Application Review | +2.2 waiting 11d | procedural share of the day,ADV-065,4.3
ST/20/2021,KL-000020-2021,APPLICATION_REVIEW,2026-10-09,tentative,9.5,16.2,+9 age 4-5y | +5 Application Review | +2.2 waiting 11d | procedural share of the day,ADV-939,4.8
ST/2004/2021,KL-002004-2021,APPLICATION_REVIEW,2026-10-09,tentative,9.5,16.2,+9 age 4-5y | +5 Application Review | +2.2 waiting 11d | procedural share of the day,ADV-861,4.8
ST/2005/2022,KL-002005-2022,APPLICATION_REVIEW,2026-10-09,tentative,9.5,16.2,+9 age 4-5y | +5 Application Review | +2.2 waiting 11d | procedural share of the day,ADV-974,4.3
ST/2047/2021,KL-002047-2021,APPLICATION_REVIEW,2026-10-09,tentative,9.5,16.2,+9 age 4-5y | +5 Application Review | +2.2 waiting 11d | procedural share of the day,ADV-973,4.8
ST/1252/2023,KL-001252-2023,REPORTS,2026-10-09,tentative,3.2,12.2,+6 age 3-4y | +4 Reports | +2.2 waiting 11d | procedural share of the day,ADV-486,3.6
ST/1309/2023,KL-001309-2023,REPORTS,2026-10-09,tentative,3.2,12.2,+6 age 3-4y | +4 Reports | +2.2 waiting 11d | procedural share of the day,ADV-1012,3.6
ST/371/2017,KL-000371-2017,JUDGEMENT,2026-10-12,tentative,30.0,27.8,+15 age 5y+ | +10 Judgement | +2.8 waiting 14d,ADV-1244,9.2
ST/487/2017,KL-000487-2017,JUDGEMENT,2026-10-12,tentative,30.0,27.8,+15 age 5y+ | +10 Judgement | +2.8 waiting 14d,ADV-429,9.2
ST/488/2016,KL-000488-2016,JUDGEMENT,2026-10-12,tentative,30.0,27.8,+15 age 5y+ | +10 Judgement | +2.8 waiting 14d,ADV-1208,9.9
ST/507/2016,KL-000507-2016,JUDGEMENT,2026-10-12,tentative,30.0,27.8,+15 age 5y+ | +10 Judgement | +2.8 waiting 14d,ADV-1055,9.9
ST/561/2016,KL-000561-2016,JUDGEMENT,2026-10-12,tentative,30.0,27.8,+15 age 5y+ | +10 Judgement | +2.8 waiting 14d,ADV-086,9.9
ST/606/2016,KL-000606-2016,JUDGEMENT,2026-10-12,tentative,30.0,27.8,+15 age 5y+ | +10 Judgement | +2.8 waiting 14d,ADV-171,9.9
ST/627/2017,KL-000627-2017,JUDGEMENT,2026-10-12,tentative,30.0,27.8,+15 age 5y+ | +10 Judgement | +2.8 waiting 14d,ADV-972,9.2
ST/648/2016,KL-000648-2016,JUDGEMENT,2026-10-12,tentative,30.0,27.8,+15 age 5y+ | +10 Judgement | +2.8 waiting 14d,ADV-759,9.9
ST/1966/2018,KL-001966-2018,ARGUMENTS,2026-10-12,tentative,19.6,26.8,+15 age 5y+ | +9 Arguments | +2.8 waiting 14d,ADV-134,8.1
ST/129/2021,KL-000129-2021,APPLICATION_REVIEW,2026-10-12,tentative,9.5,20.4,+15 age 5y+ | +5 Application Review | +0.4 waiting 2d | procedural share of the day,ADV-636,5.6
ST/1344/2021,KL-001344-2021,APPLICATION_REVIEW,2026-10-12,tentative,9.5,20.4,+15 age 5y+ | +5 Application Review | +0.4 waiting 2d | procedural share of the day,ADV-325,5.6
ST/1455/2021,KL-001455-2021,APPLICATION_REVIEW,2026-10-12,tentative,9.5,20.4,+15 age 5y+ | +5 Application Review | +0.4 waiting 2d | procedural share of the day,ADV-772,5.6
ST/1627/2021,KL-001627-2021,APPLICATION_REVIEW,2026-10-12,tentative,9.5,20.4,+15 age 5y+ | +5 Application Review | +0.4 waiting 2d | procedural share of the day,ADV-004,5.6
ST/1631/2021,KL-001631-2021,APPLICATION_REVIEW,2026-10-12,tentative,9.5,20.4,+15 age 5y+ | +5 Application Review | +0.4 waiting 2d | procedural share of the day,ADV-187,5.6
ST/1759/2021,KL-001759-2021,APPLICATION_REVIEW,2026-10-12,tentative,9.5,20.4,+15 age 5y+ | +5 Application Review | +0.4 waiting 2d | procedural share of the day,ADV-570,5.6
ST/1765/2021,KL-001765-2021,APPLICATION_REVIEW,2026-10-12,tentative,9.5,20.4,+15 age 5y+ | +5 Application Review | +0.4 waiting 2d | procedural share of the day,ADV-551,5.6
ST/1897/2021,KL-001897-2021,APPLICATION_REVIEW,2026-10-12,tentative,9.5,20.4,+15 age 5y+ | +5 Application Review | +0.4 waiting 2d | procedural share of the day,ADV-1072,5.6
ST/2199/2021,KL-002199-2021,APPLICATION_REVIEW,2026-10-12,tentative,9.5,20.4,+15 age 5y+ | +5 Application Review | +0.4 waiting 2d | procedural share of the day,ADV-717,5.6
ST/2247/2021,KL-002247-2021,APPLICATION_REVIEW,2026-10-12,tentative,9.5,20.4,+15 age 5y+ | +5 Application Review | +0.4 waiting 2d | procedural share of the day,ADV-737,5.6
ST/228/2021,KL-000228-2021,APPLICATION_REVIEW,2026-10-12,tentative,9.5,20.4,+15 age 5y+ | +5 Application Review | +0.4 waiting 2d | procedural share of the day,ADV-477,5.6
ST/2530/2021,KL-002530-2021,APPLICATION_REVIEW,2026-10-12,tentative,9.5,20.4,+15 age 5y+ | +5 Application Review | +0.4 waiting 2d | procedural share of the day,ADV-092,5.6
ST/2561/2021,KL-002561-2021,APPLICATION_REVIEW,2026-10-12,tentative,9.5,20.4,+15 age 5y+ | +5 Application Review | +0.4 waiting 2d | procedural share of the day,ADV-600,5.6
ST/1480/2023,KL-001480-2023,REPORTS,2026-10-12,tentative,3.2,12.8,+6 age 3-4y | +4 Reports | +2.8 waiting 14d | procedural share of the day,ADV-677,3.6
ST/1485/2023,KL-001485-2023,REPORTS,2026-10-12,tentative,3.2,12.8,+6 age 3-4y | +4 Reports | +2.8 waiting 14d | procedural share of the day,ADV-591,3.6
ST/656/2016,KL-000656-2016,JUDGEMENT,2026-10-13,tentative,30.0,28.0,+15 age 5y+ | +10 Judgement | +3 waiting 15d,ADV-607,9.9
ST/738/2017,KL-000738-2017,JUDGEMENT,2026-10-13,tentative,30.0,28.0,+15 age 5y+ | +10 Judgement | +3 waiting 15d,ADV-666,9.2
ST/747/2016,KL-000747-2016,JUDGEMENT,2026-10-13,tentative,30.0,28.0,+15 age 5y+ | +10 Judgement | +3 waiting 15d,ADV-566,9.9
ST/77/2017,KL-000077-2017,JUDGEMENT,2026-10-13,tentative,30.0,28.0,+15 age 5y+ | +10 Judgement | +3 waiting 15d,ADV-138,9.2
ST/877/2016,KL-000877-2016,JUDGEMENT,2026-10-13,tentative,30.0,28.0,+15 age 5y+ | +10 Judgement | +3 waiting 15d,ADV-876,9.9
ST/903/2017,KL-000903-2017,JUDGEMENT,2026-10-13,tentative,30.0,28.0,+15 age 5y+ | +10 Judgement | +3 waiting 15d,ADV-642,9.3
ST/931/2016,KL-000931-2016,JUDGEMENT,2026-10-13,tentative,30.0,28.0,+15 age 5y+ | +10 Judgement | +3 waiting 15d,ADV-894,9.9
ST/964/2017,KL-000964-2017,JUDGEMENT,2026-10-13,tentative,30.0,28.0,+15 age 5y+ | +10 Judgement | +3 waiting 15d,ADV-477,9.3
ST/2043/2018,KL-002043-2018,ARGUMENTS,2026-10-13,tentative,19.6,27.0,+15 age 5y+ | +9 Arguments | +3 waiting 15d,ADV-502,8.1
ST/2626/2021,KL-002626-2021,APPLICATION_REVIEW,2026-10-13,tentative,9.5,20.4,+15 age 5y+ | +5 Application Review | +0.4 waiting 2d | procedural share of the day,ADV-874,5.6
ST/2679/2021,KL-002679-2021,APPLICATION_REVIEW,2026-10-13,tentative,9.5,20.4,+15 age 5y+ | +5 Application Review | +0.4 waiting 2d | procedural share of the day,ADV-771,5.6
ST/2719/2021,KL-002719-2021,APPLICATION_REVIEW,2026-10-13,tentative,9.5,20.4,+15 age 5y+ | +5 Application Review | +0.4 waiting 2d | procedural share of the day,ADV-009,5.6
ST/2737/2021,KL-002737-2021,APPLICATION_REVIEW,2026-10-13,tentative,9.5,20.4,+15 age 5y+ | +5 Application Review | +0.4 waiting 2d | procedural share of the day,ADV-378,5.6
ST/288/2021,KL-000288-2021,APPLICATION_REVIEW,2026-10-13,tentative,9.5,20.4,+15 age 5y+ | +5 Application Review | +0.4 waiting 2d | procedural share of the day,ADV-253,5.6
ST/535/2021,KL-000535-2021,APPLICATION_REVIEW,2026-10-13,tentative,9.5,20.4,+15 age 5y+ | +5 Application Review | +0.4 waiting 2d | procedural share of the day,ADV-111,5.6
ST/570/2021,KL-000570-2021,APPLICATION_REVIEW,2026-10-13,tentative,9.5,20.4,+15 age 5y+ | +5 Application Review | +0.4 waiting 2d | procedural share of the day,ADV-311,5.6
ST/597/2021,KL-000597-2021,APPLICATION_REVIEW,2026-10-13,tentative,9.5,20.4,+15 age 5y+ | +5 Application Review | +0.4 waiting 2d | procedural share of the day,ADV-428,5.6
ST/708/2021,KL-000708-2021,APPLICATION_REVIEW,2026-10-13,tentative,9.5,20.2,+15 age 5y+ | +5 Application Review | +0.2 waiting 1d | procedural share of the day,ADV-953,5.6
ST/922/2021,KL-000922-2021,APPLICATION_REVIEW,2026-10-13,tentative,9.5,20.2,+15 age 5y+ | +5 Application Review | +0.2 waiting 1d | procedural share of the day,ADV-775,5.6
ST/930/2021,KL-000930-2021,APPLICATION_REVIEW,2026-10-13,tentative,9.5,20.2,+15 age 5y+ | +5 Application Review | +0.2 waiting 1d | procedural share of the day,ADV-933,5.6
ST/978/2021,KL-000978-2021,APPLICATION_REVIEW,2026-10-13,tentative,9.5,20.2,+15 age 5y+ | +5 Application Review | +0.2 waiting 1d | procedural share of the day,ADV-1245,5.6
ST/205/2021,KL-000205-2021,APPLICATION_REVIEW,2026-10-13,tentative,9.5,17.0,+9 age 4-5y | +5 Application Review | +3 waiting 15d | procedural share of the day,ADV-378,4.8
ST/1495/2023,KL-001495-2023,REPORTS,2026-10-13,tentative,3.2,13.0,+6 age 3-4y | +4 Reports | +3 waiting 15d | procedural share of the day,ADV-388,3.6
ST/1584/2023,KL-001584-2023,REPORTS,2026-10-13,tentative,3.2,13.0,+6 age 3-4y | +4 Reports | +3 waiting 15d | procedural share of the day,ADV-893,3.6
ST/2044/2018,KL-002044-2018,ARGUMENTS,2026-10-14,tentative,19.6,27.2,+15 age 5y+ | +9 Arguments | +3.2 waiting 16d,ADV-710,8.1
ST/2115/2018,KL-002115-2018,ARGUMENTS,2026-10-14,tentative,19.6,27.2,+15 age 5y+ | +9 Arguments | +3.2 waiting 16d,ADV-301,8.1
ST/2125/2018,KL-002125-2018,ARGUMENTS,2026-10-14,tentative,19.6,27.2,+15 age 5y+ | +9 Arguments | +3.2 waiting 16d,ADV-146,8.1
ST/2172/2018,KL-002172-2018,ARGUMENTS,2026-10-14,tentative,19.6,27.2,+15 age 5y+ | +9 Arguments | +3.2 waiting 16d,ADV-562,8.1
ST/2294/2018,KL-002294-2018,ARGUMENTS,2026-10-14,tentative,19.6,27.2,+15 age 5y+ | +9 Arguments | +3.2 waiting 16d,ADV-920,8.1
ST/2325/2018,KL-002325-2018,ARGUMENTS,2026-10-14,tentative,19.6,27.2,+15 age 5y+ | +9 Arguments | +3.2 waiting 16d,ADV-1150,8.1
ST/2403/2018,KL-002403-2018,ARGUMENTS,2026-10-14,tentative,19.6,27.2,+15 age 5y+ | +9 Arguments | +3.2 waiting 16d,ADV-849,8.1
ST/2638/2018,KL-002638-2018,ARGUMENTS,2026-10-14,tentative,19.6,27.2,+15 age 5y+ | +9 Arguments | +3.2 waiting 16d,ADV-548,8.1
ST/2987/2018,KL-002987-2018,ARGUMENTS,2026-10-14,tentative,19.6,27.2,+15 age 5y+ | +9 Arguments | +3.2 waiting 16d,ADV-1152,8.1
ST/360/2018,KL-000360-2018,ARGUMENTS,2026-10-14,tentative,19.6,27.2,+15 age 5y+ | +9 Arguments | +3.2 waiting 16d,ADV-665,8.1
ST/378/2018,KL-000378-2018,ARGUMENTS,2026-10-14,tentative,19.6,27.2,+15 age 5y+ | +9 Arguments | +3.2 waiting 16d,ADV-735,8.1
ST/391/2018,KL-000391-2018,ARGUMENTS,2026-10-14,tentative,19.6,27.2,+15 age 5y+ | +9 Arguments | +3.2 waiting 16d,ADV-319,8.1
ST/463/2018,KL-000463-2018,ARGUMENTS,2026-10-14,tentative,19.6,27.2,+15 age 5y+ | +9 Arguments | +3.2 waiting 16d,ADV-1093,8.1
ST/2128/2022,KL-002128-2022,APPLICATION_REVIEW,2026-10-14,tentative,9.5,17.2,+9 age 4-5y | +5 Application Review | +3.2 waiting 16d | procedural share of the day,ADV-651,4.0
ST/2179/2022,KL-002179-2022,APPLICATION_REVIEW,2026-10-14,tentative,9.5,17.2,+9 age 4-5y | +5 Application Review | +3.2 waiting 16d | procedural share of the day,ADV-110,4.0
ST/2180/2021,KL-002180-2021,APPLICATION_REVIEW,2026-10-14,tentative,9.5,17.2,+9 age 4-5y | +5 Application Review | +3.2 waiting 16d | procedural share of the day,ADV-507,4.8
ST/2205/2021,KL-002205-2021,APPLICATION_REVIEW,2026-10-14,tentative,9.5,17.2,+9 age 4-5y | +5 Application Review | +3.2 waiting 16d | procedural share of the day,ADV-659,4.8
ST/2206/2022,KL-002206-2022,APPLICATION_REVIEW,2026-10-14,tentative,9.5,17.2,+9 age 4-5y | +5 Application Review | +3.2 waiting 16d | procedural share of the day,ADV-576,4.3
ST/2217/2021,KL-002217-2021,APPLICATION_REVIEW,2026-10-14,tentative,9.5,17.2,+9 age 4-5y | +5 Application Review | +3.2 waiting 16d | procedural share of the day,ADV-992,4.8
ST/222/2021,KL-000222-2021,APPLICATION_REVIEW,2026-10-14,tentative,9.5,17.2,+9 age 4-5y | +5 Application Review | +3.2 waiting 16d | procedural share of the day,ADV-319,4.8
ST/2236/2022,KL-002236-2022,APPLICATION_REVIEW,2026-10-14,tentative,9.5,17.2,+9 age 4-5y | +5 Application Review | +3.2 waiting 16d | procedural share of the day,ADV-1085,4.3
ST/2243/2021,KL-002243-2021,APPLICATION_REVIEW,2026-10-14,tentative,9.5,17.2,+9 age 4-5y | +5 Application Review | +3.2 waiting 16d | procedural share of the day,ADV-1146,4.8
ST/2257/2022,KL-002257-2022,APPLICATION_REVIEW,2026-10-14,tentative,9.5,17.2,+9 age 4-5y | +5 Application Review | +3.2 waiting 16d | procedural share of the day,ADV-076,4.3
ST/2337/2021,KL-002337-2021,APPLICATION_REVIEW,2026-10-14,tentative,9.5,17.2,+9 age 4-5y | +5 Application Review | +3.2 waiting 16d | procedural share of the day,ADV-932,4.8
ST/2359/2022,KL-002359-2022,APPLICATION_REVIEW,2026-10-14,tentative,9.5,17.2,+9 age 4-5y | +5 Application Review | +3.2 waiting 16d | procedural share of the day,ADV-084,4.0
ST/2391/2021,KL-002391-2021,APPLICATION_REVIEW,2026-10-14,tentative,9.5,17.2,+9 age 4-5y | +5 Application Review | +3.2 waiting 16d | procedural share of the day,ADV-226,4.8
ST/1635/2023,KL-001635-2023,REPORTS,2026-10-14,tentative,3.2,13.2,+6 age 3-4y | +4 Reports | +3.2 waiting 16d | procedural share of the day,ADV-128,3.6
ST/165/2023,KL-000165-2023,REPORTS,2026-10-14,tentative,3.2,13.2,+6 age 3-4y | +4 Reports | +3.2 waiting 16d | procedural share of the day,ADV-162,3.6
ST/1678/2023,KL-001678-2023,REPORTS,2026-10-14,tentative,3.2,13.2,+6 age 3-4y | +4 Reports | +3.2 waiting 16d,ADV-716,3.6
ST/512/2018,KL-000512-2018,ARGUMENTS,2026-10-15,tentative,19.6,27.4,+15 age 5y+ | +9 Arguments | +3.4 waiting 17d,ADV-730,8.1
ST/59/2018,KL-000059-2018,ARGUMENTS,2026-10-15,tentative,19.6,27.4,+15 age 5y+ | +9 Arguments | +3.4 waiting 17d,ADV-491,8.1
ST/62/2018,KL-000062-2018,ARGUMENTS,2026-10-15,tentative,19.6,27.4,+15 age 5y+ | +9 Arguments | +3.4 waiting 17d,ADV-389,8.1
ST/878/2018,KL-000878-2018,ARGUMENTS,2026-10-15,tentative,19.6,27.4,+15 age 5y+ | +9 Arguments | +3.4 waiting 17d,ADV-310,8.1
ST/895/2018,KL-000895-2018,ARGUMENTS,2026-10-15,tentative,19.6,27.4,+15 age 5y+ | +9 Arguments | +3.4 waiting 17d,ADV-767,8.1
ST/1011/2021,KL-001011-2021,EVIDENCE_ACCUSED,2026-10-15,tentative,18.3,26.4,+15 age 5y+ | +8 Evidence Accused | +3.4 waiting 17d,ADV-445,5.7
ST/1041/2020,KL-001041-2020,EVIDENCE_ACCUSED,2026-10-15,tentative,18.3,26.4,+15 age 5y+ | +8 Evidence Accused | +3.4 waiting 17d,ADV-415,6.2
ST/1045/2020,KL-001045-2020,EVIDENCE_ACCUSED,2026-10-15,tentative,18.3,26.4,+15 age 5y+ | +8 Evidence Accused | +3.4 waiting 17d,ADV-521,6.2
ST/1064/2020,KL-001064-2020,EVIDENCE_ACCUSED,2026-10-15,tentative,18.3,26.4,+15 age 5y+ | +8 Evidence Accused | +3.4 waiting 17d,ADV-650,6.2
ST/110/2020,KL-000110-2020,EVIDENCE_ACCUSED,2026-10-15,tentative,18.3,26.4,+15 age 5y+ | +8 Evidence Accused | +3.4 waiting 17d,ADV-298,6.2
ST/1103/2017,KL-001103-2017,EVIDENCE_ACCUSED,2026-10-15,tentative,18.3,26.4,+15 age 5y+ | +8 Evidence Accused | +3.4 waiting 17d,ADV-240,9.4
ST/1105/2017,KL-001105-2017,EVIDENCE_ACCUSED,2026-10-15,tentative,18.3,26.4,+15 age 5y+ | +8 Evidence Accused | +3.4 waiting 17d,ADV-099,9.1
ST/1123/2021,KL-001123-2021,EVIDENCE_ACCUSED,2026-10-15,tentative,18.3,26.4,+15 age 5y+ | +8 Evidence Accused | +3.4 waiting 17d,ADV-1242,5.7
ST/240/2022,KL-000240-2022,APPLICATION_REVIEW,2026-10-15,tentative,9.5,17.4,+9 age 4-5y | +5 Application Review | +3.4 waiting 17d | procedural share of the day,ADV-049,4.0
ST/2435/2021,KL-002435-2021,APPLICATION_REVIEW,2026-10-15,tentative,9.5,17.4,+9 age 4-5y | +5 Application Review | +3.4 waiting 17d | procedural share of the day,ADV-663,4.8
ST/245/2022,KL-000245-2022,APPLICATION_REVIEW,2026-10-15,tentative,9.5,17.4,+9 age 4-5y | +5 Application Review | +3.4 waiting 17d | procedural share of the day,ADV-919,4.0
ST/2507/2021,KL-002507-2021,APPLICATION_REVIEW,2026-10-15,tentative,9.5,17.4,+9 age 4-5y | +5 Application Review | +3.4 waiting 17d | procedural share of the day,ADV-137,4.8
ST/2547/2022,KL-002547-2022,APPLICATION_REVIEW,2026-10-15,tentative,9.5,17.4,+9 age 4-5y | +5 Application Review | +3.4 waiting 17d | procedural share of the day,ADV-195,4.3
ST/2557/2022,KL-002557-2022,APPLICATION_REVIEW,2026-10-15,tentative,9.5,17.4,+9 age 4-5y | +5 Application Review | +3.4 waiting 17d | procedural share of the day,ADV-128,4.3
ST/2578/2021,KL-002578-2021,APPLICATION_REVIEW,2026-10-15,tentative,9.5,17.4,+9 age 4-5y | +5 Application Review | +3.4 waiting 17d | procedural share of the day,ADV-1179,4.8
ST/261/2022,KL-000261-2022,APPLICATION_REVIEW,2026-10-15,tentative,9.5,17.4,+9 age 4-5y | +5 Application Review | +3.4 waiting 17d | procedural share of the day,ADV-549,4.3
ST/2645/2021,KL-002645-2021,APPLICATION_REVIEW,2026-10-15,tentative,9.5,17.4,+9 age 4-5y | +5 Application Review | +3.4 waiting 17d | procedural share of the day,ADV-769,4.8
ST/2671/2022,KL-002671-2022,APPLICATION_REVIEW,2026-10-15,tentative,9.5,17.4,+9 age 4-5y | +5 Application Review | +3.4 waiting 17d | procedural share of the day,ADV-446,4.3
ST/2702/2022,KL-002702-2022,APPLICATION_REVIEW,2026-10-15,tentative,9.5,17.4,+9 age 4-5y | +5 Application Review | +3.4 waiting 17d | procedural share of the day,ADV-480,4.3
ST/2721/2022,KL-002721-2022,APPLICATION_REVIEW,2026-10-15,tentative,9.5,17.4,+9 age 4-5y | +5 Application Review | +3.4 waiting 17d | procedural share of the day,ADV-1235,4.0
ST/2725/2022,KL-002725-2022,APPLICATION_REVIEW,2026-10-15,tentative,9.5,17.4,+9 age 4-5y | +5 Application Review | +3.4 waiting 17d | procedural share of the day,ADV-271,4.3
ST/2801/2022,KL-002801-2022,APPLICATION_REVIEW,2026-10-15,tentative,9.5,17.4,+9 age 4-5y | +5 Application Review | +3.4 waiting 17d,ADV-157,4.3
ST/1719/2023,KL-001719-2023,REPORTS,2026-10-15,tentative,3.2,13.4,+6 age 3-4y | +4 Reports | +3.4 waiting 17d | procedural share of the day,ADV-506,3.6
ST/1835/2023,KL-001835-2023,REPORTS,2026-10-15,tentative,3.2,13.4,+6 age 3-4y | +4 Reports | +3.4 waiting 17d | procedural share of the day,ADV-1231,3.6
ST/1888/2023,KL-001888-2023,REPORTS,2026-10-15,tentative,3.2,13.4,+6 age 3-4y | +4 Reports | +3.4 waiting 17d,ADV-680,3.6
ST/1155/2017,KL-001155-2017,EVIDENCE_ACCUSED,2026-10-16,tentative,18.3,26.6,+15 age 5y+ | +8 Evidence Accused | +3.6 waiting 18d,ADV-286,9.1
ST/1170/2017,KL-001170-2017,EVIDENCE_ACCUSED,2026-10-16,tentative,18.3,26.6,+15 age 5y+ | +8 Evidence Accused | +3.6 waiting 18d,ADV-851,9.4
ST/1186/2017,KL-001186-2017,EVIDENCE_ACCUSED,2026-10-16,tentative,18.3,26.6,+15 age 5y+ | +8 Evidence Accused | +3.6 waiting 18d,ADV-721,9.1
ST/1194/2020,KL-001194-2020,EVIDENCE_ACCUSED,2026-10-16,tentative,18.3,26.6,+15 age 5y+ | +8 Evidence Accused | +3.6 waiting 18d,ADV-050,6.2
ST/1261/2021,KL-001261-2021,EVIDENCE_ACCUSED,2026-10-16,tentative,18.3,26.6,+15 age 5y+ | +8 Evidence Accused | +3.6 waiting 18d,ADV-285,5.7
ST/1297/2021,KL-001297-2021,EVIDENCE_ACCUSED,2026-10-16,tentative,18.3,26.6,+15 age 5y+ | +8 Evidence Accused | +3.6 waiting 18d,ADV-562,5.7
ST/1317/2020,KL-001317-2020,EVIDENCE_ACCUSED,2026-10-16,tentative,18.3,26.6,+15 age 5y+ | +8 Evidence Accused | +3.6 waiting 18d,ADV-1234,6.2
ST/1348/2020,KL-001348-2020,EVIDENCE_ACCUSED,2026-10-16,tentative,18.3,26.6,+15 age 5y+ | +8 Evidence Accused | +3.6 waiting 18d,ADV-192,6.2
ST/1354/2017,KL-001354-2017,EVIDENCE_ACCUSED,2026-10-16,tentative,18.3,26.6,+15 age 5y+ | +8 Evidence Accused | +3.6 waiting 18d,ADV-521,9.4
ST/136/2017,KL-000136-2017,EVIDENCE_ACCUSED,2026-10-16,tentative,18.3,26.6,+15 age 5y+ | +8 Evidence Accused | +3.6 waiting 18d,ADV-020,9.1
ST/1367/2017,KL-001367-2017,EVIDENCE_ACCUSED,2026-10-16,tentative,18.3,26.6,+15 age 5y+ | +8 Evidence Accused | +3.6 waiting 18d,ADV-210,9.1
ST/1391/2017,KL-001391-2017,EVIDENCE_ACCUSED,2026-10-16,tentative,18.3,26.6,+15 age 5y+ | +8 Evidence Accused | +3.6 waiting 18d,ADV-228,9.1
ST/1429/2021,KL-001429-2021,EVIDENCE_ACCUSED,2026-10-16,tentative,18.3,26.6,+15 age 5y+ | +8 Evidence Accused | +3.6 waiting 18d,ADV-972,5.7
ST/1459/2021,KL-001459-2021,EVIDENCE_ACCUSED,2026-10-16,tentative,18.3,26.6,+15 age 5y+ | +8 Evidence Accused | +3.6 waiting 18d,ADV-147,5.7
ST/2809/2022,KL-002809-2022,APPLICATION_REVIEW,2026-10-16,tentative,9.5,17.6,+9 age 4-5y | +5 Application Review | +3.6 waiting 18d | procedural share of the day,ADV-608,4.3
ST/2829/2022,KL-002829-2022,APPLICATION_REVIEW,2026-10-16,tentative,9.5,17.6,+9 age 4-5y | +5 Application Review | +3.6 waiting 18d | procedural share of the day,ADV-149,4.0
ST/2832/2022,KL-002832-2022,APPLICATION_REVIEW,2026-10-16,tentative,9.5,17.6,+9 age 4-5y | +5 Application Review | +3.6 waiting 18d | procedural share of the day,ADV-196,4.3
ST/2845/2021,KL-002845-2021,APPLICATION_REVIEW,2026-10-16,tentative,9.5,17.6,+9 age 4-5y | +5 Application Review | +3.6 waiting 18d | procedural share of the day,ADV-1101,4.8
ST/2846/2021,KL-002846-2021,APPLICATION_REVIEW,2026-10-16,tentative,9.5,17.6,+9 age 4-5y | +5 Application Review | +3.6 waiting 18d | procedural share of the day,ADV-203,4.8
ST/2898/2022,KL-002898-2022,APPLICATION_REVIEW,2026-10-16,tentative,9.5,17.6,+9 age 4-5y | +5 Application Review | +3.6 waiting 18d | procedural share of the day,ADV-1207,4.0
ST/2899/2022,KL-002899-2022,APPLICATION_REVIEW,2026-10-16,tentative,9.5,17.6,+9 age 4-5y | +5 Application Review | +3.6 waiting 18d | procedural share of the day,ADV-819,4.3
ST/2907/2022,KL-002907-2022,APPLICATION_REVIEW,2026-10-16,tentative,9.5,17.6,+9 age 4-5y | +5 Application Review | +3.6 waiting 18d | procedural share of the day,ADV-591,4.0
ST/2917/2022,KL-002917-2022,APPLICATION_REVIEW,2026-10-16,tentative,9.5,17.6,+9 age 4-5y | +5 Application Review | +3.6 waiting 18d | procedural share of the day,ADV-410,4.0
ST/2991/2021,KL-002991-2021,APPLICATION_REVIEW,2026-10-16,tentative,9.5,17.6,+9 age 4-5y | +5 Application Review | +3.6 waiting 18d | procedural share of the day,ADV-063,4.8
ST/31/2021,KL-000031-2021,APPLICATION_REVIEW,2026-10-16,tentative,9.5,17.6,+9 age 4-5y | +5 Application Review | +3.6 waiting 18d | procedural share of the day,ADV-923,4.8
ST/343/2022,KL-000343-2022,APPLICATION_REVIEW,2026-10-16,tentative,9.5,17.6,+9 age 4-5y | +5 Application Review | +3.6 waiting 18d | procedural share of the day,ADV-125,4.0
ST/484/2022,KL-000484-2022,APPLICATION_REVIEW,2026-10-16,tentative,9.5,17.6,+9 age 4-5y | +5 Application Review | +3.6 waiting 18d | procedural share of the day,ADV-291,4.3
ST/2017/2023,KL-002017-2023,REPORTS,2026-10-16,tentative,3.2,13.6,+6 age 3-4y | +4 Reports | +3.6 waiting 18d | procedural share of the day,ADV-071,3.6
ST/2070/2023,KL-002070-2023,REPORTS,2026-10-16,tentative,3.2,13.6,+6 age 3-4y | +4 Reports | +3.6 waiting 18d | procedural share of the day,ADV-1208,3.6
ST/2290/2023,KL-002290-2023,REPORTS,2026-10-16,tentative,3.2,13.6,+6 age 3-4y | +4 Reports | +3.6 waiting 18d,ADV-367,3.6
ST/1476/2017,KL-001476-2017,EVIDENCE_ACCUSED,2026-10-19,tentative,18.3,27.2,+15 age 5y+ | +8 Evidence Accused | +4.2 waiting 21d,ADV-404,9.1
ST/1502/2021,KL-001502-2021,EVIDENCE_ACCUSED,2026-10-19,tentative,18.3,27.2,+15 age 5y+ | +8 Evidence Accused | +4.2 waiting 21d,ADV-673,5.7
ST/1507/2017,KL-001507-2017,EVIDENCE_ACCUSED,2026-10-19,tentative,18.3,27.2,+15 age 5y+ | +8 Evidence Accused | +4.2 waiting 21d,ADV-366,9.4
ST/153/2017,KL-000153-2017,EVIDENCE_ACCUSED,2026-10-19,tentative,18.3,27.2,+15 age 5y+ | +8 Evidence Accused | +4.2 waiting 21d,ADV-248,9.4
ST/1530/2017,KL-001530-2017,EVIDENCE_ACCUSED,2026-10-19,tentative,18.3,27.2,+15 age 5y+ | +8 Evidence Accused | +4.2 waiting 21d,ADV-709,9.4
ST/1539/2020,KL-001539-2020,EVIDENCE_ACCUSED,2026-10-19,tentative,18.3,27.2,+15 age 5y+ | +8 Evidence Accused | +4.2 waiting 21d,ADV-1051,6.2
ST/1564/2017,KL-001564-2017,EVIDENCE_ACCUSED,2026-10-19,tentative,18.3,27.2,+15 age 5y+ | +8 Evidence Accused | +4.2 waiting 21d,ADV-238,9.4
ST/1595/2020,KL-001595-2020,EVIDENCE_ACCUSED,2026-10-19,tentative,18.3,27.2,+15 age 5y+ | +8 Evidence Accused | +4.2 waiting 21d,ADV-778,6.2
ST/1600/2020,KL-001600-2020,EVIDENCE_ACCUSED,2026-10-19,tentative,18.3,27.2,+15 age 5y+ | +8 Evidence Accused | +4.2 waiting 21d,ADV-920,6.2
ST/1601/2017,KL-001601-2017,EVIDENCE_ACCUSED,2026-10-19,tentative,18.3,27.2,+15 age 5y+ | +8 Evidence Accused | +4.2 waiting 21d,ADV-1246,9.1
ST/1621/2021,KL-001621-2021,EVIDENCE_ACCUSED,2026-10-19,tentative,18.3,27.2,+15 age 5y+ | +8 Evidence Accused | +4.2 waiting 21d,ADV-779,5.7
ST/1673/2021,KL-001673-2021,EVIDENCE_ACCUSED,2026-10-19,tentative,18.3,27.2,+15 age 5y+ | +8 Evidence Accused | +4.2 waiting 21d,ADV-266,5.7
ST/1701/2021,KL-001701-2021,EVIDENCE_ACCUSED,2026-10-19,tentative,18.3,27.2,+15 age 5y+ | +8 Evidence Accused | +4.2 waiting 21d,ADV-1120,5.7
ST/1705/2017,KL-001705-2017,EVIDENCE_ACCUSED,2026-10-19,tentative,18.3,27.2,+15 age 5y+ | +8 Evidence Accused | +4.2 waiting 21d,ADV-927,9.4
ST/129/2021,KL-000129-2021,APPLICATION_REVIEW,2026-10-19,tentative,9.5,20.4,+15 age 5y+ | +5 Application Review | +0.4 waiting 2d | procedural share of the day,ADV-636,5.6
ST/1344/2021,KL-001344-2021,APPLICATION_REVIEW,2026-10-19,tentative,9.5,20.4,+15 age 5y+ | +5 Application Review | +0.4 waiting 2d | procedural share of the day,ADV-325,5.6
ST/1455/2021,KL-001455-2021,APPLICATION_REVIEW,2026-10-19,tentative,9.5,20.4,+15 age 5y+ | +5 Application Review | +0.4 waiting 2d | procedural share of the day,ADV-772,5.6
ST/1627/2021,KL-001627-2021,APPLICATION_REVIEW,2026-10-19,tentative,9.5,20.4,+15 age 5y+ | +5 Application Review | +0.4 waiting 2d | procedural share of the day,ADV-004,5.6
ST/1631/2021,KL-001631-2021,APPLICATION_REVIEW,2026-10-19,tentative,9.5,20.4,+15 age 5y+ | +5 Application Review | +0.4 waiting 2d | procedural share of the day,ADV-187,5.6
ST/1759/2021,KL-001759-2021,APPLICATION_REVIEW,2026-10-19,tentative,9.5,20.4,+15 age 5y+ | +5 Application Review | +0.4 waiting 2d | procedural share of the day,ADV-570,5.6
ST/1765/2021,KL-001765-2021,APPLICATION_REVIEW,2026-10-19,tentative,9.5,20.4,+15 age 5y+ | +5 Application Review | +0.4 waiting 2d | procedural share of the day,ADV-551,5.6
ST/1897/2021,KL-001897-2021,APPLICATION_REVIEW,2026-10-19,tentative,9.5,20.4,+15 age 5y+ | +5 Application Review | +0.4 waiting 2d | procedural share of the day,ADV-1072,5.6
ST/2199/2021,KL-002199-2021,APPLICATION_REVIEW,2026-10-19,tentative,9.5,20.4,+15 age 5y+ | +5 Application Review | +0.4 waiting 2d | procedural share of the day,ADV-717,5.6
ST/2247/2021,KL-002247-2021,APPLICATION_REVIEW,2026-10-19,tentative,9.5,20.4,+15 age 5y+ | +5 Application Review | +0.4 waiting 2d | procedural share of the day,ADV-737,5.6
ST/228/2021,KL-000228-2021,APPLICATION_REVIEW,2026-10-19,tentative,9.5,20.4,+15 age 5y+ | +5 Application Review | +0.4 waiting 2d | procedural share of the day,ADV-477,5.6
ST/2530/2021,KL-002530-2021,APPLICATION_REVIEW,2026-10-19,tentative,9.5,20.4,+15 age 5y+ | +5 Application Review | +0.4 waiting 2d | procedural share of the day,ADV-092,5.6
ST/2561/2021,KL-002561-2021,APPLICATION_REVIEW,2026-10-19,tentative,9.5,20.4,+15 age 5y+ | +5 Application Review | +0.4 waiting 2d | procedural share of the day,ADV-600,5.6
ST/2357/2023,KL-002357-2023,REPORTS,2026-10-19,tentative,3.2,14.2,+6 age 3-4y | +4.2 waiting 21d | +4 Reports | procedural share of the day,ADV-876,3.6
ST/2420/2023,KL-002420-2023,REPORTS,2026-10-19,tentative,3.2,14.2,+6 age 3-4y | +4.2 waiting 21d | +4 Reports | procedural share of the day,ADV-810,3.6
ST/2473/2023,KL-002473-2023,REPORTS,2026-10-19,tentative,3.2,14.2,+6 age 3-4y | +4.2 waiting 21d | +4 Reports,ADV-1008,3.6
ST/1708/2017,KL-001708-2017,EVIDENCE_ACCUSED,2026-10-21,tentative,18.3,27.6,+15 age 5y+ | +8 Evidence Accused | +4.6 waiting 23d,ADV-691,9.4
ST/1779/2017,KL-001779-2017,EVIDENCE_ACCUSED,2026-10-21,tentative,18.3,27.6,+15 age 5y+ | +8 Evidence Accused | +4.6 waiting 23d,ADV-135,9.1
ST/1823/2017,KL-001823-2017,EVIDENCE_ACCUSED,2026-10-21,tentative,18.3,27.6,+15 age 5y+ | +8 Evidence Accused | +4.6 waiting 23d,ADV-1145,9.1
ST/1838/2017,KL-001838-2017,EVIDENCE_ACCUSED,2026-10-21,tentative,18.3,27.6,+15 age 5y+ | +8 Evidence Accused | +4.6 waiting 23d,ADV-085,9.1
ST/1882/2021,KL-001882-2021,EVIDENCE_ACCUSED,2026-10-21,tentative,18.3,27.6,+15 age 5y+ | +8 Evidence Accused | +4.6 waiting 23d,ADV-1258,5.7
ST/190/2017,KL-000190-2017,EVIDENCE_ACCUSED,2026-10-21,tentative,18.3,27.6,+15 age 5y+ | +8 Evidence Accused | +4.6 waiting 23d,ADV-1051,9.1
ST/1948/2017,KL-001948-2017,EVIDENCE_ACCUSED,2026-10-21,tentative,18.3,27.6,+15 age 5y+ | +8 Evidence Accused | +4.6 waiting 23d,ADV-655,9.4
ST/1951/2017,KL-001951-2017,EVIDENCE_ACCUSED,2026-10-21,tentative,18.3,27.6,+15 age 5y+ | +8 Evidence Accused | +4.6 waiting 23d,ADV-417,9.4
ST/2021/2017,KL-002021-2017,EVIDENCE_ACCUSED,2026-10-21,tentative,18.3,27.6,+15 age 5y+ | +8 Evidence Accused | +4.6 waiting 23d,ADV-1110,9.1
ST/2052/2017,KL-002052-2017,EVIDENCE_ACCUSED,2026-10-21,tentative,18.3,27.6,+15 age 5y+ | +8 Evidence Accused | +4.6 waiting 23d,ADV-191,9.1
ST/206/2021,KL-000206-2021,EVIDENCE_ACCUSED,2026-10-21,tentative,18.3,27.6,+15 age 5y+ | +8 Evidence Accused | +4.6 waiting 23d,ADV-854,5.7
ST/2089/2017,KL-002089-2017,EVIDENCE_ACCUSED,2026-10-21,tentative,18.3,27.6,+15 age 5y+ | +8 Evidence Accused | +4.6 waiting 23d,ADV-174,9.1
ST/209/2021,KL-000209-2021,EVIDENCE_ACCUSED,2026-10-21,tentative,18.3,27.6,+15 age 5y+ | +8 Evidence Accused | +4.6 waiting 23d,ADV-530,5.7
ST/2101/2017,KL-002101-2017,EVIDENCE_ACCUSED,2026-10-21,tentative,18.3,27.6,+15 age 5y+ | +8 Evidence Accused | +4.6 waiting 23d,ADV-694,9.4
ST/2626/2021,KL-002626-2021,APPLICATION_REVIEW,2026-10-21,tentative,9.5,20.6,+15 age 5y+ | +5 Application Review | +0.6 waiting 3d | procedural share of the day,ADV-874,5.6
ST/2679/2021,KL-002679-2021,APPLICATION_REVIEW,2026-10-21,tentative,9.5,20.6,+15 age 5y+ | +5 Application Review | +0.6 waiting 3d | procedural share of the day,ADV-771,5.6
ST/2719/2021,KL-002719-2021,APPLICATION_REVIEW,2026-10-21,tentative,9.5,20.6,+15 age 5y+ | +5 Application Review | +0.6 waiting 3d | procedural share of the day,ADV-009,5.6
ST/2737/2021,KL-002737-2021,APPLICATION_REVIEW,2026-10-21,tentative,9.5,20.6,+15 age 5y+ | +5 Application Review | +0.6 waiting 3d | procedural share of the day,ADV-378,5.6
ST/288/2021,KL-000288-2021,APPLICATION_REVIEW,2026-10-21,tentative,9.5,20.6,+15 age 5y+ | +5 Application Review | +0.6 waiting 3d | procedural share of the day,ADV-253,5.6
ST/535/2021,KL-000535-2021,APPLICATION_REVIEW,2026-10-21,tentative,9.5,20.6,+15 age 5y+ | +5 Application Review | +0.6 waiting 3d | procedural share of the day,ADV-111,5.6
ST/570/2021,KL-000570-2021,APPLICATION_REVIEW,2026-10-21,tentative,9.5,20.6,+15 age 5y+ | +5 Application Review | +0.6 waiting 3d | procedural share of the day,ADV-311,5.6
ST/597/2021,KL-000597-2021,APPLICATION_REVIEW,2026-10-21,tentative,9.5,20.6,+15 age 5y+ | +5 Application Review | +0.6 waiting 3d | procedural share of the day,ADV-428,5.6
ST/708/2021,KL-000708-2021,APPLICATION_REVIEW,2026-10-21,tentative,9.5,20.6,+15 age 5y+ | +5 Application Review | +0.6 waiting 3d | procedural share of the day,ADV-953,5.6
ST/922/2021,KL-000922-2021,APPLICATION_REVIEW,2026-10-21,tentative,9.5,20.6,+15 age 5y+ | +5 Application Review | +0.6 waiting 3d | procedural share of the day,ADV-775,5.6
ST/930/2021,KL-000930-2021,APPLICATION_REVIEW,2026-10-21,tentative,9.5,20.6,+15 age 5y+ | +5 Application Review | +0.6 waiting 3d | procedural share of the day,ADV-933,5.6
ST/978/2021,KL-000978-2021,APPLICATION_REVIEW,2026-10-21,tentative,9.5,20.6,+15 age 5y+ | +5 Application Review | +0.6 waiting 3d | procedural share of the day,ADV-1245,5.6
ST/506/2021,KL-000506-2021,APPLICATION_REVIEW,2026-10-21,tentative,9.5,18.6,+9 age 4-5y | +5 Application Review | +4.6 waiting 23d | procedural share of the day,ADV-1119,4.8
ST/248/2023,KL-000248-2023,REPORTS,2026-10-21,tentative,3.2,14.600000000000001,+6 age 3-4y | +4.6 waiting 23d | +4 Reports | procedural share of the day,ADV-113,3.6
ST/2495/2023,KL-002495-2023,REPORTS,2026-10-21,tentative,3.2,14.600000000000001,+6 age 3-4y | +4.6 waiting 23d | +4 Reports | procedural share of the day,ADV-976,3.6
ST/2698/2023,KL-002698-2023,REPORTS,2026-10-21,tentative,3.2,14.600000000000001,+6 age 3-4y | +4.6 waiting 23d | +4 Reports,ADV-968,3.6
ST/211/2021,KL-000211-2021,EVIDENCE_ACCUSED,2026-10-22,tentative,18.3,27.8,+15 age 5y+ | +8 Evidence Accused | +4.8 waiting 24d,ADV-1211,5.7
ST/2113/2017,KL-002113-2017,EVIDENCE_ACCUSED,2026-10-22,tentative,18.3,27.8,+15 age 5y+ | +8 Evidence Accused | +4.8 waiting 24d,ADV-1251,9.4
ST/2114/2017,KL-002114-2017,EVIDENCE_ACCUSED,2026-10-22,tentative,18.3,27.8,+15 age 5y+ | +8 Evidence Accused | +4.8 waiting 24d,ADV-032,9.4
ST/2120/2020,KL-002120-2020,EVIDENCE_ACCUSED,2026-10-22,tentative,18.3,27.8,+15 age 5y+ | +8 Evidence Accused | +4.8 waiting 24d,ADV-040,6.2
ST/2127/2017,KL-002127-2017,EVIDENCE_ACCUSED,2026-10-22,tentative,18.3,27.8,+15 age 5y+ | +8 Evidence Accused | +4.8 waiting 24d,ADV-313,9.1
ST/2141/2020,KL-002141-2020,EVIDENCE_ACCUSED,2026-10-22,tentative,18.3,27.8,+15 age 5y+ | +8 Evidence Accused | +4.8 waiting 24d,ADV-476,6.2
ST/2155/2020,KL-002155-2020,EVIDENCE_ACCUSED,2026-10-22,tentative,18.3,27.8,+15 age 5y+ | +8 Evidence Accused | +4.8 waiting 24d,ADV-1010,6.2
ST/2164/2017,KL-002164-2017,EVIDENCE_ACCUSED,2026-10-22,tentative,18.3,27.8,+15 age 5y+ | +8 Evidence Accused | +4.8 waiting 24d,ADV-1054,9.4
ST/2187/2017,KL-002187-2017,EVIDENCE_ACCUSED,2026-10-22,tentative,18.3,27.8,+15 age 5y+ | +8 Evidence Accused | +4.8 waiting 24d,ADV-1088,9.1
ST/223/2020,KL-000223-2020,EVIDENCE_ACCUSED,2026-10-22,tentative,18.3,27.8,+15 age 5y+ | +8 Evidence Accused | +4.8 waiting 24d,ADV-978,6.2
ST/226/2017,KL-000226-2017,EVIDENCE_ACCUSED,2026-10-22,tentative,18.3,27.8,+15 age 5y+ | +8 Evidence Accused | +4.8 waiting 24d,ADV-973,9.1
ST/2301/2021,KL-002301-2021,EVIDENCE_ACCUSED,2026-10-22,tentative,18.3,27.8,+15 age 5y+ | +8 Evidence Accused | +4.8 waiting 24d,ADV-085,5.7
ST/2305/2017,KL-002305-2017,EVIDENCE_ACCUSED,2026-10-22,tentative,18.3,27.8,+15 age 5y+ | +8 Evidence Accused | +4.8 waiting 24d,ADV-295,9.4
ST/2309/2017,KL-002309-2017,EVIDENCE_ACCUSED,2026-10-22,tentative,18.3,27.8,+15 age 5y+ | +8 Evidence Accused | +4.8 waiting 24d,ADV-085,9.1
ST/537/2021,KL-000537-2021,APPLICATION_REVIEW,2026-10-22,tentative,9.5,18.8,+9 age 4-5y | +5 Application Review | +4.8 waiting 24d | procedural share of the day,ADV-038,4.8
ST/559/2022,KL-000559-2022,APPLICATION_REVIEW,2026-10-22,tentative,9.5,18.8,+9 age 4-5y | +5 Application Review | +4.8 waiting 24d | procedural share of the day,ADV-212,4.3
ST/599/2022,KL-000599-2022,APPLICATION_REVIEW,2026-10-22,tentative,9.5,18.8,+9 age 4-5y | +5 Application Review | +4.8 waiting 24d | procedural share of the day,ADV-359,4.0
ST/639/2022,KL-000639-2022,APPLICATION_REVIEW,2026-10-22,tentative,9.5,18.8,+9 age 4-5y | +5 Application Review | +4.8 waiting 24d | procedural share of the day,ADV-105,4.3
ST/675/2022,KL-000675-2022,APPLICATION_REVIEW,2026-10-22,tentative,9.5,18.8,+9 age 4-5y | +5 Application Review | +4.8 waiting 24d | procedural share of the day,ADV-815,4.0
ST/692/2022,KL-000692-2022,APPLICATION_REVIEW,2026-10-22,tentative,9.5,18.8,+9 age 4-5y | +5 Application Review | +4.8 waiting 24d | procedural share of the day,ADV-790,4.3
ST/71/2022,KL-000071-2022,APPLICATION_REVIEW,2026-10-22,tentative,9.5,18.8,+9 age 4-5y | +5 Application Review | +4.8 waiting 24d | procedural share of the day,ADV-533,4.3
ST/716/2022,KL-000716-2022,APPLICATION_REVIEW,2026-10-22,tentative,9.5,18.8,+9 age 4-5y | +5 Application Review | +4.8 waiting 24d | procedural share of the day,ADV-362,4.3
ST/745/2022,KL-000745-2022,APPLICATION_REVIEW,2026-10-22,tentative,9.5,18.8,+9 age 4-5y | +5 Application Review | +4.8 waiting 24d | procedural share of the day,ADV-305,4.3
ST/792/2021,KL-000792-2021,APPLICATION_REVIEW,2026-10-22,tentative,9.5,18.8,+9 age 4-5y | +5 Application Review | +4.8 waiting 24d | procedural share of the day,ADV-224,4.8
ST/798/2021,KL-000798-2021,APPLICATION_REVIEW,2026-10-22,tentative,9.5,18.8,+9 age 4-5y | +5 Application Review | +4.8 waiting 24d | procedural share of the day,ADV-082,4.8
ST/825/2022,KL-000825-2022,APPLICATION_REVIEW,2026-10-22,tentative,9.5,18.8,+9 age 4-5y | +5 Application Review | +4.8 waiting 24d | procedural share of the day,ADV-749,4.0
ST/833/2021,KL-000833-2021,APPLICATION_REVIEW,2026-10-22,tentative,9.5,18.8,+9 age 4-5y | +5 Application Review | +4.8 waiting 24d | procedural share of the day,ADV-1019,4.8
ST/2749/2023,KL-002749-2023,REPORTS,2026-10-22,tentative,3.2,14.8,+6 age 3-4y | +4.8 waiting 24d | +4 Reports | procedural share of the day,ADV-1162,3.6
ST/275/2023,KL-000275-2023,REPORTS,2026-10-22,tentative,3.2,14.8,+6 age 3-4y | +4.8 waiting 24d | +4 Reports | procedural share of the day,ADV-307,3.6
ST/373/2023,KL-000373-2023,REPORTS,2026-10-22,tentative,3.2,14.8,+6 age 3-4y | +4.8 waiting 24d | +4 Reports,ADV-389,3.6
ST/2333/2021,KL-002333-2021,EVIDENCE_ACCUSED,2026-10-23,tentative,18.3,28.0,+15 age 5y+ | +8 Evidence Accused | +5 waiting 25d,ADV-493,5.7
ST/2355/2017,KL-002355-2017,EVIDENCE_ACCUSED,2026-10-23,tentative,18.3,28.0,+15 age 5y+ | +8 Evidence Accused | +5 waiting 25d,ADV-988,9.1
ST/2383/2017,KL-002383-2017,EVIDENCE_ACCUSED,2026-10-23,tentative,18.3,28.0,+15 age 5y+ | +8 Evidence Accused | +5 waiting 25d,ADV-490,9.4
ST/239/2017,KL-000239-2017,EVIDENCE_ACCUSED,2026-10-23,tentative,18.3,28.0,+15 age 5y+ | +8 Evidence Accused | +5 waiting 25d,ADV-1113,9.1
ST/2418/2021,KL-002418-2021,EVIDENCE_ACCUSED,2026-10-23,tentative,18.3,28.0,+15 age 5y+ | +8 Evidence Accused | +5 waiting 25d,ADV-215,5.7
ST/2467/2017,KL-002467-2017,EVIDENCE_ACCUSED,2026-10-23,tentative,18.3,28.0,+15 age 5y+ | +8 Evidence Accused | +5 waiting 25d,ADV-043,9.1
ST/2492/2021,KL-002492-2021,EVIDENCE_ACCUSED,2026-10-23,tentative,18.3,28.0,+15 age 5y+ | +8 Evidence Accused | +5 waiting 25d,ADV-987,5.7
ST/2531/2017,KL-002531-2017,EVIDENCE_ACCUSED,2026-10-23,tentative,18.3,28.0,+15 age 5y+ | +8 Evidence Accused | +5 waiting 25d,ADV-746,9.4
ST/2595/2017,KL-002595-2017,EVIDENCE_ACCUSED,2026-10-23,tentative,18.3,28.0,+15 age 5y+ | +8 Evidence Accused | +5 waiting 25d,ADV-1072,9.1
ST/2633/2017,KL-002633-2017,EVIDENCE_ACCUSED,2026-10-23,tentative,18.3,28.0,+15 age 5y+ | +8 Evidence Accused | +5 waiting 25d,ADV-657,9.4
ST/2693/2017,KL-002693-2017,EVIDENCE_ACCUSED,2026-10-23,tentative,18.3,28.0,+15 age 5y+ | +8 Evidence Accused | +5 waiting 25d,ADV-1117,9.4
ST/2707/2020,KL-002707-2020,EVIDENCE_ACCUSED,2026-10-23,tentative,18.3,28.0,+15 age 5y+ | +8 Evidence Accused | +5 waiting 25d,ADV-519,6.2
ST/2708/2017,KL-002708-2017,EVIDENCE_ACCUSED,2026-10-23,tentative,18.3,28.0,+15 age 5y+ | +8 Evidence Accused | +5 waiting 25d,ADV-405,9.1
ST/2774/2020,KL-002774-2020,EVIDENCE_ACCUSED,2026-10-23,tentative,18.3,28.0,+15 age 5y+ | +8 Evidence Accused | +5 waiting 25d,ADV-031,6.2
ST/85/2022,KL-000085-2022,APPLICATION_REVIEW,2026-10-23,tentative,9.5,19.0,+9 age 4-5y | +5 waiting 25d | +5 Application Review | procedural share of the day,ADV-428,4.0
ST/871/2021,KL-000871-2021,APPLICATION_REVIEW,2026-10-23,tentative,9.5,19.0,+9 age 4-5y | +5 waiting 25d | +5 Application Review | procedural share of the day,ADV-058,4.8
ST/905/2021,KL-000905-2021,APPLICATION_REVIEW,2026-10-23,tentative,9.5,19.0,+9 age 4-5y | +5 waiting 25d | +5 Application Review | procedural share of the day,ADV-1101,4.8
ST/916/2021,KL-000916-2021,APPLICATION_REVIEW,2026-10-23,tentative,9.5,19.0,+9 age 4-5y | +5 waiting 25d | +5 Application Review | procedural share of the day,ADV-099,4.8
ST/996/2022,KL-000996-2022,APPLICATION_REVIEW,2026-10-23,tentative,9.5,19.0,+9 age 4-5y | +5 waiting 25d | +5 Application Review | procedural share of the day,ADV-423,4.0
ST/1021/2025,KL-001021-2025,BAIL,2026-10-23,tentative,6.5,17.0,+9 Bail | +5 waiting 25d | +3 age 1-3y | procedural share of the day,ADV-168,1.2
ST/1026/2025,KL-001026-2025,BAIL,2026-10-23,tentative,6.5,17.0,+9 Bail | +5 waiting 25d | +3 age 1-3y | procedural share of the day,ADV-177,1.2
ST/1095/2023,KL-001095-2023,APPLICATION_REVIEW,2026-10-23,tentative,9.5,17.0,+6 age 3-4y | +5 waiting 25d | +5 Application Review | +1 3 hearings at stage (median 2) | procedural share of the day,ADV-1210,3.4
ST/1136/2025,KL-001136-2025,BAIL,2026-10-23,tentative,6.5,17.0,+9 Bail | +5 waiting 25d | +3 age 1-3y | procedural share of the day,ADV-1224,1.2
ST/1249/2023,KL-001249-2023,APPLICATION_REVIEW,2026-10-23,tentative,9.5,17.0,+6 age 3-4y | +5 waiting 25d | +5 Application Review | +1 3 hearings at stage (median 2) | procedural share of the day,ADV-1150,3.4
ST/1267/2025,KL-001267-2025,BAIL,2026-10-23,tentative,6.5,17.0,+9 Bail | +5 waiting 25d | +3 age 1-3y | procedural share of the day,ADV-443,1.2
ST/1388/2023,KL-001388-2023,APPLICATION_REVIEW,2026-10-23,tentative,9.5,17.0,+6 age 3-4y | +5 waiting 25d | +5 Application Review | +1 3 hearings at stage (median 2) | procedural share of the day,ADV-075,3.4
ST/1404/2023,KL-001404-2023,APPLICATION_REVIEW,2026-10-23,tentative,9.5,17.0,+6 age 3-4y | +5 waiting 25d | +5 Application Review | +1 3 hearings at stage (median 2) | procedural share of the day,ADV-1181,3.4
ST/1453/2025,KL-001453-2025,BAIL,2026-10-23,tentative,6.5,17.0,+9 Bail | +5 waiting 25d | +3 age 1-3y | procedural share of the day,ADV-602,1.2
ST/1464/2025,KL-001464-2025,BAIL,2026-10-23,tentative,6.5,17.0,+9 Bail | +5 waiting 25d | +3 age 1-3y | procedural share of the day,ADV-826,1.2
ST/425/2023,KL-000425-2023,REPORTS,2026-10-23,tentative,3.2,15.0,+6 age 3-4y | +5 waiting 25d | +4 Reports | procedural share of the day,ADV-769,3.6
ST/464/2023,KL-000464-2023,REPORTS,2026-10-23,tentative,3.2,15.0,+6 age 3-4y | +5 waiting 25d | +4 Reports,ADV-065,3.6
ST/2776/2017,KL-002776-2017,EVIDENCE_ACCUSED,2026-10-26,tentative,18.3,28.6,+15 age 5y+ | +8 Evidence Accused | +5.6 waiting 28d,ADV-1187,9.1
ST/2785/2017,KL-002785-2017,EVIDENCE_ACCUSED,2026-10-26,tentative,18.3,28.6,+15 age 5y+ | +8 Evidence Accused | +5.6 waiting 28d,ADV-718,9.4
ST/2796/2017,KL-002796-2017,EVIDENCE_ACCUSED,2026-10-26,tentative,18.3,28.6,+15 age 5y+ | +8 Evidence Accused | +5.6 waiting 28d,ADV-258,9.4
ST/2799/2020,KL-002799-2020,EVIDENCE_ACCUSED,2026-10-26,tentative,18.3,28.6,+15 age 5y+ | +8 Evidence Accused | +5.6 waiting 28d,ADV-709,6.2
ST/2820/2020,KL-002820-2020,EVIDENCE_ACCUSED,2026-10-26,tentative,18.3,28.6,+15 age 5y+ | +8 Evidence Accused | +5.6 waiting 28d,ADV-716,6.2
ST/2833/2017,KL-002833-2017,EVIDENCE_ACCUSED,2026-10-26,tentative,18.3,28.6,+15 age 5y+ | +8 Evidence Accused | +5.6 waiting 28d,ADV-1037,9.1
ST/2842/2020,KL-002842-2020,EVIDENCE_ACCUSED,2026-10-26,tentative,18.3,28.6,+15 age 5y+ | +8 Evidence Accused | +5.6 waiting 28d,ADV-1260,6.2
ST/2894/2017,KL-002894-2017,EVIDENCE_ACCUSED,2026-10-26,tentative,18.3,28.6,+15 age 5y+ | +8 Evidence Accused | +5.6 waiting 28d,ADV-409,9.4
ST/2895/2021,KL-002895-2021,EVIDENCE_ACCUSED,2026-10-26,tentative,18.3,28.6,+15 age 5y+ | +8 Evidence Accused | +5.6 waiting 28d,ADV-679,5.7
ST/292/2021,KL-000292-2021,EVIDENCE_ACCUSED,2026-10-26,tentative,18.3,28.6,+15 age 5y+ | +8 Evidence Accused | +5.6 waiting 28d,ADV-585,5.7
ST/2997/2017,KL-002997-2017,EVIDENCE_ACCUSED,2026-10-26,tentative,18.3,28.6,+15 age 5y+ | +8 Evidence Accused | +5.6 waiting 28d,ADV-1077,9.1
ST/307/2017,KL-000307-2017,EVIDENCE_ACCUSED,2026-10-26,tentative,18.3,28.6,+15 age 5y+ | +8 Evidence Accused | +5.6 waiting 28d,ADV-348,9.1
ST/324/2017,KL-000324-2017,EVIDENCE_ACCUSED,2026-10-26,tentative,18.3,28.6,+15 age 5y+ | +8 Evidence Accused | +5.6 waiting 28d,ADV-806,9.4
ST/333/2017,KL-000333-2017,EVIDENCE_ACCUSED,2026-10-26,tentative,18.3,28.6,+15 age 5y+ | +8 Evidence Accused | +5.6 waiting 28d,ADV-313,9.1
ST/129/2021,KL-000129-2021,APPLICATION_REVIEW,2026-10-26,tentative,9.5,20.4,+15 age 5y+ | +5 Application Review | +0.4 waiting 2d | procedural share of the day,ADV-636,5.6
ST/1344/2021,KL-001344-2021,APPLICATION_REVIEW,2026-10-26,tentative,9.5,20.4,+15 age 5y+ | +5 Application Review | +0.4 waiting 2d | procedural share of the day,ADV-325,5.6
ST/1455/2021,KL-001455-2021,APPLICATION_REVIEW,2026-10-26,tentative,9.5,20.4,+15 age 5y+ | +5 Application Review | +0.4 waiting 2d | procedural share of the day,ADV-772,5.6
ST/1627/2021,KL-001627-2021,APPLICATION_REVIEW,2026-10-26,tentative,9.5,20.4,+15 age 5y+ | +5 Application Review | +0.4 waiting 2d | procedural share of the day,ADV-004,5.6
ST/1631/2021,KL-001631-2021,APPLICATION_REVIEW,2026-10-26,tentative,9.5,20.4,+15 age 5y+ | +5 Application Review | +0.4 waiting 2d | procedural share of the day,ADV-187,5.6
ST/1759/2021,KL-001759-2021,APPLICATION_REVIEW,2026-10-26,tentative,9.5,20.4,+15 age 5y+ | +5 Application Review | +0.4 waiting 2d | procedural share of the day,ADV-570,5.6
ST/1765/2021,KL-001765-2021,APPLICATION_REVIEW,2026-10-26,tentative,9.5,20.4,+15 age 5y+ | +5 Application Review | +0.4 waiting 2d | procedural share of the day,ADV-551,5.6
ST/1897/2021,KL-001897-2021,APPLICATION_REVIEW,2026-10-26,tentative,9.5,20.4,+15 age 5y+ | +5 Application Review | +0.4 waiting 2d | procedural share of the day,ADV-1072,5.6
ST/2199/2021,KL-002199-2021,APPLICATION_REVIEW,2026-10-26,tentative,9.5,20.4,+15 age 5y+ | +5 Application Review | +0.4 waiting 2d | procedural share of the day,ADV-717,5.6
ST/2247/2021,KL-002247-2021,APPLICATION_REVIEW,2026-10-26,tentative,9.5,20.4,+15 age 5y+ | +5 Application Review | +0.4 waiting 2d | procedural share of the day,ADV-737,5.6
ST/228/2021,KL-000228-2021,APPLICATION_REVIEW,2026-10-26,tentative,9.5,20.4,+15 age 5y+ | +5 Application Review | +0.4 waiting 2d | procedural share of the day,ADV-477,5.6
ST/2530/2021,KL-002530-2021,APPLICATION_REVIEW,2026-10-26,tentative,9.5,20.4,+15 age 5y+ | +5 Application Review | +0.4 waiting 2d | procedural share of the day,ADV-092,5.6
ST/2561/2021,KL-002561-2021,APPLICATION_REVIEW,2026-10-26,tentative,9.5,20.4,+15 age 5y+ | +5 Application Review | +0.4 waiting 2d | procedural share of the day,ADV-600,5.6
ST/496/2023,KL-000496-2023,REPORTS,2026-10-26,tentative,3.2,15.600000000000001,+6 age 3-4y | +5.6 waiting 28d | +4 Reports | procedural share of the day,ADV-670,3.6
ST/572/2023,KL-000572-2023,REPORTS,2026-10-26,tentative,3.2,15.600000000000001,+6 age 3-4y | +5.6 waiting 28d | +4 Reports | procedural share of the day,ADV-1062,3.6
ST/624/2023,KL-000624-2023,REPORTS,2026-10-26,tentative,3.2,15.600000000000001,+6 age 3-4y | +5.6 waiting 28d | +4 Reports,ADV-556,3.6
ST/380/2021,KL-000380-2021,EVIDENCE_ACCUSED,2026-10-27,tentative,18.3,28.8,+15 age 5y+ | +8 Evidence Accused | +5.8 waiting 29d,ADV-498,5.7
ST/43/2020,KL-000043-2020,EVIDENCE_ACCUSED,2026-10-27,tentative,18.3,28.8,+15 age 5y+ | +8 Evidence Accused | +5.8 waiting 29d,ADV-414,6.2
ST/442/2017,KL-000442-2017,EVIDENCE_ACCUSED,2026-10-27,tentative,18.3,28.8,+15 age 5y+ | +8 Evidence Accused | +5.8 waiting 29d,ADV-031,9.1
ST/509/2021,KL-000509-2021,EVIDENCE_ACCUSED,2026-10-27,tentative,18.3,28.8,+15 age 5y+ | +8 Evidence Accused | +5.8 waiting 29d,ADV-074,5.7
ST/529/2017,KL-000529-2017,EVIDENCE_ACCUSED,2026-10-27,tentative,18.3,28.8,+15 age 5y+ | +8 Evidence Accused | +5.8 waiting 29d,ADV-237,9.4
ST/541/2020,KL-000541-2020,EVIDENCE_ACCUSED,2026-10-27,tentative,18.3,28.8,+15 age 5y+ | +8 Evidence Accused | +5.8 waiting 29d,ADV-926,6.2
ST/618/2021,KL-000618-2021,EVIDENCE_ACCUSED,2026-10-27,tentative,18.3,28.8,+15 age 5y+ | +8 Evidence Accused | +5.8 waiting 29d,ADV-516,5.7
ST/642/2017,KL-000642-2017,EVIDENCE_ACCUSED,2026-10-27,tentative,18.3,28.8,+15 age 5y+ | +8 Evidence Accused | +5.8 waiting 29d,ADV-1170,9.4
ST/669/2017,KL-000669-2017,EVIDENCE_ACCUSED,2026-10-27,tentative,18.3,28.8,+15 age 5y+ | +8 Evidence Accused | +5.8 waiting 29d,ADV-537,9.4
ST/802/2017,KL-000802-2017,EVIDENCE_ACCUSED,2026-10-27,tentative,18.3,28.8,+15 age 5y+ | +8 Evidence Accused | +5.8 waiting 29d,ADV-733,9.1
ST/804/2017,KL-000804-2017,EVIDENCE_ACCUSED,2026-10-27,tentative,18.3,28.8,+15 age 5y+ | +8 Evidence Accused | +5.8 waiting 29d,ADV-028,9.4
ST/840/2017,KL-000840-2017,EVIDENCE_ACCUSED,2026-10-27,tentative,18.3,28.8,+15 age 5y+ | +8 Evidence Accused | +5.8 waiting 29d,ADV-1201,9.4
ST/86/2020,KL-000086-2020,EVIDENCE_ACCUSED,2026-10-27,tentative,18.3,28.8,+15 age 5y+ | +8 Evidence Accused | +5.8 waiting 29d,ADV-455,6.2
ST/892/2020,KL-000892-2020,EVIDENCE_ACCUSED,2026-10-27,tentative,18.3,28.8,+15 age 5y+ | +8 Evidence Accused | +5.8 waiting 29d,ADV-1167,6.2
ST/2626/2021,KL-002626-2021,APPLICATION_REVIEW,2026-10-27,tentative,9.5,20.2,+15 age 5y+ | +5 Application Review | +0.2 waiting 1d | procedural share of the day,ADV-874,5.6
ST/2679/2021,KL-002679-2021,APPLICATION_REVIEW,2026-10-27,tentative,9.5,20.2,+15 age 5y+ | +5 Application Review | +0.2 waiting 1d | procedural share of the day,ADV-771,5.6
ST/2719/2021,KL-002719-2021,APPLICATION_REVIEW,2026-10-27,tentative,9.5,20.2,+15 age 5y+ | +5 Application Review | +0.2 waiting 1d | procedural share of the day,ADV-009,5.6
ST/2737/2021,KL-002737-2021,APPLICATION_REVIEW,2026-10-27,tentative,9.5,20.2,+15 age 5y+ | +5 Application Review | +0.2 waiting 1d | procedural share of the day,ADV-378,5.6
ST/288/2021,KL-000288-2021,APPLICATION_REVIEW,2026-10-27,tentative,9.5,20.2,+15 age 5y+ | +5 Application Review | +0.2 waiting 1d | procedural share of the day,ADV-253,5.6
ST/535/2021,KL-000535-2021,APPLICATION_REVIEW,2026-10-27,tentative,9.5,20.2,+15 age 5y+ | +5 Application Review | +0.2 waiting 1d | procedural share of the day,ADV-111,5.6
ST/570/2021,KL-000570-2021,APPLICATION_REVIEW,2026-10-27,tentative,9.5,20.2,+15 age 5y+ | +5 Application Review | +0.2 waiting 1d | procedural share of the day,ADV-311,5.6
ST/597/2021,KL-000597-2021,APPLICATION_REVIEW,2026-10-27,tentative,9.5,20.2,+15 age 5y+ | +5 Application Review | +0.2 waiting 1d | procedural share of the day,ADV-428,5.6
ST/708/2021,KL-000708-2021,APPLICATION_REVIEW,2026-10-27,tentative,9.5,20.2,+15 age 5y+ | +5 Application Review | +0.2 waiting 1d | procedural share of the day,ADV-953,5.6
ST/922/2021,KL-000922-2021,APPLICATION_REVIEW,2026-10-27,tentative,9.5,20.2,+15 age 5y+ | +5 Application Review | +0.2 waiting 1d | procedural share of the day,ADV-775,5.6
ST/930/2021,KL-000930-2021,APPLICATION_REVIEW,2026-10-27,tentative,9.5,20.2,+15 age 5y+ | +5 Application Review | +0.2 waiting 1d | procedural share of the day,ADV-933,5.6
ST/978/2021,KL-000978-2021,APPLICATION_REVIEW,2026-10-27,tentative,9.5,20.2,+15 age 5y+ | +5 Application Review | +0.2 waiting 1d | procedural share of the day,ADV-1245,5.6
ST/150/2025,KL-000150-2025,BAIL,2026-10-27,tentative,6.5,17.8,+9 Bail | +5.8 waiting 29d | +3 age 1-3y | procedural share of the day,ADV-137,1.2
ST/1642/2025,KL-001642-2025,BAIL,2026-10-27,tentative,6.5,17.8,+9 Bail | +5.8 waiting 29d | +3 age 1-3y | procedural share of the day,ADV-042,1.2
ST/65/2023,KL-000065-2023,REPORTS,2026-10-27,tentative,3.2,15.8,+6 age 3-4y | +5.8 waiting 29d | +4 Reports,ADV-891,3.6
ST/1058/2025,KL-001058-2025,DELAY_CONDONATION_HEARING,2026-10-27,tentative,3.1,11.8,+5.8 waiting 29d | +3 age 1-3y | +3 Delay Condonation Hearing,ADV-669,1.0
ST/906/2020,KL-000906-2020,EVIDENCE_ACCUSED,2026-10-28,tentative,18.3,29.0,+15 age 5y+ | +8 Evidence Accused | +6 waiting 30d,ADV-962,6.2
ST/928/2017,KL-000928-2017,EVIDENCE_ACCUSED,2026-10-28,tentative,18.3,29.0,+15 age 5y+ | +8 Evidence Accused | +6 waiting 30d,ADV-194,9.1
ST/943/2017,KL-000943-2017,EVIDENCE_ACCUSED,2026-10-28,tentative,18.3,29.0,+15 age 5y+ | +8 Evidence Accused | +6 waiting 30d,ADV-1170,9.4
ST/952/2017,KL-000952-2017,EVIDENCE_ACCUSED,2026-10-28,tentative,18.3,29.0,+15 age 5y+ | +8 Evidence Accused | +6 waiting 30d,ADV-277,9.1
ST/982/2020,KL-000982-2020,EVIDENCE_ACCUSED,2026-10-28,tentative,18.3,29.0,+15 age 5y+ | +8 Evidence Accused | +6 waiting 30d,ADV-112,6.2
ST/10/2020,KL-000010-2020,EVIDENCE_COMPLAINANT,2026-10-28,tentative,16.2,28.0,+15 age 5y+ | +7 Evidence Complainant | +6 waiting 30d,ADV-1024,6.6
ST/133/2020,KL-000133-2020,EVIDENCE_COMPLAINANT,2026-10-28,tentative,16.2,28.0,+15 age 5y+ | +7 Evidence Complainant | +6 waiting 30d,ADV-958,6.6
ST/1633/2020,KL-001633-2020,EVIDENCE_COMPLAINANT,2026-10-28,tentative,16.2,28.0,+15 age 5y+ | +7 Evidence Complainant | +6 waiting 30d,ADV-347,6.6
ST/1690/2020,KL-001690-2020,EVIDENCE_COMPLAINANT,2026-10-28,tentative,16.2,28.0,+15 age 5y+ | +7 Evidence Complainant | +6 waiting 30d,ADV-912,6.6
ST/172/2020,KL-000172-2020,EVIDENCE_COMPLAINANT,2026-10-28,tentative,16.2,28.0,+15 age 5y+ | +7 Evidence Complainant | +6 waiting 30d,ADV-1183,6.6
ST/1738/2020,KL-001738-2020,EVIDENCE_COMPLAINANT,2026-10-28,tentative,16.2,28.0,+15 age 5y+ | +7 Evidence Complainant | +6 waiting 30d,ADV-462,6.6
ST/1788/2020,KL-001788-2020,EVIDENCE_COMPLAINANT,2026-10-28,tentative,16.2,28.0,+15 age 5y+ | +7 Evidence Complainant | +6 waiting 30d,ADV-014,6.6
ST/1842/2020,KL-001842-2020,EVIDENCE_COMPLAINANT,2026-10-28,tentative,16.2,28.0,+15 age 5y+ | +7 Evidence Complainant | +6 waiting 30d,ADV-157,6.6
ST/2033/2020,KL-002033-2020,EVIDENCE_COMPLAINANT,2026-10-28,tentative,16.2,28.0,+15 age 5y+ | +7 Evidence Complainant | +6 waiting 30d,ADV-454,6.6
ST/2082/2020,KL-002082-2020,EVIDENCE_COMPLAINANT,2026-10-28,tentative,16.2,28.0,+15 age 5y+ | +7 Evidence Complainant | +6 waiting 30d,ADV-640,6.6
ST/1504/2023,KL-001504-2023,APPLICATION_REVIEW,2026-10-28,tentative,9.5,18.0,+6 waiting 30d | +6 age 3-4y | +5 Application Review | +1 3 hearings at stage (median 2) | procedural share of the day,ADV-973,3.4
ST/1653/2025,KL-001653-2025,BAIL,2026-10-28,tentative,6.5,18.0,+9 Bail | +6 waiting 30d | +3 age 1-3y | procedural share of the day,ADV-418,1.2
ST/167/2023,KL-000167-2023,APPLICATION_REVIEW,2026-10-28,tentative,9.5,18.0,+6 waiting 30d | +6 age 3-4y | +5 Application Review | +1 3 hearings at stage (median 2) | procedural share of the day,ADV-944,3.4
ST/1801/2025,KL-001801-2025,BAIL,2026-10-28,tentative,6.5,18.0,+9 Bail | +6 waiting 30d | +3 age 1-3y | procedural share of the day,ADV-771,1.2
ST/1915/2023,KL-001915-2023,APPLICATION_REVIEW,2026-10-28,tentative,9.5,18.0,+6 waiting 30d | +6 age 3-4y | +5 Application Review | +1 3 hearings at stage (median 2) | procedural share of the day,ADV-980,3.4
ST/1950/2023,KL-001950-2023,APPLICATION_REVIEW,2026-10-28,tentative,9.5,18.0,+6 waiting 30d | +6 age 3-4y | +5 Application Review | +1 3 hearings at stage (median 2) | procedural share of the day,ADV-464,3.4
ST/1976/2025,KL-001976-2025,BAIL,2026-10-28,tentative,6.5,18.0,+9 Bail | +6 waiting 30d | +3 age 1-3y | procedural share of the day,ADV-1012,1.2
ST/1979/2025,KL-001979-2025,BAIL,2026-10-28,tentative,6.5,18.0,+9 Bail | +6 waiting 30d | +3 age 1-3y | procedural share of the day,ADV-1164,1.2
ST/1983/2025,KL-001983-2025,BAIL,2026-10-28,tentative,6.5,18.0,+9 Bail | +6 waiting 30d | +3 age 1-3y | procedural share of the day,ADV-236,1.2
ST/2083/2023,KL-002083-2023,APPLICATION_REVIEW,2026-10-28,tentative,9.5,18.0,+6 waiting 30d | +6 age 3-4y | +5 Application Review | +1 3 hearings at stage (median 2) | procedural share of the day,ADV-001,3.4
ST/2092/2023,KL-002092-2023,APPLICATION_REVIEW,2026-10-28,tentative,9.5,18.0,+6 waiting 30d | +6 age 3-4y | +5 Application Review | +1 3 hearings at stage (median 2) | procedural share of the day,ADV-473,3.4
ST/2130/2023,KL-002130-2023,APPLICATION_REVIEW,2026-10-28,tentative,9.5,18.0,+6 waiting 30d | +6 age 3-4y | +5 Application Review | +1 3 hearings at stage (median 2) | procedural share of the day,ADV-761,3.4
ST/2151/2023,KL-002151-2023,APPLICATION_REVIEW,2026-10-28,tentative,9.5,18.0,+6 waiting 30d | +6 age 3-4y | +5 Application Review | +1 3 hearings at stage (median 2) | procedural share of the day,ADV-200,3.4
ST/2152/2023,KL-002152-2023,APPLICATION_REVIEW,2026-10-28,tentative,9.5,18.0,+6 waiting 30d | +6 age 3-4y | +5 Application Review | +1 3 hearings at stage (median 2) | procedural share of the day,ADV-782,3.4
ST/2271/2023,KL-002271-2023,APPLICATION_REVIEW,2026-10-28,tentative,9.5,18.0,+6 waiting 30d | +6 age 3-4y | +5 Application Review | +1 3 hearings at stage (median 2) | procedural share of the day,ADV-233,3.4
ST/2278/2025,KL-002278-2025,BAIL,2026-10-28,tentative,6.5,18.0,+9 Bail | +6 waiting 30d | +3 age 1-3y,ADV-1037,1.2
ST/218/2020,KL-000218-2020,EVIDENCE_COMPLAINANT,2026-10-29,tentative,16.2,28.2,+15 age 5y+ | +7 Evidence Complainant | +6.2 waiting 31d,ADV-542,6.6
ST/2266/2020,KL-002266-2020,EVIDENCE_COMPLAINANT,2026-10-29,tentative,16.2,28.2,+15 age 5y+ | +7 Evidence Complainant | +6.2 waiting 31d,ADV-1119,6.6
ST/2306/2020,KL-002306-2020,EVIDENCE_COMPLAINANT,2026-10-29,tentative,16.2,28.2,+15 age 5y+ | +7 Evidence Complainant | +6.2 waiting 31d,ADV-1026,6.6
ST/2321/2020,KL-002321-2020,EVIDENCE_COMPLAINANT,2026-10-29,tentative,16.2,28.2,+15 age 5y+ | +7 Evidence Complainant | +6.2 waiting 31d,ADV-397,6.6
ST/2340/2020,KL-002340-2020,EVIDENCE_COMPLAINANT,2026-10-29,tentative,16.2,28.2,+15 age 5y+ | +7 Evidence Complainant | +6.2 waiting 31d,ADV-589,6.6
ST/243/2020,KL-000243-2020,EVIDENCE_COMPLAINANT,2026-10-29,tentative,16.2,28.2,+15 age 5y+ | +7 Evidence Complainant | +6.2 waiting 31d,ADV-1131,6.6
ST/2453/2020,KL-002453-2020,EVIDENCE_COMPLAINANT,2026-10-29,tentative,16.2,28.2,+15 age 5y+ | +7 Evidence Complainant | +6.2 waiting 31d,ADV-1063,6.6
ST/2472/2020,KL-002472-2020,EVIDENCE_COMPLAINANT,2026-10-29,tentative,16.2,28.2,+15 age 5y+ | +7 Evidence Complainant | +6.2 waiting 31d,ADV-580,6.6
ST/2502/2020,KL-002502-2020,EVIDENCE_COMPLAINANT,2026-10-29,tentative,16.2,28.2,+15 age 5y+ | +7 Evidence Complainant | +6.2 waiting 31d,ADV-284,6.6
ST/2594/2020,KL-002594-2020,EVIDENCE_COMPLAINANT,2026-10-29,tentative,16.2,28.2,+15 age 5y+ | +7 Evidence Complainant | +6.2 waiting 31d,ADV-790,6.6
ST/2742/2020,KL-002742-2020,EVIDENCE_COMPLAINANT,2026-10-29,tentative,16.2,28.2,+15 age 5y+ | +7 Evidence Complainant | +6.2 waiting 31d,ADV-784,6.6
ST/2816/2020,KL-002816-2020,EVIDENCE_COMPLAINANT,2026-10-29,tentative,16.2,28.2,+15 age 5y+ | +7 Evidence Complainant | +6.2 waiting 31d,ADV-073,6.6
ST/2912/2020,KL-002912-2020,EVIDENCE_COMPLAINANT,2026-10-29,tentative,16.2,28.2,+15 age 5y+ | +7 Evidence Complainant | +6.2 waiting 31d,ADV-424,6.6
ST/2957/2020,KL-002957-2020,EVIDENCE_COMPLAINANT,2026-10-29,tentative,16.2,28.2,+15 age 5y+ | +7 Evidence Complainant | +6.2 waiting 31d,ADV-275,6.6
ST/33/2020,KL-000033-2020,EVIDENCE_COMPLAINANT,2026-10-29,tentative,16.2,28.2,+15 age 5y+ | +7 Evidence Complainant | +6.2 waiting 31d,ADV-710,6.6
ST/359/2020,KL-000359-2020,EVIDENCE_COMPLAINANT,2026-10-29,tentative,16.2,28.2,+15 age 5y+ | +7 Evidence Complainant | +6.2 waiting 31d,ADV-237,6.6
ST/2283/2023,KL-002283-2023,APPLICATION_REVIEW,2026-10-29,tentative,9.5,18.2,+6.2 waiting 31d | +6 age 3-4y | +5 Application Review | +1 3 hearings at stage (median 2) | procedural share of the day,ADV-1041,3.4
ST/2292/2023,KL-002292-2023,APPLICATION_REVIEW,2026-10-29,tentative,9.5,18.2,+6.2 waiting 31d | +6 age 3-4y | +5 Application Review | +1 3 hearings at stage (median 2) | procedural share of the day,ADV-1111,3.4
ST/2307/2023,KL-002307-2023,APPLICATION_REVIEW,2026-10-29,tentative,9.5,18.2,+6.2 waiting 31d | +6 age 3-4y | +5 Application Review | +1 3 hearings at stage (median 2) | procedural share of the day,ADV-496,3.4
ST/2314/2025,KL-002314-2025,BAIL,2026-10-29,tentative,6.5,18.2,+9 Bail | +6.2 waiting 31d | +3 age 1-3y | procedural share of the day,ADV-497,1.2
ST/2347/2023,KL-002347-2023,APPLICATION_REVIEW,2026-10-29,tentative,9.5,18.2,+6.2 waiting 31d | +6 age 3-4y | +5 Application Review | +1 3 hearings at stage (median 2) | procedural share of the day,ADV-628,3.4
ST/2460/2025,KL-002460-2025,BAIL,2026-10-29,tentative,6.5,18.2,+9 Bail | +6.2 waiting 31d | +3 age 1-3y | procedural share of the day,ADV-1126,1.2
ST/2484/2023,KL-002484-2023,APPLICATION_REVIEW,2026-10-29,tentative,9.5,18.2,+6.2 waiting 31d | +6 age 3-4y | +5 Application Review | +1 3 hearings at stage (median 2) | procedural share of the day,ADV-1064,3.4
ST/2488/2025,KL-002488-2025,BAIL,2026-10-29,tentative,6.5,18.2,+9 Bail | +6.2 waiting 31d | +3 age 1-3y | procedural share of the day,ADV-964,1.2
ST/2505/2025,KL-002505-2025,BAIL,2026-10-29,tentative,6.5,18.2,+9 Bail | +6.2 waiting 31d | +3 age 1-3y | procedural share of the day,ADV-671,1.2
ST/2526/2023,KL-002526-2023,APPLICATION_REVIEW,2026-10-29,tentative,9.5,18.2,+6.2 waiting 31d | +6 age 3-4y | +5 Application Review | +1 3 hearings at stage (median 2) | procedural share of the day,ADV-127,3.4
ST/2537/2023,KL-002537-2023,APPLICATION_REVIEW,2026-10-29,tentative,9.5,18.2,+6.2 waiting 31d | +6 age 3-4y | +5 Application Review | +1 3 hearings at stage (median 2) | procedural share of the day,ADV-070,3.4
ST/254/2023,KL-000254-2023,APPLICATION_REVIEW,2026-10-29,tentative,9.5,18.2,+6.2 waiting 31d | +6 age 3-4y | +5 Application Review | +1 3 hearings at stage (median 2) | procedural share of the day,ADV-469,3.4
ST/2552/2023,KL-002552-2023,APPLICATION_REVIEW,2026-10-29,tentative,9.5,18.2,+6.2 waiting 31d | +6 age 3-4y | +5 Application Review | +1 3 hearings at stage (median 2) | procedural share of the day,ADV-447,3.4
ST/2576/2023,KL-002576-2023,APPLICATION_REVIEW,2026-10-29,tentative,9.5,18.2,+6.2 waiting 31d | +6 age 3-4y | +5 Application Review | +1 3 hearings at stage (median 2) | procedural share of the day,ADV-680,3.4
ST/2618/2025,KL-002618-2025,BAIL,2026-10-29,tentative,6.5,18.2,+9 Bail | +6.2 waiting 31d | +3 age 1-3y | procedural share of the day,ADV-232,1.2
ST/732/2023,KL-000732-2023,REPORTS,2026-10-29,tentative,3.2,16.2,+6.2 waiting 31d | +6 age 3-4y | +4 Reports,ADV-1084,3.6
ST/376/2020,KL-000376-2020,EVIDENCE_COMPLAINANT,2026-10-30,tentative,16.2,28.4,+15 age 5y+ | +7 Evidence Complainant | +6.4 waiting 32d,ADV-637,6.6
ST/581/2020,KL-000581-2020,EVIDENCE_COMPLAINANT,2026-10-30,tentative,16.2,28.4,+15 age 5y+ | +7 Evidence Complainant | +6.4 waiting 32d,ADV-1111,6.6
ST/588/2020,KL-000588-2020,EVIDENCE_COMPLAINANT,2026-10-30,tentative,16.2,28.4,+15 age 5y+ | +7 Evidence Complainant | +6.4 waiting 32d,ADV-869,6.6
ST/674/2020,KL-000674-2020,EVIDENCE_COMPLAINANT,2026-10-30,tentative,16.2,28.4,+15 age 5y+ | +7 Evidence Complainant | +6.4 waiting 32d,ADV-001,6.6
ST/695/2020,KL-000695-2020,EVIDENCE_COMPLAINANT,2026-10-30,tentative,16.2,28.4,+15 age 5y+ | +7 Evidence Complainant | +6.4 waiting 32d,ADV-499,6.6
ST/700/2020,KL-000700-2020,EVIDENCE_COMPLAINANT,2026-10-30,tentative,16.2,28.4,+15 age 5y+ | +7 Evidence Complainant | +6.4 waiting 32d,ADV-958,6.6
ST/791/2020,KL-000791-2020,EVIDENCE_COMPLAINANT,2026-10-30,tentative,16.2,28.4,+15 age 5y+ | +7 Evidence Complainant | +6.4 waiting 32d,ADV-142,6.6
ST/826/2020,KL-000826-2020,EVIDENCE_COMPLAINANT,2026-10-30,tentative,16.2,28.4,+15 age 5y+ | +7 Evidence Complainant | +6.4 waiting 32d,ADV-1139,6.6
ST/87/2020,KL-000087-2020,EVIDENCE_COMPLAINANT,2026-10-30,tentative,16.2,28.4,+15 age 5y+ | +7 Evidence Complainant | +6.4 waiting 32d,ADV-229,6.6
ST/891/2020,KL-000891-2020,EVIDENCE_COMPLAINANT,2026-10-30,tentative,16.2,28.4,+15 age 5y+ | +7 Evidence Complainant | +6.4 waiting 32d,ADV-715,6.6
ST/910/2020,KL-000910-2020,EVIDENCE_COMPLAINANT,2026-10-30,tentative,16.2,28.4,+15 age 5y+ | +7 Evidence Complainant | +6.4 waiting 32d,ADV-1142,6.6
ST/951/2020,KL-000951-2020,EVIDENCE_COMPLAINANT,2026-10-30,tentative,16.2,28.4,+15 age 5y+ | +7 Evidence Complainant | +6.4 waiting 32d,ADV-476,6.6
ST/977/2020,KL-000977-2020,EVIDENCE_COMPLAINANT,2026-10-30,tentative,16.2,28.4,+15 age 5y+ | +7 Evidence Complainant | +6.4 waiting 32d,ADV-812,6.6
ST/1036/2018,KL-001036-2018,ARGUMENTS,2026-10-30,tentative,19.6,27.6,+15 age 5y+ | +9 Arguments | +3.6 waiting 18d,ADV-041,8.1
ST/1139/2018,KL-001139-2018,ARGUMENTS,2026-10-30,tentative,19.6,27.4,+15 age 5y+ | +9 Arguments | +3.4 waiting 17d,ADV-1110,8.1
ST/2588/2023,KL-002588-2023,APPLICATION_REVIEW,2026-10-30,tentative,9.5,18.4,+6.4 waiting 32d | +6 age 3-4y | +5 Application Review | +1 3 hearings at stage (median 2) | procedural share of the day,ADV-1246,3.4
ST/2657/2025,KL-002657-2025,BAIL,2026-10-30,tentative,6.5,18.4,+9 Bail | +6.4 waiting 32d | +3 age 1-3y | procedural share of the day,ADV-1047,1.2
ST/2788/2025,KL-002788-2025,BAIL,2026-10-30,tentative,6.5,18.4,+9 Bail | +6.4 waiting 32d | +3 age 1-3y | procedural share of the day,ADV-769,1.2
ST/2921/2023,KL-002921-2023,APPLICATION_REVIEW,2026-10-30,tentative,9.5,18.4,+6.4 waiting 32d | +6 age 3-4y | +5 Application Review | +1 3 hearings at stage (median 2) | procedural share of the day,ADV-185,3.4
ST/2928/2023,KL-002928-2023,APPLICATION_REVIEW,2026-10-30,tentative,9.5,18.4,+6.4 waiting 32d | +6 age 3-4y | +5 Application Review | +1 3 hearings at stage (median 2) | procedural share of the day,ADV-747,3.4
ST/2972/2025,KL-002972-2025,BAIL,2026-10-30,tentative,6.5,18.4,+9 Bail | +6.4 waiting 32d | +3 age 1-3y | procedural share of the day,ADV-305,1.2
ST/321/2023,KL-000321-2023,APPLICATION_REVIEW,2026-10-30,tentative,9.5,18.4,+6.4 waiting 32d | +6 age 3-4y | +5 Application Review | +1 3 hearings at stage (median 2) | procedural share of the day,ADV-108,3.4
ST/403/2023,KL-000403-2023,APPLICATION_REVIEW,2026-10-30,tentative,9.5,18.4,+6.4 waiting 32d | +6 age 3-4y | +5 Application Review | +1 3 hearings at stage (median 2) | procedural share of the day,ADV-198,3.4
ST/542/2025,KL-000542-2025,BAIL,2026-10-30,tentative,6.5,18.4,+9 Bail | +6.4 waiting 32d | +3 age 1-3y | procedural share of the day,ADV-732,1.2
ST/546/2025,KL-000546-2025,BAIL,2026-10-30,tentative,6.5,18.4,+9 Bail | +6.4 waiting 32d | +3 age 1-3y | procedural share of the day,ADV-795,1.2
ST/584/2025,KL-000584-2025,BAIL,2026-10-30,tentative,6.5,18.4,+9 Bail | +6.4 waiting 32d | +3 age 1-3y | procedural share of the day,ADV-388,1.2
ST/595/2023,KL-000595-2023,APPLICATION_REVIEW,2026-10-30,tentative,9.5,18.4,+6.4 waiting 32d | +6 age 3-4y | +5 Application Review | +1 3 hearings at stage (median 2) | procedural share of the day,ADV-314,3.4
ST/607/2023,KL-000607-2023,APPLICATION_REVIEW,2026-10-30,tentative,9.5,18.4,+6.4 waiting 32d | +6 age 3-4y | +5 Application Review | +1 3 hearings at stage (median 2) | procedural share of the day,ADV-413,3.4
ST/632/2023,KL-000632-2023,APPLICATION_REVIEW,2026-10-30,tentative,9.5,18.4,+6.4 waiting 32d | +6 age 3-4y | +5 Application Review | +1 3 hearings at stage (median 2) | procedural share of the day,ADV-688,3.4
ST/646/2023,KL-000646-2023,APPLICATION_REVIEW,2026-10-30,tentative,9.5,18.4,+6.4 waiting 32d | +6 age 3-4y | +5 Application Review | +1 3 hearings at stage (median 2) | procedural share of the day,ADV-667,3.4
ST/66/2023,KL-000066-2023,APPLICATION_REVIEW,2026-10-30,tentative,9.5,18.4,+6.4 waiting 32d | +6 age 3-4y | +5 Application Review | +1 3 hearings at stage (median 2),ADV-694,3.4
ST/907/2023,KL-000907-2023,REPORTS,2026-10-30,tentative,3.2,16.4,+6.4 waiting 32d | +6 age 3-4y | +4 Reports | procedural share of the day,ADV-902,3.6
ST/929/2023,KL-000929-2023,REPORTS,2026-10-30,tentative,3.2,16.4,+6.4 waiting 32d | +6 age 3-4y | +4 Reports,ADV-835,3.6
ST/1030/2017,KL-001030-2017,JUDGEMENT,2026-11-02,tentative,30.0,27.8,+15 age 5y+ | +10 Judgement | +2.8 waiting 14d,ADV-523,9.2
ST/1069/2017,KL-001069-2017,JUDGEMENT,2026-11-02,tentative,30.0,27.8,+15 age 5y+ | +10 Judgement | +2.8 waiting 14d,ADV-930,9.2
ST/1140/2016,KL-001140-2016,JUDGEMENT,2026-11-02,tentative,30.0,27.8,+15 age 5y+ | +10 Judgement | +2.8 waiting 14d,ADV-636,9.9
ST/1142/2017,KL-001142-2017,JUDGEMENT,2026-11-02,tentative,30.0,27.8,+15 age 5y+ | +10 Judgement | +2.8 waiting 14d,ADV-1084,9.2
ST/1145/2017,KL-001145-2017,JUDGEMENT,2026-11-02,tentative,30.0,27.8,+15 age 5y+ | +10 Judgement | +2.8 waiting 14d,ADV-163,9.2
ST/1147/2016,KL-001147-2016,JUDGEMENT,2026-11-02,tentative,30.0,27.8,+15 age 5y+ | +10 Judgement | +2.8 waiting 14d,ADV-522,9.9
ST/1164/2016,KL-001164-2016,JUDGEMENT,2026-11-02,tentative,30.0,27.8,+15 age 5y+ | +10 Judgement | +2.8 waiting 14d,ADV-253,9.9
ST/1176/2017,KL-001176-2017,JUDGEMENT,2026-11-02,tentative,30.0,27.8,+15 age 5y+ | +10 Judgement | +2.8 waiting 14d,ADV-440,9.2
ST/1234/2018,KL-001234-2018,ARGUMENTS,2026-11-02,tentative,19.6,27.8,+15 age 5y+ | +9 Arguments | +3.8 waiting 19d,ADV-334,8.1
ST/129/2021,KL-000129-2021,APPLICATION_REVIEW,2026-11-02,tentative,9.5,20.4,+15 age 5y+ | +5 Application Review | +0.4 waiting 2d | procedural share of the day,ADV-636,5.6
ST/1344/2021,KL-001344-2021,APPLICATION_REVIEW,2026-11-02,tentative,9.5,20.4,+15 age 5y+ | +5 Application Review | +0.4 waiting 2d | procedural share of the day,ADV-325,5.6
ST/1455/2021,KL-001455-2021,APPLICATION_REVIEW,2026-11-02,tentative,9.5,20.4,+15 age 5y+ | +5 Application Review | +0.4 waiting 2d | procedural share of the day,ADV-772,5.6
ST/1627/2021,KL-001627-2021,APPLICATION_REVIEW,2026-11-02,tentative,9.5,20.4,+15 age 5y+ | +5 Application Review | +0.4 waiting 2d | procedural share of the day,ADV-004,5.6
ST/1631/2021,KL-001631-2021,APPLICATION_REVIEW,2026-11-02,tentative,9.5,20.4,+15 age 5y+ | +5 Application Review | +0.4 waiting 2d | procedural share of the day,ADV-187,5.6
ST/1759/2021,KL-001759-2021,APPLICATION_REVIEW,2026-11-02,tentative,9.5,20.4,+15 age 5y+ | +5 Application Review | +0.4 waiting 2d | procedural share of the day,ADV-570,5.6
ST/1765/2021,KL-001765-2021,APPLICATION_REVIEW,2026-11-02,tentative,9.5,20.4,+15 age 5y+ | +5 Application Review | +0.4 waiting 2d | procedural share of the day,ADV-551,5.6
ST/1897/2021,KL-001897-2021,APPLICATION_REVIEW,2026-11-02,tentative,9.5,20.4,+15 age 5y+ | +5 Application Review | +0.4 waiting 2d | procedural share of the day,ADV-1072,5.6
ST/2199/2021,KL-002199-2021,APPLICATION_REVIEW,2026-11-02,tentative,9.5,20.4,+15 age 5y+ | +5 Application Review | +0.4 waiting 2d | procedural share of the day,ADV-717,5.6
ST/2247/2021,KL-002247-2021,APPLICATION_REVIEW,2026-11-02,tentative,9.5,20.4,+15 age 5y+ | +5 Application Review | +0.4 waiting 2d | procedural share of the day,ADV-737,5.6
ST/228/2021,KL-000228-2021,APPLICATION_REVIEW,2026-11-02,tentative,9.5,20.4,+15 age 5y+ | +5 Application Review | +0.4 waiting 2d | procedural share of the day,ADV-477,5.6
ST/2530/2021,KL-002530-2021,APPLICATION_REVIEW,2026-11-02,tentative,9.5,20.4,+15 age 5y+ | +5 Application Review | +0.4 waiting 2d | procedural share of the day,ADV-092,5.6
ST/2561/2021,KL-002561-2021,APPLICATION_REVIEW,2026-11-02,tentative,9.5,20.4,+15 age 5y+ | +5 Application Review | +0.4 waiting 2d | procedural share of the day,ADV-600,5.6
ST/960/2023,KL-000960-2023,REPORTS,2026-11-02,tentative,3.2,17.0,+7 waiting 35d | +6 age 3-4y | +4 Reports | procedural share of the day,ADV-272,3.6
ST/972/2023,KL-000972-2023,REPORTS,2026-11-02,tentative,3.2,17.0,+7 waiting 35d | +6 age 3-4y | +4 Reports | procedural share of the day,ADV-1168,3.6
ST/1299/2016,KL-001299-2016,JUDGEMENT,2026-11-03,tentative,30.0,27.8,+15 age 5y+ | +10 Judgement | +2.8 waiting 14d,ADV-046,9.9
ST/1335/2016,KL-001335-2016,JUDGEMENT,2026-11-03,tentative,30.0,27.8,+15 age 5y+ | +10 Judgement | +2.8 waiting 14d,ADV-1156,9.9
ST/1341/2016,KL-001341-2016,JUDGEMENT,2026-11-03,tentative,30.0,27.8,+15 age 5y+ | +10 Judgement | +2.8 waiting 14d,ADV-066,9.9
ST/1355/2017,KL-001355-2017,JUDGEMENT,2026-11-03,tentative,30.0,27.8,+15 age 5y+ | +10 Judgement | +2.8 waiting 14d,ADV-609,9.3
ST/1394/2018,KL-001394-2018,ARGUMENTS,2026-11-03,tentative,19.6,27.8,+15 age 5y+ | +9 Arguments | +3.8 waiting 19d,ADV-086,8.1
ST/1395/2017,KL-001395-2017,JUDGEMENT,2026-11-03,tentative,30.0,27.8,+15 age 5y+ | +10 Judgement | +2.8 waiting 14d,ADV-642,9.3
ST/142/2017,KL-000142-2017,JUDGEMENT,2026-11-03,tentative,30.0,27.8,+15 age 5y+ | +10 Judgement | +2.8 waiting 14d,ADV-514,9.3
ST/1494/2017,KL-001494-2017,JUDGEMENT,2026-11-03,tentative,30.0,27.8,+15 age 5y+ | +10 Judgement | +2.8 waiting 14d,ADV-330,9.2
ST/1511/2017,KL-001511-2017,JUDGEMENT,2026-11-03,tentative,30.0,27.8,+15 age 5y+ | +10 Judgement | +2.8 waiting 14d,ADV-378,9.2
ST/2626/2021,KL-002626-2021,APPLICATION_REVIEW,2026-11-03,tentative,9.5,20.4,+15 age 5y+ | +5 Application Review | +0.4 waiting 2d | procedural share of the day,ADV-874,5.6
ST/2679/2021,KL-002679-2021,APPLICATION_REVIEW,2026-11-03,tentative,9.5,20.4,+15 age 5y+ | +5 Application Review | +0.4 waiting 2d | procedural share of the day,ADV-771,5.6
ST/2719/2021,KL-002719-2021,APPLICATION_REVIEW,2026-11-03,tentative,9.5,20.4,+15 age 5y+ | +5 Application Review | +0.4 waiting 2d | procedural share of the day,ADV-009,5.6
ST/2737/2021,KL-002737-2021,APPLICATION_REVIEW,2026-11-03,tentative,9.5,20.4,+15 age 5y+ | +5 Application Review | +0.4 waiting 2d | procedural share of the day,ADV-378,5.6
ST/288/2021,KL-000288-2021,APPLICATION_REVIEW,2026-11-03,tentative,9.5,20.4,+15 age 5y+ | +5 Application Review | +0.4 waiting 2d | procedural share of the day,ADV-253,5.6
ST/535/2021,KL-000535-2021,APPLICATION_REVIEW,2026-11-03,tentative,9.5,20.4,+15 age 5y+ | +5 Application Review | +0.4 waiting 2d | procedural share of the day,ADV-111,5.6
ST/570/2021,KL-000570-2021,APPLICATION_REVIEW,2026-11-03,tentative,9.5,20.4,+15 age 5y+ | +5 Application Review | +0.4 waiting 2d | procedural share of the day,ADV-311,5.6
ST/597/2021,KL-000597-2021,APPLICATION_REVIEW,2026-11-03,tentative,9.5,20.4,+15 age 5y+ | +5 Application Review | +0.4 waiting 2d | procedural share of the day,ADV-428,5.6
ST/708/2021,KL-000708-2021,APPLICATION_REVIEW,2026-11-03,tentative,9.5,20.4,+15 age 5y+ | +5 Application Review | +0.4 waiting 2d | procedural share of the day,ADV-953,5.6
ST/922/2021,KL-000922-2021,APPLICATION_REVIEW,2026-11-03,tentative,9.5,20.4,+15 age 5y+ | +5 Application Review | +0.4 waiting 2d | procedural share of the day,ADV-775,5.6
ST/930/2021,KL-000930-2021,APPLICATION_REVIEW,2026-11-03,tentative,9.5,20.4,+15 age 5y+ | +5 Application Review | +0.4 waiting 2d | procedural share of the day,ADV-933,5.6
ST/978/2021,KL-000978-2021,APPLICATION_REVIEW,2026-11-03,tentative,9.5,20.4,+15 age 5y+ | +5 Application Review | +0.4 waiting 2d | procedural share of the day,ADV-1245,5.6
ST/699/2025,KL-000699-2025,BAIL,2026-11-03,tentative,6.5,19.2,+9 Bail | +7.2 waiting 36d | +3 age 1-3y | procedural share of the day,ADV-365,1.2
ST/848/2025,KL-000848-2025,BAIL,2026-11-03,tentative,6.5,19.2,+9 Bail | +7.2 waiting 36d | +3 age 1-3y | procedural share of the day,ADV-454,1.2
ST/106/2023,KL-000106-2023,REPORTS,2026-11-03,tentative,3.2,14.2,+7.2 waiting 36d | +4 Reports | +3 age 1-3y,ADV-382,2.8
ST/1514/2017,KL-001514-2017,JUDGEMENT,2026-11-04,tentative,30.0,27.8,+15 age 5y+ | +10 Judgement | +2.8 waiting 14d,ADV-1147,9.2
ST/1553/2016,KL-001553-2016,JUDGEMENT,2026-11-04,tentative,30.0,27.8,+15 age 5y+ | +10 Judgement | +2.8 waiting 14d,ADV-125,9.9
ST/1582/2017,KL-001582-2017,JUDGEMENT,2026-11-04,tentative,30.0,27.8,+15 age 5y+ | +10 Judgement | +2.8 waiting 14d,ADV-1225,9.3
ST/1636/2016,KL-001636-2016,JUDGEMENT,2026-11-04,tentative,30.0,27.8,+15 age 5y+ | +10 Judgement | +2.8 waiting 14d,ADV-963,9.9
ST/1669/2016,KL-001669-2016,JUDGEMENT,2026-11-04,tentative,30.0,27.8,+15 age 5y+ | +10 Judgement | +2.8 waiting 14d,ADV-928,9.9
ST/169/2017,KL-000169-2017,JUDGEMENT,2026-11-04,tentative,30.0,27.8,+15 age 5y+ | +10 Judgement | +2.8 waiting 14d,ADV-1036,9.2
ST/1710/2017,KL-001710-2017,JUDGEMENT,2026-11-04,tentative,30.0,27.8,+15 age 5y+ | +10 Judgement | +2.8 waiting 14d,ADV-538,9.3
ST/1725/2016,KL-001725-2016,JUDGEMENT,2026-11-04,tentative,30.0,27.8,+15 age 5y+ | +10 Judgement | +2.8 waiting 14d,ADV-367,9.9
ST/1513/2018,KL-001513-2018,ARGUMENTS,2026-11-04,tentative,19.6,27.2,+15 age 5y+ | +9 Arguments | +3.2 waiting 16d,ADV-155,8.1
ST/858/2025,KL-000858-2025,BAIL,2026-11-04,tentative,6.5,19.4,+9 Bail | +7.4 waiting 37d | +3 age 1-3y | procedural share of the day,ADV-024,1.2
ST/887/2025,KL-000887-2025,BAIL,2026-11-04,tentative,6.5,19.4,+9 Bail | +7.4 waiting 37d | +3 age 1-3y | procedural share of the day,ADV-105,1.2
ST/898/2025,KL-000898-2025,BAIL,2026-11-04,tentative,6.5,19.4,+9 Bail | +7.4 waiting 37d | +3 age 1-3y | procedural share of the day,ADV-023,1.2
ST/1012/2022,KL-001012-2022,APPLICATION_REVIEW,2026-11-04,tentative,9.5,18.6,+9 age 4-5y | +5 Application Review | +4.6 waiting 23d | procedural share of the day,ADV-1116,4.3
ST/105/2022,KL-000105-2022,APPLICATION_REVIEW,2026-11-04,tentative,9.5,18.6,+9 age 4-5y | +5 Application Review | +4.6 waiting 23d | procedural share of the day,ADV-884,4.3
ST/1133/2022,KL-001133-2022,APPLICATION_REVIEW,2026-11-04,tentative,9.5,18.6,+9 age 4-5y | +5 Application Review | +4.6 waiting 23d | procedural share of the day,ADV-921,4.3
ST/114/2021,KL-000114-2021,APPLICATION_REVIEW,2026-11-04,tentative,9.5,18.6,+9 age 4-5y | +5 Application Review | +4.6 waiting 23d | procedural share of the day,ADV-1172,4.8
ST/1171/2022,KL-001171-2022,APPLICATION_REVIEW,2026-11-04,tentative,9.5,18.6,+9 age 4-5y | +5 Application Review | +4.6 waiting 23d | procedural share of the day,ADV-470,4.0
ST/1200/2022,KL-001200-2022,APPLICATION_REVIEW,2026-11-04,tentative,9.5,18.6,+9 age 4-5y | +5 Application Review | +4.6 waiting 23d | procedural share of the day,ADV-301,4.0
ST/1211/2022,KL-001211-2022,APPLICATION_REVIEW,2026-11-04,tentative,9.5,18.6,+9 age 4-5y | +5 Application Review | +4.6 waiting 23d | procedural share of the day,ADV-191,4.0
ST/1254/2022,KL-001254-2022,APPLICATION_REVIEW,2026-11-04,tentative,9.5,18.6,+9 age 4-5y | +5 Application Review | +4.6 waiting 23d | procedural share of the day,ADV-428,4.3
ST/1290/2022,KL-001290-2022,APPLICATION_REVIEW,2026-11-04,tentative,9.5,18.6,+9 age 4-5y | +5 Application Review | +4.6 waiting 23d | procedural share of the day,ADV-389,4.0
ST/1010/2023,KL-001010-2023,APPLICATION_REVIEW,2026-11-04,tentative,9.5,18.4,+7.4 waiting 37d | +6 age 3-4y | +5 Application Review | procedural share of the day,ADV-147,3.6
ST/1074/2023,KL-001074-2023,APPLICATION_REVIEW,2026-11-04,tentative,9.5,18.4,+7.4 waiting 37d | +6 age 3-4y | +5 Application Review | procedural share of the day,ADV-1188,3.6
ST/1006/2023,KL-001006-2023,APPEARANCE,2026-11-04,tentative,5.8,14.4,+7.4 waiting 37d | +4 Appearance | +3 age 1-3y | procedural share of the day,ADV-1201,2.9
ST/1745/2017,KL-001745-2017,JUDGEMENT,2026-11-05,tentative,30.0,27.8,+15 age 5y+ | +10 Judgement | +2.8 waiting 14d,ADV-878,9.3
ST/1771/2017,KL-001771-2017,JUDGEMENT,2026-11-05,tentative,30.0,27.8,+15 age 5y+ | +10 Judgement | +2.8 waiting 14d,ADV-373,9.2
ST/1777/2017,KL-001777-2017,JUDGEMENT,2026-11-05,tentative,30.0,27.8,+15 age 5y+ | +10 Judgement | +2.8 waiting 14d,ADV-423,9.2
ST/1782/2017,KL-001782-2017,JUDGEMENT,2026-11-05,tentative,30.0,27.8,+15 age 5y+ | +10 Judgement | +2.8 waiting 14d,ADV-747,9.2
ST/1900/2017,KL-001900-2017,JUDGEMENT,2026-11-05,tentative,30.0,27.8,+15 age 5y+ | +10 Judgement | +2.8 waiting 14d,ADV-738,9.2
ST/1901/2016,KL-001901-2016,JUDGEMENT,2026-11-05,tentative,30.0,27.8,+15 age 5y+ | +10 Judgement | +2.8 waiting 14d,ADV-436,9.9
ST/1902/2016,KL-001902-2016,JUDGEMENT,2026-11-05,tentative,30.0,27.8,+15 age 5y+ | +10 Judgement | +2.8 waiting 14d,ADV-829,9.9
ST/1905/2017,KL-001905-2017,JUDGEMENT,2026-11-05,tentative,30.0,27.8,+15 age 5y+ | +10 Judgement | +2.8 waiting 14d,ADV-239,9.2
ST/1722/2018,KL-001722-2018,ARGUMENTS,2026-11-05,tentative,19.6,27.2,+15 age 5y+ | +9 Arguments | +3.2 waiting 16d,ADV-1047,8.1
ST/11/2023,KL-000011-2023,APPLICATION_REVIEW,2026-11-05,tentative,9.5,18.6,+7.6 waiting 38d | +6 age 3-4y | +5 Application Review | procedural share of the day,ADV-466,3.6
ST/1195/2023,KL-001195-2023,APPLICATION_REVIEW,2026-11-05,tentative,9.5,18.6,+7.6 waiting 38d | +6 age 3-4y | +5 Application Review | procedural share of the day,ADV-712,3.6
ST/1259/2023,KL-001259-2023,APPLICATION_REVIEW,2026-11-05,tentative,9.5,18.6,+7.6 waiting 38d | +6 age 3-4y | +5 Application Review | procedural share of the day,ADV-762,3.5
ST/1311/2023,KL-001311-2023,APPLICATION_REVIEW,2026-11-05,tentative,9.5,18.6,+7.6 waiting 38d | +6 age 3-4y | +5 Application Review | procedural share of the day,ADV-655,3.6
ST/1323/2023,KL-001323-2023,APPLICATION_REVIEW,2026-11-05,tentative,9.5,18.6,+7.6 waiting 38d | +6 age 3-4y | +5 Application Review | procedural share of the day,ADV-583,3.5
ST/135/2022,KL-000135-2022,APPLICATION_REVIEW,2026-11-05,tentative,9.5,18.6,+9 age 4-5y | +5 Application Review | +4.6 waiting 23d | procedural share of the day,ADV-896,4.3
ST/1368/2021,KL-001368-2021,APPLICATION_REVIEW,2026-11-05,tentative,9.5,18.6,+9 age 4-5y | +5 Application Review | +4.6 waiting 23d | procedural share of the day,ADV-180,4.8
ST/1380/2023,KL-001380-2023,APPLICATION_REVIEW,2026-11-05,tentative,9.5,18.6,+7.6 waiting 38d | +6 age 3-4y | +5 Application Review | procedural share of the day,ADV-1172,3.5
ST/1392/2023,KL-001392-2023,APPLICATION_REVIEW,2026-11-05,tentative,9.5,18.6,+7.6 waiting 38d | +6 age 3-4y | +5 Application Review | procedural share of the day,ADV-1029,3.6
ST/1414/2022,KL-001414-2022,APPLICATION_REVIEW,2026-11-05,tentative,9.5,18.6,+9 age 4-5y | +5 Application Review | +4.6 waiting 23d | procedural share of the day,ADV-905,4.3
ST/1458/2021,KL-001458-2021,APPLICATION_REVIEW,2026-11-05,tentative,9.5,18.6,+9 age 4-5y | +5 Application Review | +4.6 waiting 23d | procedural share of the day,ADV-049,4.8
ST/1461/2022,KL-001461-2022,APPLICATION_REVIEW,2026-11-05,tentative,9.5,18.6,+9 age 4-5y | +5 Application Review | +4.6 waiting 23d | procedural share of the day,ADV-130,4.3
ST/1501/2023,KL-001501-2023,APPLICATION_REVIEW,2026-11-05,tentative,9.5,18.6,+7.6 waiting 38d | +6 age 3-4y | +5 Application Review | procedural share of the day,ADV-873,3.6
ST/1037/2025,KL-001037-2025,APPEARANCE,2026-11-05,tentative,5.8,14.600000000000001,+7.6 waiting 38d | +4 Appearance | +3 age 1-3y | procedural share of the day,ADV-864,1.2
ST/1742/2018,KL-001742-2018,ARGUMENTS,2026-11-06,tentative,19.6,27.2,+15 age 5y+ | +9 Arguments | +3.2 waiting 16d,ADV-583,8.1
ST/1922/2016,KL-001922-2016,JUDGEMENT,2026-11-06,tentative,30.0,27.2,+15 age 5y+ | +10 Judgement | +2.2 waiting 11d,ADV-1100,9.9
ST/1958/2016,KL-001958-2016,JUDGEMENT,2026-11-06,tentative,30.0,27.2,+15 age 5y+ | +10 Judgement | +2.2 waiting 11d,ADV-471,9.9
ST/1988/2017,KL-001988-2017,JUDGEMENT,2026-11-06,tentative,30.0,27.2,+15 age 5y+ | +10 Judgement | +2.2 waiting 11d,ADV-1164,9.3
ST/1989/2017,KL-001989-2017,JUDGEMENT,2026-11-06,tentative,30.0,27.2,+15 age 5y+ | +10 Judgement | +2.2 waiting 11d,ADV-1174,9.3
ST/199/2017,KL-000199-2017,JUDGEMENT,2026-11-06,tentative,30.0,27.2,+15 age 5y+ | +10 Judgement | +2.2 waiting 11d,ADV-1234,9.2
ST/1991/2016,KL-001991-2016,JUDGEMENT,2026-11-06,tentative,30.0,27.2,+15 age 5y+ | +10 Judgement | +2.2 waiting 11d,ADV-818,9.9
ST/2048/2016,KL-002048-2016,JUDGEMENT,2026-11-06,tentative,30.0,27.2,+15 age 5y+ | +10 Judgement | +2.2 waiting 11d,ADV-789,9.9
ST/2069/2017,KL-002069-2017,JUDGEMENT,2026-11-06,tentative,30.0,27.2,+15 age 5y+ | +10 Judgement | +2.2 waiting 11d,ADV-045,9.2
ST/1540/2022,KL-001540-2022,APPLICATION_REVIEW,2026-11-06,tentative,9.5,18.8,+9 age 4-5y | +5 Application Review | +4.8 waiting 24d | procedural share of the day,ADV-1096,4.0
ST/1555/2021,KL-001555-2021,APPLICATION_REVIEW,2026-11-06,tentative,9.5,18.8,+9 age 4-5y | +5 Application Review | +4.8 waiting 24d | procedural share of the day,ADV-894,4.8
ST/1566/2021,KL-001566-2021,APPLICATION_REVIEW,2026-11-06,tentative,9.5,18.8,+9 age 4-5y | +5 Application Review | +4.8 waiting 24d | procedural share of the day,ADV-428,4.8
ST/1577/2023,KL-001577-2023,APPLICATION_REVIEW,2026-11-06,tentative,9.5,18.8,+7.8 waiting 39d | +6 age 3-4y | +5 Application Review | procedural share of the day,ADV-105,3.5
ST/1578/2022,KL-001578-2022,APPLICATION_REVIEW,2026-11-06,tentative,9.5,18.8,+9 age 4-5y | +5 Application Review | +4.8 waiting 24d | procedural share of the day,ADV-252,4.3
ST/1617/2022,KL-001617-2022,APPLICATION_REVIEW,2026-11-06,tentative,9.5,18.8,+9 age 4-5y | +5 Application Review | +4.8 waiting 24d | procedural share of the day,ADV-369,4.3
ST/1638/2022,KL-001638-2022,APPLICATION_REVIEW,2026-11-06,tentative,9.5,18.8,+9 age 4-5y | +5 Application Review | +4.8 waiting 24d | procedural share of the day,ADV-626,4.0
ST/1665/2023,KL-001665-2023,APPLICATION_REVIEW,2026-11-06,tentative,9.5,18.8,+7.8 waiting 39d | +6 age 3-4y | +5 Application Review | procedural share of the day,ADV-394,3.6
ST/1684/2022,KL-001684-2022,APPLICATION_REVIEW,2026-11-06,tentative,9.5,18.8,+9 age 4-5y | +5 Application Review | +4.8 waiting 24d | procedural share of the day,ADV-088,4.3
ST/1686/2023,KL-001686-2023,APPLICATION_REVIEW,2026-11-06,tentative,9.5,18.8,+7.8 waiting 39d | +6 age 3-4y | +5 Application Review | procedural share of the day,ADV-918,3.6
ST/1736/2022,KL-001736-2022,APPLICATION_REVIEW,2026-11-06,tentative,9.5,18.8,+9 age 4-5y | +5 Application Review | +4.8 waiting 24d | procedural share of the day,ADV-528,4.3
ST/1800/2023,KL-001800-2023,APPLICATION_REVIEW,2026-11-06,tentative,9.5,18.8,+7.8 waiting 39d | +6 age 3-4y | +5 Application Review | procedural share of the day,ADV-700,3.6
ST/1848/2023,KL-001848-2023,APPLICATION_REVIEW,2026-11-06,tentative,9.5,18.8,+7.8 waiting 39d | +6 age 3-4y | +5 Application Review | procedural share of the day,ADV-123,3.5
ST/1067/2023,KL-001067-2023,APPEARANCE,2026-11-06,tentative,5.8,14.8,+7.8 waiting 39d | +4 Appearance | +3 age 1-3y | procedural share of the day,ADV-1077,2.9
ST/1845/2018,KL-001845-2018,ARGUMENTS,2026-11-10,tentative,19.6,27.8,+15 age 5y+ | +9 Arguments | +3.8 waiting 19d,ADV-947,8.1
ST/2139/2016,KL-002139-2016,JUDGEMENT,2026-11-10,tentative,30.0,27.8,+15 age 5y+ | +10 Judgement | +2.8 waiting 14d,ADV-102,9.9
ST/2160/2017,KL-002160-2017,JUDGEMENT,2026-11-10,tentative,30.0,27.8,+15 age 5y+ | +10 Judgement | +2.8 waiting 14d,ADV-1167,9.2
ST/2194/2017,KL-002194-2017,JUDGEMENT,2026-11-10,tentative,30.0,27.8,+15 age 5y+ | +10 Judgement | +2.8 waiting 14d,ADV-112,9.3
ST/2204/2017,KL-002204-2017,JUDGEMENT,2026-11-10,tentative,30.0,27.8,+15 age 5y+ | +10 Judgement | +2.8 waiting 14d,ADV-841,9.2
ST/2310/2016,KL-002310-2016,JUDGEMENT,2026-11-10,tentative,30.0,27.8,+15 age 5y+ | +10 Judgement | +2.8 waiting 14d,ADV-571,9.9
ST/2323/2017,KL-002323-2017,JUDGEMENT,2026-11-10,tentative,30.0,27.8,+15 age 5y+ | +10 Judgement | +2.8 waiting 14d,ADV-869,9.2
ST/2336/2016,KL-002336-2016,JUDGEMENT,2026-11-10,tentative,30.0,27.8,+15 age 5y+ | +10 Judgement | +2.8 waiting 14d,ADV-089,9.9
ST/2351/2016,KL-002351-2016,JUDGEMENT,2026-11-10,tentative,30.0,27.8,+15 age 5y+ | +10 Judgement | +2.8 waiting 14d,ADV-286,9.9
ST/129/2021,KL-000129-2021,APPLICATION_REVIEW,2026-11-10,tentative,9.5,20.6,+15 age 5y+ | +5 Application Review | +0.6 waiting 3d | procedural share of the day,ADV-636,5.6
ST/1344/2021,KL-001344-2021,APPLICATION_REVIEW,2026-11-10,tentative,9.5,20.6,+15 age 5y+ | +5 Application Review | +0.6 waiting 3d | procedural share of the day,ADV-325,5.6
ST/1455/2021,KL-001455-2021,APPLICATION_REVIEW,2026-11-10,tentative,9.5,20.6,+15 age 5y+ | +5 Application Review | +0.6 waiting 3d | procedural share of the day,ADV-772,5.6
ST/1627/2021,KL-001627-2021,APPLICATION_REVIEW,2026-11-10,tentative,9.5,20.6,+15 age 5y+ | +5 Application Review | +0.6 waiting 3d | procedural share of the day,ADV-004,5.6
ST/1631/2021,KL-001631-2021,APPLICATION_REVIEW,2026-11-10,tentative,9.5,20.6,+15 age 5y+ | +5 Application Review | +0.6 waiting 3d | procedural share of the day,ADV-187,5.6
ST/1759/2021,KL-001759-2021,APPLICATION_REVIEW,2026-11-10,tentative,9.5,20.6,+15 age 5y+ | +5 Application Review | +0.6 waiting 3d | procedural share of the day,ADV-570,5.6
ST/1765/2021,KL-001765-2021,APPLICATION_REVIEW,2026-11-10,tentative,9.5,20.6,+15 age 5y+ | +5 Application Review | +0.6 waiting 3d | procedural share of the day,ADV-551,5.6
ST/1897/2021,KL-001897-2021,APPLICATION_REVIEW,2026-11-10,tentative,9.5,20.6,+15 age 5y+ | +5 Application Review | +0.6 waiting 3d | procedural share of the day,ADV-1072,5.6
ST/2199/2021,KL-002199-2021,APPLICATION_REVIEW,2026-11-10,tentative,9.5,20.6,+15 age 5y+ | +5 Application Review | +0.6 waiting 3d | procedural share of the day,ADV-717,5.6
ST/2247/2021,KL-002247-2021,APPLICATION_REVIEW,2026-11-10,tentative,9.5,20.6,+15 age 5y+ | +5 Application Review | +0.6 waiting 3d | procedural share of the day,ADV-737,5.6
ST/228/2021,KL-000228-2021,APPLICATION_REVIEW,2026-11-10,tentative,9.5,20.6,+15 age 5y+ | +5 Application Review | +0.6 waiting 3d | procedural share of the day,ADV-477,5.6
ST/2530/2021,KL-002530-2021,APPLICATION_REVIEW,2026-11-10,tentative,9.5,20.6,+15 age 5y+ | +5 Application Review | +0.6 waiting 3d | procedural share of the day,ADV-092,5.6
ST/2561/2021,KL-002561-2021,APPLICATION_REVIEW,2026-11-10,tentative,9.5,20.6,+15 age 5y+ | +5 Application Review | +0.6 waiting 3d | procedural share of the day,ADV-600,5.6
ST/107/2023,KL-000107-2023,REPORTS,2026-11-10,tentative,3.2,15.6,+8.6 waiting 43d | +4 Reports | +3 age 1-3y | procedural share of the day,ADV-1085,2.8
ST/112/2023,KL-000112-2023,REPORTS,2026-11-10,tentative,3.2,15.6,+8.6 waiting 43d | +4 Reports | +3 age 1-3y | procedural share of the day,ADV-962,2.8
ST/1020/2022,KL-001020-2022,JUDGEMENT,2026-11-11,tentative,30.0,27.8,+10 Judgement | +9 age 4-5y | +8.8 waiting 44d,ADV-867,4.1
ST/1025/2021,KL-001025-2021,JUDGEMENT,2026-11-11,tentative,30.0,27.8,+10 Judgement | +9 age 4-5y | +8.8 waiting 44d,ADV-573,4.9
ST/1040/2021,KL-001040-2021,JUDGEMENT,2026-11-11,tentative,30.0,27.8,+10 Judgement | +9 age 4-5y | +8.8 waiting 44d,ADV-471,4.9
ST/1050/2022,KL-001050-2022,JUDGEMENT,2026-11-11,tentative,30.0,27.8,+10 Judgement | +9 age 4-5y | +8.8 waiting 44d,ADV-576,4.1
ST/1054/2022,KL-001054-2022,JUDGEMENT,2026-11-11,tentative,30.0,27.8,+10 Judgement | +9 age 4-5y | +8.8 waiting 44d,ADV-1021,4.2
ST/1083/2022,KL-001083-2022,JUDGEMENT,2026-11-11,tentative,30.0,27.8,+10 Judgement | +9 age 4-5y | +8.8 waiting 44d,ADV-970,4.2
ST/1094/2021,KL-001094-2021,JUDGEMENT,2026-11-11,tentative,30.0,27.8,+10 Judgement | +9 age 4-5y | +8.8 waiting 44d,ADV-561,4.9
ST/1168/2021,KL-001168-2021,JUDGEMENT,2026-11-11,tentative,30.0,27.8,+10 Judgement | +9 age 4-5y | +8.8 waiting 44d,ADV-229,4.9
ST/1899/2018,KL-001899-2018,ARGUMENTS,2026-11-11,tentative,19.6,27.8,+15 age 5y+ | +9 Arguments | +3.8 waiting 19d,ADV-954,8.1
ST/2626/2021,KL-002626-2021,APPLICATION_REVIEW,2026-11-11,tentative,9.5,20.6,+15 age 5y+ | +5 Application Review | +0.6 waiting 3d | procedural share of the day,ADV-874,5.6
ST/2679/2021,KL-002679-2021,APPLICATION_REVIEW,2026-11-11,tentative,9.5,20.6,+15 age 5y+ | +5 Application Review | +0.6 waiting 3d | procedural share of the day,ADV-771,5.6
ST/2719/2021,KL-002719-2021,APPLICATION_REVIEW,2026-11-11,tentative,9.5,20.6,+15 age 5y+ | +5 Application Review | +0.6 waiting 3d | procedural share of the day,ADV-009,5.6
ST/2737/2021,KL-002737-2021,APPLICATION_REVIEW,2026-11-11,tentative,9.5,20.6,+15 age 5y+ | +5 Application Review | +0.6 waiting 3d | procedural share of the day,ADV-378,5.6
ST/288/2021,KL-000288-2021,APPLICATION_REVIEW,2026-11-11,tentative,9.5,20.6,+15 age 5y+ | +5 Application Review | +0.6 waiting 3d | procedural share of the day,ADV-253,5.6
ST/535/2021,KL-000535-2021,APPLICATION_REVIEW,2026-11-11,tentative,9.5,20.6,+15 age 5y+ | +5 Application Review | +0.6 waiting 3d | procedural share of the day,ADV-111,5.6
ST/570/2021,KL-000570-2021,APPLICATION_REVIEW,2026-11-11,tentative,9.5,20.6,+15 age 5y+ | +5 Application Review | +0.6 waiting 3d | procedural share of the day,ADV-311,5.6
ST/597/2021,KL-000597-2021,APPLICATION_REVIEW,2026-11-11,tentative,9.5,20.6,+15 age 5y+ | +5 Application Review | +0.6 waiting 3d | procedural share of the day,ADV-428,5.6
ST/708/2021,KL-000708-2021,APPLICATION_REVIEW,2026-11-11,tentative,9.5,20.6,+15 age 5y+ | +5 Application Review | +0.6 waiting 3d | procedural share of the day,ADV-953,5.6
ST/922/2021,KL-000922-2021,APPLICATION_REVIEW,2026-11-11,tentative,9.5,20.6,+15 age 5y+ | +5 Application Review | +0.6 waiting 3d | procedural share of the day,ADV-775,5.6
ST/930/2021,KL-000930-2021,APPLICATION_REVIEW,2026-11-11,tentative,9.5,20.6,+15 age 5y+ | +5 Application Review | +0.6 waiting 3d | procedural share of the day,ADV-933,5.6
ST/978/2021,KL-000978-2021,APPLICATION_REVIEW,2026-11-11,tentative,9.5,20.6,+15 age 5y+ | +5 Application Review | +0.6 waiting 3d | procedural share of the day,ADV-1245,5.6
ST/1849/2023,KL-001849-2023,APPLICATION_REVIEW,2026-11-11,tentative,9.5,19.8,+8.8 waiting 44d | +6 age 3-4y | +5 Application Review | procedural share of the day,ADV-194,3.6
ST/1081/2023,KL-001081-2023,APPEARANCE,2026-11-11,tentative,5.8,15.8,+8.8 waiting 44d | +4 Appearance | +3 age 1-3y | procedural share of the day,ADV-1139,2.9
ST/1173/2021,KL-001173-2021,JUDGEMENT,2026-11-12,tentative,30.0,28.0,+10 Judgement | +9 waiting 45d | +9 age 4-5y,ADV-639,4.9
ST/120/2022,KL-000120-2022,JUDGEMENT,2026-11-12,tentative,30.0,28.0,+10 Judgement | +9 waiting 45d | +9 age 4-5y,ADV-1093,4.1
ST/1216/2022,KL-001216-2022,JUDGEMENT,2026-11-12,tentative,30.0,28.0,+10 Judgement | +9 waiting 45d | +9 age 4-5y,ADV-1251,4.1
ST/1231/2021,KL-001231-2021,JUDGEMENT,2026-11-12,tentative,30.0,28.0,+10 Judgement | +9 waiting 45d | +9 age 4-5y,ADV-093,4.9
ST/1264/2021,KL-001264-2021,JUDGEMENT,2026-11-12,tentative,30.0,28.0,+10 Judgement | +9 waiting 45d | +9 age 4-5y,ADV-954,4.9
ST/1269/2022,KL-001269-2022,JUDGEMENT,2026-11-12,tentative,30.0,28.0,+10 Judgement | +9 waiting 45d | +9 age 4-5y,ADV-057,4.2
ST/1283/2021,KL-001283-2021,JUDGEMENT,2026-11-12,tentative,30.0,28.0,+10 Judgement | +9 waiting 45d | +9 age 4-5y,ADV-214,4.9
ST/1295/2022,KL-001295-2022,JUDGEMENT,2026-11-12,tentative,30.0,28.0,+10 Judgement | +9 waiting 45d | +9 age 4-5y,ADV-1169,4.2
ST/1966/2018,KL-001966-2018,ARGUMENTS,2026-11-12,tentative,19.6,27.4,+15 age 5y+ | +9 Arguments | +3.4 waiting 17d,ADV-134,8.1
ST/1859/2023,KL-001859-2023,APPLICATION_REVIEW,2026-11-12,tentative,9.5,20.0,+9 waiting 45d | +6 age 3-4y | +5 Application Review | procedural share of the day,ADV-331,3.6
ST/1920/2023,KL-001920-2023,APPLICATION_REVIEW,2026-11-12,tentative,9.5,20.0,+9 waiting 45d | +6 age 3-4y | +5 Application Review | procedural share of the day,ADV-665,3.6
ST/1957/2023,KL-001957-2023,APPLICATION_REVIEW,2026-11-12,tentative,9.5,20.0,+9 waiting 45d | +6 age 3-4y | +5 Application Review | procedural share of the day,ADV-203,3.6
ST/2029/2023,KL-002029-2023,APPLICATION_REVIEW,2026-11-12,tentative,9.5,20.0,+9 waiting 45d | +6 age 3-4y | +5 Application Review | procedural share of the day,ADV-885,3.6
ST/2118/2023,KL-002118-2023,APPLICATION_REVIEW,2026-11-12,tentative,9.5,20.0,+9 waiting 45d | +6 age 3-4y | +5 Application Review | procedural share of the day,ADV-585,3.5
ST/2119/2023,KL-002119-2023,APPLICATION_REVIEW,2026-11-12,tentative,9.5,20.0,+9 waiting 45d | +6 age 3-4y | +5 Application Review | procedural share of the day,ADV-1100,3.5
ST/2137/2023,KL-002137-2023,APPLICATION_REVIEW,2026-11-12,tentative,9.5,20.0,+9 waiting 45d | +6 age 3-4y | +5 Application Review | procedural share of the day,ADV-578,3.5
ST/2154/2023,KL-002154-2023,APPLICATION_REVIEW,2026-11-12,tentative,9.5,20.0,+9 waiting 45d | +6 age 3-4y | +5 Application Review | procedural share of the day,ADV-878,3.5
ST/229/2023,KL-000229-2023,APPLICATION_REVIEW,2026-11-12,tentative,9.5,20.0,+9 waiting 45d | +6 age 3-4y | +5 Application Review | procedural share of the day,ADV-930,3.5
ST/2343/2023,KL-002343-2023,APPLICATION_REVIEW,2026-11-12,tentative,9.5,20.0,+9 waiting 45d | +6 age 3-4y | +5 Application Review | procedural share of the day,ADV-715,3.5
ST/2432/2023,KL-002432-2023,APPLICATION_REVIEW,2026-11-12,tentative,9.5,20.0,+9 waiting 45d | +6 age 3-4y | +5 Application Review | procedural share of the day,ADV-286,3.6
ST/2477/2023,KL-002477-2023,APPLICATION_REVIEW,2026-11-12,tentative,9.5,20.0,+9 waiting 45d | +6 age 3-4y | +5 Application Review | procedural share of the day,ADV-324,3.6
ST/2489/2023,KL-002489-2023,APPLICATION_REVIEW,2026-11-12,tentative,9.5,20.0,+9 waiting 45d | +6 age 3-4y | +5 Application Review | procedural share of the day,ADV-1085,3.6
ST/1047/2017,KL-001047-2017,REPORTS,2026-11-12,tentative,3.2,19.0,+15 age 5y+ | +4 Reports | procedural share of the day,ADV-570,8.9
ST/1056/2017,KL-001056-2017,REPORTS,2026-11-12,tentative,3.2,19.0,+15 age 5y+ | +4 Reports | procedural share of the day,ADV-477,9.6
ST/1320/2021,KL-001320-2021,JUDGEMENT,2026-11-13,tentative,30.0,28.200000000000003,+10 Judgement | +9.2 waiting 46d | +9 age 4-5y,ADV-054,4.9
ST/1321/2022,KL-001321-2022,JUDGEMENT,2026-11-13,tentative,30.0,28.200000000000003,+10 Judgement | +9.2 waiting 46d | +9 age 4-5y,ADV-831,4.1
ST/1343/2022,KL-001343-2022,JUDGEMENT,2026-11-13,tentative,30.0,28.200000000000003,+10 Judgement | +9.2 waiting 46d | +9 age 4-5y,ADV-590,4.1
ST/1352/2021,KL-001352-2021,JUDGEMENT,2026-11-13,tentative,30.0,28.200000000000003,+10 Judgement | +9.2 waiting 46d | +9 age 4-5y,ADV-713,4.9
ST/1376/2022,KL-001376-2022,JUDGEMENT,2026-11-13,tentative,30.0,28.200000000000003,+10 Judgement | +9.2 waiting 46d | +9 age 4-5y,ADV-737,4.2
ST/1440/2022,KL-001440-2022,JUDGEMENT,2026-11-13,tentative,30.0,28.200000000000003,+10 Judgement | +9.2 waiting 46d | +9 age 4-5y,ADV-397,4.2
ST/1448/2022,KL-001448-2022,JUDGEMENT,2026-11-13,tentative,30.0,28.200000000000003,+10 Judgement | +9.2 waiting 46d | +9 age 4-5y,ADV-240,4.2
ST/1466/2022,KL-001466-2022,JUDGEMENT,2026-11-13,tentative,30.0,28.200000000000003,+10 Judgement | +9.2 waiting 46d | +9 age 4-5y,ADV-119,4.1
ST/2043/2018,KL-002043-2018,ARGUMENTS,2026-11-13,tentative,19.6,27.4,+15 age 5y+ | +9 Arguments | +3.4 waiting 17d,ADV-502,8.1
ST/2518/2023,KL-002518-2023,APPLICATION_REVIEW,2026-11-13,tentative,9.5,20.200000000000003,+9.2 waiting 46d | +6 age 3-4y | +5 Application Review | procedural share of the day,ADV-850,3.6
ST/2609/2023,KL-002609-2023,APPLICATION_REVIEW,2026-11-13,tentative,9.5,20.200000000000003,+9.2 waiting 46d | +6 age 3-4y | +5 Application Review | procedural share of the day,ADV-766,3.6
ST/2714/2023,KL-002714-2023,APPLICATION_REVIEW,2026-11-13,tentative,9.5,20.200000000000003,+9.2 waiting 46d | +6 age 3-4y | +5 Application Review | procedural share of the day,ADV-833,3.6
ST/2732/2023,KL-002732-2023,APPLICATION_REVIEW,2026-11-13,tentative,9.5,20.200000000000003,+9.2 waiting 46d | +6 age 3-4y | +5 Application Review | procedural share of the day,ADV-157,3.6
ST/2775/2023,KL-002775-2023,APPLICATION_REVIEW,2026-11-13,tentative,9.5,20.200000000000003,+9.2 waiting 46d | +6 age 3-4y | +5 Application Review | procedural share of the day,ADV-621,3.5
ST/2777/2023,KL-002777-2023,APPLICATION_REVIEW,2026-11-13,tentative,9.5,20.200000000000003,+9.2 waiting 46d | +6 age 3-4y | +5 Application Review | procedural share of the day,ADV-502,3.6
ST/2821/2023,KL-002821-2023,APPLICATION_REVIEW,2026-11-13,tentative,9.5,20.200000000000003,+9.2 waiting 46d | +6 age 3-4y | +5 Application Review | procedural share of the day,ADV-772,3.5
ST/2834/2023,KL-002834-2023,APPLICATION_REVIEW,2026-11-13,tentative,9.5,20.200000000000003,+9.2 waiting 46d | +6 age 3-4y | +5 Application Review | procedural share of the day,ADV-308,3.5
ST/2836/2023,KL-002836-2023,APPLICATION_REVIEW,2026-11-13,tentative,9.5,20.200000000000003,+9.2 waiting 46d | +6 age 3-4y | +5 Application Review | procedural share of the day,ADV-1077,3.5
ST/289/2023,KL-000289-2023,APPLICATION_REVIEW,2026-11-13,tentative,9.5,20.200000000000003,+9.2 waiting 46d | +6 age 3-4y | +5 Application Review | procedural share of the day,ADV-219,3.5
ST/29/2023,KL-000029-2023,APPLICATION_REVIEW,2026-11-13,tentative,9.5,20.200000000000003,+9.2 waiting 46d | +6 age 3-4y | +5 Application Review | procedural share of the day,ADV-284,3.5
ST/2924/2023,KL-002924-2023,APPLICATION_REVIEW,2026-11-13,tentative,9.5,20.200000000000003,+9.2 waiting 46d | +6 age 3-4y | +5 Application Review | procedural share of the day,ADV-1222,3.5
ST/295/2023,KL-000295-2023,APPLICATION_REVIEW,2026-11-13,tentative,9.5,20.200000000000003,+9.2 waiting 46d | +6 age 3-4y | +5 Application Review | procedural share of the day,ADV-243,3.5
ST/1065/2021,KL-001065-2021,REPORTS,2026-11-13,tentative,3.2,19.0,+15 age 5y+ | +4 Reports | procedural share of the day,ADV-954,5.5
ST/1073/2021,KL-001073-2021,REPORTS,2026-11-13,tentative,3.2,19.0,+15 age 5y+ | +4 Reports | procedural share of the day,ADV-1051,5.5
ST/1478/2021,KL-001478-2021,JUDGEMENT,2026-11-16,tentative,30.0,28.8,+10 Judgement | +9.8 waiting 49d | +9 age 4-5y,ADV-465,4.9
ST/1484/2022,KL-001484-2022,JUDGEMENT,2026-11-16,tentative,30.0,28.8,+10 Judgement | +9.8 waiting 49d | +9 age 4-5y,ADV-077,4.1
ST/1489/2022,KL-001489-2022,JUDGEMENT,2026-11-16,tentative,30.0,28.8,+10 Judgement | +9.8 waiting 49d | +9 age 4-5y,ADV-838,4.1
ST/149/2021,KL-000149-2021,JUDGEMENT,2026-11-16,tentative,30.0,28.8,+10 Judgement | +9.8 waiting 49d | +9 age 4-5y,ADV-1247,4.9
ST/1538/2022,KL-001538-2022,JUDGEMENT,2026-11-16,tentative,30.0,28.8,+10 Judgement | +9.8 waiting 49d | +9 age 4-5y,ADV-912,4.1
ST/1579/2022,KL-001579-2022,JUDGEMENT,2026-11-16,tentative,30.0,28.8,+10 Judgement | +9.8 waiting 49d | +9 age 4-5y,ADV-347,4.1
ST/1587/2021,KL-001587-2021,JUDGEMENT,2026-11-16,tentative,30.0,28.8,+10 Judgement | +9.8 waiting 49d | +9 age 4-5y,ADV-271,4.9
ST/1603/2021,KL-001603-2021,JUDGEMENT,2026-11-16,tentative,30.0,28.8,+10 Judgement | +9.8 waiting 49d | +9 age 4-5y,ADV-395,4.9
ST/101/2022,KL-000101-2022,ARGUMENTS,2026-11-16,tentative,19.6,27.8,+9.8 waiting 49d | +9 age 4-5y | +9 Arguments,ADV-461,4.6
ST/296/2023,KL-000296-2023,APPLICATION_REVIEW,2026-11-16,tentative,9.5,20.8,+9.8 waiting 49d | +6 age 3-4y | +5 Application Review | procedural share of the day,ADV-1004,3.6
ST/305/2023,KL-000305-2023,APPLICATION_REVIEW,2026-11-16,tentative,9.5,20.8,+9.8 waiting 49d | +6 age 3-4y | +5 Application Review | procedural share of the day,ADV-150,3.5
ST/331/2023,KL-000331-2023,APPLICATION_REVIEW,2026-11-16,tentative,9.5,20.8,+9.8 waiting 49d | +6 age 3-4y | +5 Application Review | procedural share of the day,ADV-774,3.5
ST/449/2023,KL-000449-2023,APPLICATION_REVIEW,2026-11-16,tentative,9.5,20.8,+9.8 waiting 49d | +6 age 3-4y | +5 Application Review | procedural share of the day,ADV-763,3.6
ST/539/2023,KL-000539-2023,APPLICATION_REVIEW,2026-11-16,tentative,9.5,20.8,+9.8 waiting 49d | +6 age 3-4y | +5 Application Review | procedural share of the day,ADV-666,3.5
ST/57/2023,KL-000057-2023,APPLICATION_REVIEW,2026-11-16,tentative,9.5,20.8,+9.8 waiting 49d | +6 age 3-4y | +5 Application Review | procedural share of the day,ADV-1011,3.5
ST/578/2023,KL-000578-2023,APPLICATION_REVIEW,2026-11-16,tentative,9.5,20.8,+9.8 waiting 49d | +6 age 3-4y | +5 Application Review | procedural share of the day,ADV-1080,3.6
ST/679/2023,KL-000679-2023,APPLICATION_REVIEW,2026-11-16,tentative,9.5,20.8,+9.8 waiting 49d | +6 age 3-4y | +5 Application Review | procedural share of the day,ADV-679,3.6
ST/701/2023,KL-000701-2023,APPLICATION_REVIEW,2026-11-16,tentative,9.5,20.8,+9.8 waiting 49d | +6 age 3-4y | +5 Application Review | procedural share of the day,ADV-193,3.6
ST/712/2023,KL-000712-2023,APPLICATION_REVIEW,2026-11-16,tentative,9.5,20.8,+9.8 waiting 49d | +6 age 3-4y | +5 Application Review | procedural share of the day,ADV-1259,3.6
ST/789/2023,KL-000789-2023,APPLICATION_REVIEW,2026-11-16,tentative,9.5,20.8,+9.8 waiting 49d | +6 age 3-4y | +5 Application Review | procedural share of the day,ADV-1230,3.5
ST/807/2023,KL-000807-2023,APPLICATION_REVIEW,2026-11-16,tentative,9.5,20.8,+9.8 waiting 49d | +6 age 3-4y | +5 Application Review | procedural share of the day,ADV-130,3.5
ST/879/2023,KL-000879-2023,APPLICATION_REVIEW,2026-11-16,tentative,9.5,20.8,+9.8 waiting 49d | +6 age 3-4y | +5 Application Review | procedural share of the day,ADV-225,3.5
ST/1088/2017,KL-001088-2017,REPORTS,2026-11-16,tentative,3.2,19.6,+15 age 5y+ | +4 Reports | +0.6 waiting 3d | procedural share of the day,ADV-1171,9.6
ST/1098/2021,KL-001098-2021,REPORTS,2026-11-16,tentative,3.2,19.6,+15 age 5y+ | +4 Reports | +0.6 waiting 3d | procedural share of the day,ADV-185,5.5
ST/1666/2021,KL-001666-2021,JUDGEMENT,2026-11-17,tentative,30.0,29.0,+10 waiting 50d | +10 Judgement | +9 age 4-5y,ADV-1042,4.9
ST/1694/2021,KL-001694-2021,JUDGEMENT,2026-11-17,tentative,30.0,29.0,+10 waiting 50d | +10 Judgement | +9 age 4-5y,ADV-1087,4.9
ST/1754/2021,KL-001754-2021,JUDGEMENT,2026-11-17,tentative,30.0,29.0,+10 waiting 50d | +10 Judgement | +9 age 4-5y,ADV-1099,4.9
ST/1774/2021,KL-001774-2021,JUDGEMENT,2026-11-17,tentative,30.0,29.0,+10 waiting 50d | +10 Judgement | +9 age 4-5y,ADV-1244,4.9
ST/1784/2022,KL-001784-2022,JUDGEMENT,2026-11-17,tentative,30.0,29.0,+10 waiting 50d | +10 Judgement | +9 age 4-5y,ADV-953,4.2
ST/1810/2022,KL-001810-2022,JUDGEMENT,2026-11-17,tentative,30.0,29.0,+10 waiting 50d | +10 Judgement | +9 age 4-5y,ADV-1016,4.2
ST/1816/2022,KL-001816-2022,JUDGEMENT,2026-11-17,tentative,30.0,29.0,+10 waiting 50d | +10 Judgement | +9 age 4-5y,ADV-375,4.1
ST/1832/2022,KL-001832-2022,JUDGEMENT,2026-11-17,tentative,30.0,29.0,+10 waiting 50d | +10 Judgement | +9 age 4-5y,ADV-136,4.2
ST/1016/2022,KL-001016-2022,ARGUMENTS,2026-11-17,tentative,19.6,28.0,+10 waiting 50d | +9 age 4-5y | +9 Arguments,ADV-179,4.6
ST/893/2023,KL-000893-2023,APPLICATION_REVIEW,2026-11-17,tentative,9.5,21.0,+10 waiting 50d | +6 age 3-4y | +5 Application Review | procedural share of the day,ADV-550,3.6
ST/917/2023,KL-000917-2023,APPLICATION_REVIEW,2026-11-17,tentative,9.5,21.0,+10 waiting 50d | +6 age 3-4y | +5 Application Review | procedural share of the day,ADV-085,3.5
ST/927/2023,KL-000927-2023,APPLICATION_REVIEW,2026-11-17,tentative,9.5,21.0,+10 waiting 50d | +6 age 3-4y | +5 Application Review | procedural share of the day,ADV-633,3.5
ST/983/2023,KL-000983-2023,APPLICATION_REVIEW,2026-11-17,tentative,9.5,21.0,+10 waiting 50d | +6 age 3-4y | +5 Application Review | procedural share of the day,ADV-846,3.5
ST/992/2023,KL-000992-2023,APPLICATION_REVIEW,2026-11-17,tentative,9.5,21.0,+10 waiting 50d | +6 age 3-4y | +5 Application Review | procedural share of the day,ADV-950,3.5
ST/995/2023,KL-000995-2023,APPLICATION_REVIEW,2026-11-17,tentative,9.5,21.0,+10 waiting 50d | +6 age 3-4y | +5 Application Review | procedural share of the day,ADV-645,3.6
ST/997/2023,KL-000997-2023,APPLICATION_REVIEW,2026-11-17,tentative,9.5,21.0,+10 waiting 50d | +6 age 3-4y | +5 Application Review | procedural share of the day,ADV-033,3.6
ST/1743/2021,KL-001743-2021,APPLICATION_REVIEW,2026-11-17,tentative,9.5,20.8,+9 age 4-5y | +6.8 waiting 34d | +5 Application Review | procedural share of the day,ADV-540,4.8
ST/1753/2022,KL-001753-2022,APPLICATION_REVIEW,2026-11-17,tentative,9.5,20.8,+9 age 4-5y | +6.8 waiting 34d | +5 Application Review | procedural share of the day,ADV-1016,4.0
ST/1755/2022,KL-001755-2022,APPLICATION_REVIEW,2026-11-17,tentative,9.5,20.8,+9 age 4-5y | +6.8 waiting 34d | +5 Application Review | procedural share of the day,ADV-268,4.0
ST/1803/2021,KL-001803-2021,APPLICATION_REVIEW,2026-11-17,tentative,9.5,20.8,+9 age 4-5y | +6.8 waiting 34d | +5 Application Review | procedural share of the day,ADV-279,4.8
ST/1853/2021,KL-001853-2021,APPLICATION_REVIEW,2026-11-17,tentative,9.5,20.8,+9 age 4-5y | +6.8 waiting 34d | +5 Application Review | procedural share of the day,ADV-134,4.8
ST/1919/2021,KL-001919-2021,APPLICATION_REVIEW,2026-11-17,tentative,9.5,20.8,+9 age 4-5y | +6.8 waiting 34d | +5 Application Review | procedural share of the day,ADV-1064,4.8
ST/1112/2017,KL-001112-2017,REPORTS,2026-11-17,tentative,3.2,19.8,+15 age 5y+ | +4 Reports | +0.8 waiting 4d | procedural share of the day,ADV-605,8.9
ST/1117/2017,KL-001117-2017,REPORTS,2026-11-17,tentative,3.2,19.6,+15 age 5y+ | +4 Reports | +0.6 waiting 3d | procedural share of the day,ADV-024,9.6
ST/1867/2022,KL-001867-2022,JUDGEMENT,2026-11-18,tentative,30.0,29.200000000000003,+10.2 waiting 51d | +10 Judgement | +9 age 4-5y,ADV-591,4.1
ST/1921/2021,KL-001921-2021,JUDGEMENT,2026-11-18,tentative,30.0,29.200000000000003,+10.2 waiting 51d | +10 Judgement | +9 age 4-5y,ADV-1231,4.9
ST/1923/2021,KL-001923-2021,JUDGEMENT,2026-11-18,tentative,30.0,29.200000000000003,+10.2 waiting 51d | +10 Judgement | +9 age 4-5y,ADV-700,4.9
ST/1930/2022,KL-001930-2022,JUDGEMENT,2026-11-18,tentative,30.0,29.200000000000003,+10.2 waiting 51d | +10 Judgement | +9 age 4-5y,ADV-280,4.2
ST/1934/2022,KL-001934-2022,JUDGEMENT,2026-11-18,tentative,30.0,29.200000000000003,+10.2 waiting 51d | +10 Judgement | +9 age 4-5y,ADV-1043,4.2
ST/1939/2022,KL-001939-2022,JUDGEMENT,2026-11-18,tentative,30.0,29.200000000000003,+10.2 waiting 51d | +10 Judgement | +9 age 4-5y,ADV-373,4.2
ST/1946/2022,KL-001946-2022,JUDGEMENT,2026-11-18,tentative,30.0,29.200000000000003,+10.2 waiting 51d | +10 Judgement | +9 age 4-5y,ADV-912,4.1
ST/195/2022,KL-000195-2022,JUDGEMENT,2026-11-18,tentative,30.0,29.200000000000003,+10.2 waiting 51d | +10 Judgement | +9 age 4-5y,ADV-933,4.2
ST/1044/2021,KL-001044-2021,ARGUMENTS,2026-11-18,tentative,19.6,28.200000000000003,+10.2 waiting 51d | +9 age 4-5y | +9 Arguments,ADV-137,4.8
ST/1980/2022,KL-001980-2022,APPLICATION_REVIEW,2026-11-18,tentative,9.5,21.0,+9 age 4-5y | +7 waiting 35d | +5 Application Review | procedural share of the day,ADV-767,4.3
ST/1982/2022,KL-001982-2022,APPLICATION_REVIEW,2026-11-18,tentative,9.5,21.0,+9 age 4-5y | +7 waiting 35d | +5 Application Review | procedural share of the day,ADV-1209,4.0
ST/1986/2022,KL-001986-2022,APPLICATION_REVIEW,2026-11-18,tentative,9.5,21.0,+9 age 4-5y | +7 waiting 35d | +5 Application Review | procedural share of the day,ADV-065,4.3
ST/20/2021,KL-000020-2021,APPLICATION_REVIEW,2026-11-18,tentative,9.5,21.0,+9 age 4-5y | +7 waiting 35d | +5 Application Review | procedural share of the day,ADV-939,4.8
ST/2004/2021,KL-002004-2021,APPLICATION_REVIEW,2026-11-18,tentative,9.5,21.0,+9 age 4-5y | +7 waiting 35d | +5 Application Review | procedural share of the day,ADV-861,4.8
ST/2005/2022,KL-002005-2022,APPLICATION_REVIEW,2026-11-18,tentative,9.5,21.0,+9 age 4-5y | +7 waiting 35d | +5 Application Review | procedural share of the day,ADV-974,4.3
ST/2047/2021,KL-002047-2021,APPLICATION_REVIEW,2026-11-18,tentative,9.5,21.0,+9 age 4-5y | +7 waiting 35d | +5 Application Review | procedural share of the day,ADV-973,4.8
ST/129/2021,KL-000129-2021,APPLICATION_REVIEW,2026-11-18,tentative,9.5,20.6,+15 age 5y+ | +5 Application Review | +0.6 waiting 3d | procedural share of the day,ADV-636,5.6
ST/1344/2021,KL-001344-2021,APPLICATION_REVIEW,2026-11-18,tentative,9.5,20.6,+15 age 5y+ | +5 Application Review | +0.6 waiting 3d | procedural share of the day,ADV-325,5.6
ST/1455/2021,KL-001455-2021,APPLICATION_REVIEW,2026-11-18,tentative,9.5,20.6,+15 age 5y+ | +5 Application Review | +0.6 waiting 3d | procedural share of the day,ADV-772,5.6
ST/1627/2021,KL-001627-2021,APPLICATION_REVIEW,2026-11-18,tentative,9.5,20.6,+15 age 5y+ | +5 Application Review | +0.6 waiting 3d | procedural share of the day,ADV-004,5.6
ST/1631/2021,KL-001631-2021,APPLICATION_REVIEW,2026-11-18,tentative,9.5,20.6,+15 age 5y+ | +5 Application Review | +0.6 waiting 3d | procedural share of the day,ADV-187,5.6
ST/1759/2021,KL-001759-2021,APPLICATION_REVIEW,2026-11-18,tentative,9.5,20.6,+15 age 5y+ | +5 Application Review | +0.6 waiting 3d | procedural share of the day,ADV-570,5.6
ST/1169/2017,KL-001169-2017,REPORTS,2026-11-18,tentative,3.2,19.8,+15 age 5y+ | +4 Reports | +0.8 waiting 4d | procedural share of the day,ADV-639,9.6
ST/1257/2020,KL-001257-2020,REPORTS,2026-11-18,tentative,3.2,19.8,+15 age 5y+ | +4 Reports | +0.8 waiting 4d | procedural share of the day,ADV-412,6.6
ST/1971/2021,KL-001971-2021,JUDGEMENT,2026-11-19,tentative,30.0,29.4,+10.4 waiting 52d | +10 Judgement | +9 age 4-5y,ADV-1078,4.9
ST/198/2022,KL-000198-2022,JUDGEMENT,2026-11-19,tentative,30.0,29.4,+10.4 waiting 52d | +10 Judgement | +9 age 4-5y,ADV-1024,4.1
ST/1987/2021,KL-001987-2021,JUDGEMENT,2026-11-19,tentative,30.0,29.4,+10.4 waiting 52d | +10 Judgement | +9 age 4-5y,ADV-1218,4.9
ST/2003/2021,KL-002003-2021,JUDGEMENT,2026-11-19,tentative,30.0,29.4,+10.4 waiting 52d | +10 Judgement | +9 age 4-5y,ADV-791,4.9
ST/2012/2021,KL-002012-2021,JUDGEMENT,2026-11-19,tentative,30.0,29.4,+10.4 waiting 52d | +10 Judgement | +9 age 4-5y,ADV-068,4.9
ST/2028/2022,KL-002028-2022,JUDGEMENT,2026-11-19,tentative,30.0,29.4,+10.4 waiting 52d | +10 Judgement | +9 age 4-5y,ADV-122,4.2
ST/2059/2021,KL-002059-2021,JUDGEMENT,2026-11-19,tentative,30.0,29.4,+10.4 waiting 52d | +10 Judgement | +9 age 4-5y,ADV-322,4.9
ST/2081/2021,KL-002081-2021,JUDGEMENT,2026-11-19,tentative,30.0,29.4,+10.4 waiting 52d | +10 Judgement | +9 age 4-5y,ADV-399,4.9
ST/1080/2022,KL-001080-2022,ARGUMENTS,2026-11-19,tentative,19.6,28.4,+10.4 waiting 52d | +9 age 4-5y | +9 Arguments,ADV-963,4.6
ST/1765/2021,KL-001765-2021,APPLICATION_REVIEW,2026-11-19,tentative,9.5,20.8,+15 age 5y+ | +5 Application Review | +0.8 waiting 4d | procedural share of the day,ADV-551,5.6
ST/1897/2021,KL-001897-2021,APPLICATION_REVIEW,2026-11-19,tentative,9.5,20.8,+15 age 5y+ | +5 Application Review | +0.8 waiting 4d | procedural share of the day,ADV-1072,5.6
ST/2199/2021,KL-002199-2021,APPLICATION_REVIEW,2026-11-19,tentative,9.5,20.8,+15 age 5y+ | +5 Application Review | +0.8 waiting 4d | procedural share of the day,ADV-717,5.6
ST/2247/2021,KL-002247-2021,APPLICATION_REVIEW,2026-11-19,tentative,9.5,20.8,+15 age 5y+ | +5 Application Review | +0.8 waiting 4d | procedural share of the day,ADV-737,5.6
ST/228/2021,KL-000228-2021,APPLICATION_REVIEW,2026-11-19,tentative,9.5,20.8,+15 age 5y+ | +5 Application Review | +0.8 waiting 4d | procedural share of the day,ADV-477,5.6
ST/2530/2021,KL-002530-2021,APPLICATION_REVIEW,2026-11-19,tentative,9.5,20.8,+15 age 5y+ | +5 Application Review | +0.8 waiting 4d | procedural share of the day,ADV-092,5.6
ST/2561/2021,KL-002561-2021,APPLICATION_REVIEW,2026-11-19,tentative,9.5,20.8,+15 age 5y+ | +5 Application Review | +0.8 waiting 4d | procedural share of the day,ADV-600,5.6
ST/2626/2021,KL-002626-2021,APPLICATION_REVIEW,2026-11-19,tentative,9.5,20.6,+15 age 5y+ | +5 Application Review | +0.6 waiting 3d | procedural share of the day,ADV-874,5.6
ST/2679/2021,KL-002679-2021,APPLICATION_REVIEW,2026-11-19,tentative,9.5,20.6,+15 age 5y+ | +5 Application Review | +0.6 waiting 3d | procedural share of the day,ADV-771,5.6
ST/2719/2021,KL-002719-2021,APPLICATION_REVIEW,2026-11-19,tentative,9.5,20.6,+15 age 5y+ | +5 Application Review | +0.6 waiting 3d | procedural share of the day,ADV-009,5.6
ST/2737/2021,KL-002737-2021,APPLICATION_REVIEW,2026-11-19,tentative,9.5,20.6,+15 age 5y+ | +5 Application Review | +0.6 waiting 3d | procedural share of the day,ADV-378,5.6
ST/288/2021,KL-000288-2021,APPLICATION_REVIEW,2026-11-19,tentative,9.5,20.6,+15 age 5y+ | +5 Application Review | +0.6 waiting 3d | procedural share of the day,ADV-253,5.6
ST/535/2021,KL-000535-2021,APPLICATION_REVIEW,2026-11-19,tentative,9.5,20.6,+15 age 5y+ | +5 Application Review | +0.6 waiting 3d | procedural share of the day,ADV-111,5.6
ST/1265/2017,KL-001265-2017,REPORTS,2026-11-19,tentative,3.2,20.0,+15 age 5y+ | +4 Reports | +1 waiting 5d | procedural share of the day,ADV-756,8.9
ST/1288/2017,KL-001288-2017,REPORTS,2026-11-19,tentative,3.2,20.0,+15 age 5y+ | +4 Reports | +1 waiting 5d | procedural share of the day,ADV-1017,8.9
ST/2122/2022,KL-002122-2022,JUDGEMENT,2026-11-20,tentative,30.0,29.6,+10.6 waiting 53d | +10 Judgement | +9 age 4-5y,ADV-779,4.2
ST/2134/2021,KL-002134-2021,JUDGEMENT,2026-11-20,tentative,30.0,29.6,+10.6 waiting 53d | +10 Judgement | +9 age 4-5y,ADV-052,4.9
ST/2165/2022,KL-002165-2022,JUDGEMENT,2026-11-20,tentative,30.0,29.6,+10.6 waiting 53d | +10 Judgement | +9 age 4-5y,ADV-448,4.2
ST/2214/2022,KL-002214-2022,JUDGEMENT,2026-11-20,tentative,30.0,29.6,+10.6 waiting 53d | +10 Judgement | +9 age 4-5y,ADV-774,4.1
ST/2215/2022,KL-002215-2022,JUDGEMENT,2026-11-20,tentative,30.0,29.6,+10.6 waiting 53d | +10 Judgement | +9 age 4-5y,ADV-1013,4.1
ST/2216/2021,KL-002216-2021,JUDGEMENT,2026-11-20,tentative,30.0,29.6,+10.6 waiting 53d | +10 Judgement | +9 age 4-5y,ADV-294,4.9
ST/2244/2022,KL-002244-2022,JUDGEMENT,2026-11-20,tentative,30.0,29.6,+10.6 waiting 53d | +10 Judgement | +9 age 4-5y,ADV-1210,4.1
ST/2269/2022,KL-002269-2022,JUDGEMENT,2026-11-20,tentative,30.0,29.6,+10.6 waiting 53d | +10 Judgement | +9 age 4-5y,ADV-881,4.1
ST/1086/2022,KL-001086-2022,ARGUMENTS,2026-11-20,tentative,19.6,28.6,+10.6 waiting 53d | +9 age 4-5y | +9 Arguments,ADV-797,4.6
ST/570/2021,KL-000570-2021,APPLICATION_REVIEW,2026-11-20,tentative,9.5,20.8,+15 age 5y+ | +5 Application Review | +0.8 waiting 4d | procedural share of the day,ADV-311,5.6
ST/597/2021,KL-000597-2021,APPLICATION_REVIEW,2026-11-20,tentative,9.5,20.8,+15 age 5y+ | +5 Application Review | +0.8 waiting 4d | procedural share of the day,ADV-428,5.6
ST/708/2021,KL-000708-2021,APPLICATION_REVIEW,2026-11-20,tentative,9.5,20.8,+15 age 5y+ | +5 Application Review | +0.8 waiting 4d | procedural share of the day,ADV-953,5.6
ST/922/2021,KL-000922-2021,APPLICATION_REVIEW,2026-11-20,tentative,9.5,20.8,+15 age 5y+ | +5 Application Review | +0.8 waiting 4d | procedural share of the day,ADV-775,5.6
ST/930/2021,KL-000930-2021,APPLICATION_REVIEW,2026-11-20,tentative,9.5,20.8,+15 age 5y+ | +5 Application Review | +0.8 waiting 4d | procedural share of the day,ADV-933,5.6
ST/978/2021,KL-000978-2021,APPLICATION_REVIEW,2026-11-20,tentative,9.5,20.8,+15 age 5y+ | +5 Application Review | +0.8 waiting 4d | procedural share of the day,ADV-1245,5.6
ST/205/2021,KL-000205-2021,APPLICATION_REVIEW,2026-11-20,tentative,9.5,20.6,+9 age 4-5y | +6.6 waiting 33d | +5 Application Review | procedural share of the day,ADV-378,4.8
ST/2128/2022,KL-002128-2022,APPLICATION_REVIEW,2026-11-20,tentative,9.5,20.4,+9 age 4-5y | +6.4 waiting 32d | +5 Application Review | procedural share of the day,ADV-651,4.0
ST/2179/2022,KL-002179-2022,APPLICATION_REVIEW,2026-11-20,tentative,9.5,20.4,+9 age 4-5y | +6.4 waiting 32d | +5 Application Review | procedural share of the day,ADV-110,4.0
ST/2180/2021,KL-002180-2021,APPLICATION_REVIEW,2026-11-20,tentative,9.5,20.4,+9 age 4-5y | +6.4 waiting 32d | +5 Application Review | procedural share of the day,ADV-507,4.8
ST/2205/2021,KL-002205-2021,APPLICATION_REVIEW,2026-11-20,tentative,9.5,20.4,+9 age 4-5y | +6.4 waiting 32d | +5 Application Review | procedural share of the day,ADV-659,4.8
ST/2206/2022,KL-002206-2022,APPLICATION_REVIEW,2026-11-20,tentative,9.5,20.4,+9 age 4-5y | +6.4 waiting 32d | +5 Application Review | procedural share of the day,ADV-576,4.3
ST/2217/2021,KL-002217-2021,APPLICATION_REVIEW,2026-11-20,tentative,9.5,20.4,+9 age 4-5y | +6.4 waiting 32d | +5 Application Review | procedural share of the day,ADV-992,4.8
ST/1291/2017,KL-001291-2017,REPORTS,2026-11-20,tentative,3.2,20.2,+15 age 5y+ | +4 Reports | +1.2 waiting 6d | procedural share of the day,ADV-086,8.9
ST/1301/2021,KL-001301-2021,REPORTS,2026-11-20,tentative,3.2,20.2,+15 age 5y+ | +4 Reports | +1.2 waiting 6d | procedural share of the day,ADV-349,5.5
ST/2288/2021,KL-002288-2021,JUDGEMENT,2026-11-23,tentative,30.0,30.200000000000003,+11.2 waiting 56d | +10 Judgement | +9 age 4-5y,ADV-1088,4.9
ST/2291/2021,KL-002291-2021,JUDGEMENT,2026-11-23,tentative,30.0,30.200000000000003,+11.2 waiting 56d | +10 Judgement | +9 age 4-5y,ADV-1044,4.9
ST/2326/2021,KL-002326-2021,JUDGEMENT,2026-11-23,tentative,30.0,30.200000000000003,+11.2 waiting 56d | +10 Judgement | +9 age 4-5y,ADV-497,4.9
ST/2334/2021,KL-002334-2021,JUDGEMENT,2026-11-23,tentative,30.0,30.200000000000003,+11.2 waiting 56d | +10 Judgement | +9 age 4-5y,ADV-1128,4.9
ST/2342/2021,KL-002342-2021,JUDGEMENT,2026-11-23,tentative,30.0,30.200000000000003,+11.2 waiting 56d | +10 Judgement | +9 age 4-5y,ADV-774,4.9
ST/2364/2022,KL-002364-2022,JUDGEMENT,2026-11-23,tentative,30.0,30.200000000000003,+11.2 waiting 56d | +10 Judgement | +9 age 4-5y,ADV-1076,4.1
ST/2372/2021,KL-002372-2021,JUDGEMENT,2026-11-23,tentative,30.0,30.200000000000003,+11.2 waiting 56d | +10 Judgement | +9 age 4-5y,ADV-932,4.9
ST/2374/2021,KL-002374-2021,JUDGEMENT,2026-11-23,tentative,30.0,30.200000000000003,+11.2 waiting 56d | +10 Judgement | +9 age 4-5y,ADV-301,4.9
ST/1097/2022,KL-001097-2022,ARGUMENTS,2026-11-23,tentative,19.6,29.200000000000003,+11.2 waiting 56d | +9 age 4-5y | +9 Arguments,ADV-676,4.6
ST/222/2021,KL-000222-2021,APPLICATION_REVIEW,2026-11-23,tentative,9.5,21.0,+9 age 4-5y | +7 waiting 35d | +5 Application Review | procedural share of the day,ADV-319,4.8
ST/2236/2022,KL-002236-2022,APPLICATION_REVIEW,2026-11-23,tentative,9.5,21.0,+9 age 4-5y | +7 waiting 35d | +5 Application Review | procedural share of the day,ADV-1085,4.3
ST/2243/2021,KL-002243-2021,APPLICATION_REVIEW,2026-11-23,tentative,9.5,21.0,+9 age 4-5y | +7 waiting 35d | +5 Application Review | procedural share of the day,ADV-1146,4.8
ST/2257/2022,KL-002257-2022,APPLICATION_REVIEW,2026-11-23,tentative,9.5,21.0,+9 age 4-5y | +7 waiting 35d | +5 Application Review | procedural share of the day,ADV-076,4.3
ST/2337/2021,KL-002337-2021,APPLICATION_REVIEW,2026-11-23,tentative,9.5,21.0,+9 age 4-5y | +7 waiting 35d | +5 Application Review | procedural share of the day,ADV-932,4.8
ST/2359/2022,KL-002359-2022,APPLICATION_REVIEW,2026-11-23,tentative,9.5,21.0,+9 age 4-5y | +7 waiting 35d | +5 Application Review | procedural share of the day,ADV-084,4.0
ST/2391/2021,KL-002391-2021,APPLICATION_REVIEW,2026-11-23,tentative,9.5,21.0,+9 age 4-5y | +7 waiting 35d | +5 Application Review | procedural share of the day,ADV-226,4.8
ST/1308/2017,KL-001308-2017,REPORTS,2026-11-23,tentative,3.2,20.8,+15 age 5y+ | +4 Reports | +1.8 waiting 9d | procedural share of the day,ADV-1008,8.9
ST/1336/2017,KL-001336-2017,REPORTS,2026-11-23,tentative,3.2,20.8,+15 age 5y+ | +4 Reports | +1.8 waiting 9d | procedural share of the day,ADV-537,9.6
ST/1346/2017,KL-001346-2017,REPORTS,2026-11-23,tentative,3.2,20.8,+15 age 5y+ | +4 Reports | +1.8 waiting 9d | procedural share of the day,ADV-634,9.6
ST/1378/2021,KL-001378-2021,REPORTS,2026-11-23,tentative,3.2,20.8,+15 age 5y+ | +4 Reports | +1.8 waiting 9d | procedural share of the day,ADV-332,5.5
ST/1386/2017,KL-001386-2017,REPORTS,2026-11-23,tentative,3.2,20.8,+15 age 5y+ | +4 Reports | +1.8 waiting 9d | procedural share of the day,ADV-909,8.9
ST/1422/2017,KL-001422-2017,REPORTS,2026-11-23,tentative,3.2,20.8,+15 age 5y+ | +4 Reports | +1.8 waiting 9d | procedural share of the day,ADV-1260,9.6
ST/145/2017,KL-000145-2017,REPORTS,2026-11-23,tentative,3.2,20.8,+15 age 5y+ | +4 Reports | +1.8 waiting 9d | procedural share of the day,ADV-962,9.6
ST/1479/2017,KL-001479-2017,REPORTS,2026-11-23,tentative,3.2,20.8,+15 age 5y+ | +4 Reports | +1.8 waiting 9d | procedural share of the day,ADV-1096,8.9
ST/148/2017,KL-000148-2017,REPORTS,2026-11-23,tentative,3.2,20.8,+15 age 5y+ | +4 Reports | +1.8 waiting 9d | procedural share of the day,ADV-1055,8.9
ST/1503/2020,KL-001503-2020,REPORTS,2026-11-23,tentative,3.2,20.8,+15 age 5y+ | +4 Reports | +1.8 waiting 9d | procedural share of the day,ADV-1257,6.6
ST/1512/2020,KL-001512-2020,REPORTS,2026-11-23,tentative,3.2,20.8,+15 age 5y+ | +4 Reports | +1.8 waiting 9d | procedural share of the day,ADV-658,6.6
ST/1545/2017,KL-001545-2017,REPORTS,2026-11-23,tentative,3.2,20.8,+15 age 5y+ | +4 Reports | +1.8 waiting 9d | procedural share of the day,ADV-563,8.9
ST/1559/2017,KL-001559-2017,REPORTS,2026-11-23,tentative,3.2,20.8,+15 age 5y+ | +4 Reports | +1.8 waiting 9d | procedural share of the day,ADV-946,9.6
ST/1609/2017,KL-001609-2017,REPORTS,2026-11-23,tentative,3.2,20.8,+15 age 5y+ | +4 Reports | +1.8 waiting 9d | procedural share of the day,ADV-1100,8.9
ST/161/2017,KL-000161-2017,REPORTS,2026-11-23,tentative,3.2,20.8,+15 age 5y+ | +4 Reports | +1.8 waiting 9d | procedural share of the day,ADV-150,9.6
ST/1620/2017,KL-001620-2017,REPORTS,2026-11-23,tentative,3.2,20.8,+15 age 5y+ | +4 Reports | +1.8 waiting 9d | procedural share of the day,ADV-1132,9.6
ST/1626/2017,KL-001626-2017,REPORTS,2026-11-23,tentative,3.2,20.8,+15 age 5y+ | +4 Reports | +1.8 waiting 9d | procedural share of the day,ADV-485,9.6
ST/1656/2017,KL-001656-2017,REPORTS,2026-11-23,tentative,3.2,20.8,+15 age 5y+ | +4 Reports | +1.8 waiting 9d | procedural share of the day,ADV-250,8.9
ST/1667/2021,KL-001667-2021,REPORTS,2026-11-23,tentative,3.2,20.8,+15 age 5y+ | +4 Reports | +1.8 waiting 9d | procedural share of the day,ADV-387,5.5
ST/1674/2021,KL-001674-2021,REPORTS,2026-11-23,tentative,3.2,20.8,+15 age 5y+ | +4 Reports | +1.8 waiting 9d | procedural share of the day,ADV-1094,5.5
ST/2358/2017,KL-002358-2017,JUDGEMENT,2026-11-24,tentative,30.0,30.4,+15 age 5y+ | +10 Judgement | +5.4 waiting 27d,ADV-940,9.3
ST/2367/2017,KL-002367-2017,JUDGEMENT,2026-11-24,tentative,30.0,30.4,+15 age 5y+ | +10 Judgement | +5.4 waiting 27d,ADV-109,9.2
ST/2384/2021,KL-002384-2021,JUDGEMENT,2026-11-24,tentative,30.0,30.4,+11.4 waiting 57d | +10 Judgement | +9 age 4-5y,ADV-481,4.9
ST/2387/2022,KL-002387-2022,JUDGEMENT,2026-11-24,tentative,30.0,30.4,+11.4 waiting 57d | +10 Judgement | +9 age 4-5y,ADV-297,4.2
ST/2389/2022,KL-002389-2022,JUDGEMENT,2026-11-24,tentative,30.0,30.4,+11.4 waiting 57d | +10 Judgement | +9 age 4-5y,ADV-625,4.2
ST/2406/2021,KL-002406-2021,JUDGEMENT,2026-11-24,tentative,30.0,30.4,+11.4 waiting 57d | +10 Judgement | +9 age 4-5y,ADV-489,4.9
ST/2411/2016,KL-002411-2016,JUDGEMENT,2026-11-24,tentative,30.0,30.4,+15 age 5y+ | +10 Judgement | +5.4 waiting 27d,ADV-028,9.9
ST/2424/2021,KL-002424-2021,JUDGEMENT,2026-11-24,tentative,30.0,30.4,+11.4 waiting 57d | +10 Judgement | +9 age 4-5y,ADV-312,4.9
ST/1268/2021,KL-001268-2021,ARGUMENTS,2026-11-24,tentative,19.6,29.4,+11.4 waiting 57d | +9 age 4-5y | +9 Arguments,ADV-1170,4.8
ST/1790/2021,KL-001790-2021,REPORTS,2026-11-24,tentative,3.2,21.0,+15 age 5y+ | +4 Reports | +2 waiting 10d | procedural share of the day,ADV-750,5.5
ST/1817/2017,KL-001817-2017,REPORTS,2026-11-24,tentative,3.2,21.0,+15 age 5y+ | +4 Reports | +2 waiting 10d | procedural share of the day,ADV-1100,8.9
ST/1839/2020,KL-001839-2020,REPORTS,2026-11-24,tentative,3.2,21.0,+15 age 5y+ | +4 Reports | +2 waiting 10d | procedural share of the day,ADV-1072,6.6
ST/1877/2017,KL-001877-2017,REPORTS,2026-11-24,tentative,3.2,21.0,+15 age 5y+ | +4 Reports | +2 waiting 10d | procedural share of the day,ADV-520,8.9
ST/189/2017,KL-000189-2017,REPORTS,2026-11-24,tentative,3.2,21.0,+15 age 5y+ | +4 Reports | +2 waiting 10d | procedural share of the day,ADV-075,8.9
ST/1984/2021,KL-001984-2021,REPORTS,2026-11-24,tentative,3.2,21.0,+15 age 5y+ | +4 Reports | +2 waiting 10d | procedural share of the day,ADV-507,5.5
ST/1995/2021,KL-001995-2021,REPORTS,2026-11-24,tentative,3.2,21.0,+15 age 5y+ | +4 Reports | +2 waiting 10d | procedural share of the day,ADV-810,5.5
ST/1998/2017,KL-001998-2017,REPORTS,2026-11-24,tentative,3.2,21.0,+15 age 5y+ | +4 Reports | +2 waiting 10d | procedural share of the day,ADV-1033,9.6
ST/2046/2017,KL-002046-2017,REPORTS,2026-11-24,tentative,3.2,21.0,+15 age 5y+ | +4 Reports | +2 waiting 10d | procedural share of the day,ADV-464,9.6
ST/2049/2021,KL-002049-2021,REPORTS,2026-11-24,tentative,3.2,21.0,+15 age 5y+ | +4 Reports | +2 waiting 10d | procedural share of the day,ADV-368,5.5
ST/2099/2021,KL-002099-2021,REPORTS,2026-11-24,tentative,3.2,21.0,+15 age 5y+ | +4 Reports | +2 waiting 10d | procedural share of the day,ADV-1182,5.5
ST/2173/2017,KL-002173-2017,REPORTS,2026-11-24,tentative,3.2,21.0,+15 age 5y+ | +4 Reports | +2 waiting 10d | procedural share of the day,ADV-1093,9.6
ST/2175/2017,KL-002175-2017,REPORTS,2026-11-24,tentative,3.2,21.0,+15 age 5y+ | +4 Reports | +2 waiting 10d | procedural share of the day,ADV-258,8.9
ST/2209/2017,KL-002209-2017,REPORTS,2026-11-24,tentative,3.2,21.0,+15 age 5y+ | +4 Reports | +2 waiting 10d | procedural share of the day,ADV-619,8.9
ST/240/2022,KL-000240-2022,APPLICATION_REVIEW,2026-11-24,tentative,9.5,21.0,+9 age 4-5y | +7 waiting 35d | +5 Application Review | procedural share of the day,ADV-049,4.0
ST/2435/2021,KL-002435-2021,APPLICATION_REVIEW,2026-11-24,tentative,9.5,21.0,+9 age 4-5y | +7 waiting 35d | +5 Application Review | procedural share of the day,ADV-663,4.8
ST/245/2022,KL-000245-2022,APPLICATION_REVIEW,2026-11-24,tentative,9.5,21.0,+9 age 4-5y | +7 waiting 35d | +5 Application Review | procedural share of the day,ADV-919,4.0
ST/2507/2021,KL-002507-2021,APPLICATION_REVIEW,2026-11-24,tentative,9.5,21.0,+9 age 4-5y | +7 waiting 35d | +5 Application Review | procedural share of the day,ADV-137,4.8
ST/2547/2022,KL-002547-2022,APPLICATION_REVIEW,2026-11-24,tentative,9.5,21.0,+9 age 4-5y | +7 waiting 35d | +5 Application Review | procedural share of the day,ADV-195,4.3
ST/2557/2022,KL-002557-2022,APPLICATION_REVIEW,2026-11-24,tentative,9.5,21.0,+9 age 4-5y | +7 waiting 35d | +5 Application Review | procedural share of the day,ADV-128,4.3
ST/2578/2021,KL-002578-2021,APPLICATION_REVIEW,2026-11-24,tentative,9.5,21.0,+9 age 4-5y | +7 waiting 35d | +5 Application Review | procedural share of the day,ADV-1179,4.8
ST/261/2022,KL-000261-2022,APPLICATION_REVIEW,2026-11-24,tentative,9.5,21.0,+9 age 4-5y | +7 waiting 35d | +5 Application Review | procedural share of the day,ADV-549,4.3
ST/2645/2021,KL-002645-2021,APPLICATION_REVIEW,2026-11-24,tentative,9.5,21.0,+9 age 4-5y | +7 waiting 35d | +5 Application Review | procedural share of the day,ADV-769,4.8
ST/2444/2017,KL-002444-2017,JUDGEMENT,2026-11-25,tentative,30.0,30.6,+15 age 5y+ | +10 Judgement | +5.6 waiting 28d,ADV-1018,9.3
ST/2462/2017,KL-002462-2017,JUDGEMENT,2026-11-25,tentative,30.0,30.6,+15 age 5y+ | +10 Judgement | +5.6 waiting 28d,ADV-004,9.3
ST/2470/2017,KL-002470-2017,JUDGEMENT,2026-11-25,tentative,30.0,30.6,+15 age 5y+ | +10 Judgement | +5.6 waiting 28d,ADV-343,9.3
ST/2506/2022,KL-002506-2022,JUDGEMENT,2026-11-25,tentative,30.0,30.6,+11.6 waiting 58d | +10 Judgement | +9 age 4-5y,ADV-1056,4.1
ST/2539/2016,KL-002539-2016,JUDGEMENT,2026-11-25,tentative,30.0,30.6,+15 age 5y+ | +10 Judgement | +5.6 waiting 28d,ADV-1029,9.9
ST/2543/2022,KL-002543-2022,JUDGEMENT,2026-11-25,tentative,30.0,30.6,+11.6 waiting 58d | +10 Judgement | +9 age 4-5y,ADV-378,4.2
ST/2546/2021,KL-002546-2021,JUDGEMENT,2026-11-25,tentative,30.0,30.6,+11.6 waiting 58d | +10 Judgement | +9 age 4-5y,ADV-1119,4.9
ST/2553/2017,KL-002553-2017,JUDGEMENT,2026-11-25,tentative,30.0,30.6,+15 age 5y+ | +10 Judgement | +5.6 waiting 28d,ADV-827,9.3
ST/1650/2022,KL-001650-2022,ARGUMENTS,2026-11-25,tentative,19.6,29.6,+11.6 waiting 58d | +9 age 4-5y | +9 Arguments,ADV-332,4.6
ST/2671/2022,KL-002671-2022,APPLICATION_REVIEW,2026-11-25,tentative,9.5,21.2,+9 age 4-5y | +7.2 waiting 36d | +5 Application Review | procedural share of the day,ADV-446,4.3
ST/2702/2022,KL-002702-2022,APPLICATION_REVIEW,2026-11-25,tentative,9.5,21.2,+9 age 4-5y | +7.2 waiting 36d | +5 Application Review | procedural share of the day,ADV-480,4.3
ST/2721/2022,KL-002721-2022,APPLICATION_REVIEW,2026-11-25,tentative,9.5,21.2,+9 age 4-5y | +7.2 waiting 36d | +5 Application Review | procedural share of the day,ADV-1235,4.0
ST/2725/2022,KL-002725-2022,APPLICATION_REVIEW,2026-11-25,tentative,9.5,21.2,+9 age 4-5y | +7.2 waiting 36d | +5 Application Review | procedural share of the day,ADV-271,4.3
ST/2801/2022,KL-002801-2022,APPLICATION_REVIEW,2026-11-25,tentative,9.5,21.2,+9 age 4-5y | +7.2 waiting 36d | +5 Application Review | procedural share of the day,ADV-157,4.3
ST/2218/2017,KL-002218-2017,REPORTS,2026-11-25,tentative,3.2,21.0,+15 age 5y+ | +4 Reports | +2 waiting 10d | procedural share of the day,ADV-840,9.6
ST/2241/2020,KL-002241-2020,REPORTS,2026-11-25,tentative,3.2,21.0,+15 age 5y+ | +4 Reports | +2 waiting 10d | procedural share of the day,ADV-443,6.6
ST/2260/2017,KL-002260-2017,REPORTS,2026-11-25,tentative,3.2,21.0,+15 age 5y+ | +4 Reports | +2 waiting 10d | procedural share of the day,ADV-305,9.6
ST/2262/2017,KL-002262-2017,REPORTS,2026-11-25,tentative,3.2,21.0,+15 age 5y+ | +4 Reports | +2 waiting 10d | procedural share of the day,ADV-104,9.6
ST/2293/2017,KL-002293-2017,REPORTS,2026-11-25,tentative,3.2,21.0,+15 age 5y+ | +4 Reports | +2 waiting 10d | procedural share of the day,ADV-428,8.9
ST/2299/2020,KL-002299-2020,REPORTS,2026-11-25,tentative,3.2,21.0,+15 age 5y+ | +4 Reports | +2 waiting 10d | procedural share of the day,ADV-215,6.6
ST/2315/2020,KL-002315-2020,REPORTS,2026-11-25,tentative,3.2,21.0,+15 age 5y+ | +4 Reports | +2 waiting 10d | procedural share of the day,ADV-516,6.6
ST/234/2021,KL-000234-2021,REPORTS,2026-11-25,tentative,3.2,21.0,+15 age 5y+ | +4 Reports | +2 waiting 10d | procedural share of the day,ADV-006,5.5
ST/2348/2021,KL-002348-2021,REPORTS,2026-11-25,tentative,3.2,21.0,+15 age 5y+ | +4 Reports | +2 waiting 10d | procedural share of the day,ADV-595,5.5
ST/2352/2021,KL-002352-2021,REPORTS,2026-11-25,tentative,3.2,21.0,+15 age 5y+ | +4 Reports | +2 waiting 10d | procedural share of the day,ADV-632,5.5
ST/2362/2021,KL-002362-2021,REPORTS,2026-11-25,tentative,3.2,21.0,+15 age 5y+ | +4 Reports | +2 waiting 10d | procedural share of the day,ADV-1009,5.5
ST/2365/2021,KL-002365-2021,REPORTS,2026-11-25,tentative,3.2,21.0,+15 age 5y+ | +4 Reports | +2 waiting 10d | procedural share of the day,ADV-345,5.5
ST/2376/2017,KL-002376-2017,REPORTS,2026-11-25,tentative,3.2,21.0,+15 age 5y+ | +4 Reports | +2 waiting 10d | procedural share of the day,ADV-846,9.6
ST/2394/2020,KL-002394-2020,REPORTS,2026-11-25,tentative,3.2,21.0,+15 age 5y+ | +4 Reports | +2 waiting 10d | procedural share of the day,ADV-1033,6.6
ST/2422/2021,KL-002422-2021,REPORTS,2026-11-25,tentative,3.2,21.0,+15 age 5y+ | +4 Reports | +2 waiting 10d | procedural share of the day,ADV-1225,5.5
ST/2429/2021,KL-002429-2021,REPORTS,2026-11-25,tentative,3.2,21.0,+15 age 5y+ | +4 Reports | +2 waiting 10d | procedural share of the day,ADV-038,5.5
ST/247/2021,KL-000247-2021,REPORTS,2026-11-25,tentative,3.2,21.0,+15 age 5y+ | +4 Reports | +2 waiting 10d | procedural share of the day,ADV-968,5.5
ST/2503/2021,KL-002503-2021,REPORTS,2026-11-25,tentative,3.2,21.0,+15 age 5y+ | +4 Reports | +2 waiting 10d | procedural share of the day,ADV-045,5.5
ST/2514/2021,KL-002514-2021,REPORTS,2026-11-25,tentative,3.2,21.0,+15 age 5y+ | +4 Reports | +2 waiting 10d | procedural share of the day,ADV-1096,5.5
ST/2520/2017,KL-002520-2017,REPORTS,2026-11-25,tentative,3.2,21.0,+15 age 5y+ | +4 Reports | +2 waiting 10d | procedural share of the day,ADV-662,9.6
ST/2605/2021,KL-002605-2021,REPORTS,2026-11-25,tentative,3.2,21.0,+15 age 5y+ | +4 Reports | +2 waiting 10d | procedural share of the day,ADV-768,5.5
ST/2606/2021,KL-002606-2021,REPORTS,2026-11-25,tentative,3.2,21.0,+15 age 5y+ | +4 Reports | +2 waiting 10d | procedural share of the day,ADV-078,5.5
ST/2617/2017,KL-002617-2017,REPORTS,2026-11-25,tentative,3.2,21.0,+15 age 5y+ | +4 Reports | +2 waiting 10d | procedural share of the day,ADV-1005,9.6
ST/2641/2017,KL-002641-2017,REPORTS,2026-11-25,tentative,3.2,21.0,+15 age 5y+ | +4 Reports | +2 waiting 10d | procedural share of the day,ADV-949,8.9
ST/2703/2020,KL-002703-2020,REPORTS,2026-11-25,tentative,3.2,21.0,+15 age 5y+ | +4 Reports | +2 waiting 10d | procedural share of the day,ADV-350,6.6
ST/2747/2020,KL-002747-2020,REPORTS,2026-11-25,tentative,3.2,21.0,+15 age 5y+ | +4 Reports | +2 waiting 10d | procedural share of the day,ADV-546,6.6
ST/2574/2021,KL-002574-2021,JUDGEMENT,2026-11-26,tentative,30.0,30.8,+11.8 waiting 59d | +10 Judgement | +9 age 4-5y,ADV-866,4.9
ST/2610/2021,KL-002610-2021,JUDGEMENT,2026-11-26,tentative,30.0,30.8,+11.8 waiting 59d | +10 Judgement | +9 age 4-5y,ADV-150,4.9
ST/2622/2021,KL-002622-2021,JUDGEMENT,2026-11-26,tentative,30.0,30.8,+11.8 waiting 59d | +10 Judgement | +9 age 4-5y,ADV-057,4.9
ST/2681/2022,KL-002681-2022,JUDGEMENT,2026-11-26,tentative,30.0,30.8,+11.8 waiting 59d | +10 Judgement | +9 age 4-5y,ADV-240,4.1
ST/2700/2022,KL-002700-2022,JUDGEMENT,2026-11-26,tentative,30.0,30.8,+11.8 waiting 59d | +10 Judgement | +9 age 4-5y,ADV-475,4.1
ST/2723/2022,KL-002723-2022,JUDGEMENT,2026-11-26,tentative,30.0,30.8,+11.8 waiting 59d | +10 Judgement | +9 age 4-5y,ADV-862,4.1
ST/274/2022,KL-000274-2022,JUDGEMENT,2026-11-26,tentative,30.0,30.8,+11.8 waiting 59d | +10 Judgement | +9 age 4-5y,ADV-509,4.2
ST/2770/2022,KL-002770-2022,JUDGEMENT,2026-11-26,tentative,30.0,30.8,+11.8 waiting 59d | +10 Judgement | +9 age 4-5y,ADV-691,4.2
ST/1659/2022,KL-001659-2022,ARGUMENTS,2026-11-26,tentative,19.6,29.8,+11.8 waiting 59d | +9 age 4-5y | +9 Arguments,ADV-530,4.6
ST/2755/2017,KL-002755-2017,REPORTS,2026-11-26,tentative,3.2,21.2,+15 age 5y+ | +4 Reports | +2.2 waiting 11d | procedural share of the day,ADV-182,9.6
ST/2768/2017,KL-002768-2017,REPORTS,2026-11-26,tentative,3.2,21.2,+15 age 5y+ | +4 Reports | +2.2 waiting 11d | procedural share of the day,ADV-415,9.6
ST/2809/2022,KL-002809-2022,APPLICATION_REVIEW,2026-11-26,tentative,9.5,21.2,+9 age 4-5y | +7.2 waiting 36d | +5 Application Review | procedural share of the day,ADV-608,4.3
ST/2829/2022,KL-002829-2022,APPLICATION_REVIEW,2026-11-26,tentative,9.5,21.2,+9 age 4-5y | +7.2 waiting 36d | +5 Application Review | procedural share of the day,ADV-149,4.0
ST/2832/2022,KL-002832-2022,APPLICATION_REVIEW,2026-11-26,tentative,9.5,21.2,+9 age 4-5y | +7.2 waiting 36d | +5 Application Review | procedural share of the day,ADV-196,4.3
ST/2845/2021,KL-002845-2021,APPLICATION_REVIEW,2026-11-26,tentative,9.5,21.2,+9 age 4-5y | +7.2 waiting 36d | +5 Application Review | procedural share of the day,ADV-1101,4.8
ST/2846/2021,KL-002846-2021,APPLICATION_REVIEW,2026-11-26,tentative,9.5,21.2,+9 age 4-5y | +7.2 waiting 36d | +5 Application Review | procedural share of the day,ADV-203,4.8
ST/2882/2017,KL-002882-2017,REPORTS,2026-11-26,tentative,3.2,21.2,+15 age 5y+ | +4 Reports | +2.2 waiting 11d | procedural share of the day,ADV-1244,8.9
ST/2898/2022,KL-002898-2022,APPLICATION_REVIEW,2026-11-26,tentative,9.5,21.2,+9 age 4-5y | +7.2 waiting 36d | +5 Application Review | procedural share of the day,ADV-1207,4.0
ST/2899/2022,KL-002899-2022,APPLICATION_REVIEW,2026-11-26,tentative,9.5,21.2,+9 age 4-5y | +7.2 waiting 36d | +5 Application Review | procedural share of the day,ADV-819,4.3
ST/2907/2022,KL-002907-2022,APPLICATION_REVIEW,2026-11-26,tentative,9.5,21.2,+9 age 4-5y | +7.2 waiting 36d | +5 Application Review | procedural share of the day,ADV-591,4.0
ST/2914/2020,KL-002914-2020,REPORTS,2026-11-26,tentative,3.2,21.2,+15 age 5y+ | +4 Reports | +2.2 waiting 11d | procedural share of the day,ADV-198,6.6
ST/2917/2022,KL-002917-2022,APPLICATION_REVIEW,2026-11-26,tentative,9.5,21.2,+9 age 4-5y | +7.2 waiting 36d | +5 Application Review | procedural share of the day,ADV-410,4.0
ST/2936/2020,KL-002936-2020,REPORTS,2026-11-26,tentative,3.2,21.2,+15 age 5y+ | +4 Reports | +2.2 waiting 11d | procedural share of the day,ADV-358,6.6
ST/2956/2017,KL-002956-2017,REPORTS,2026-11-26,tentative,3.2,21.2,+15 age 5y+ | +4 Reports | +2.2 waiting 11d | procedural share of the day,ADV-895,9.6
ST/2968/2020,KL-002968-2020,REPORTS,2026-11-26,tentative,3.2,21.2,+15 age 5y+ | +4 Reports | +2.2 waiting 11d | procedural share of the day,ADV-764,6.6
ST/2991/2021,KL-002991-2021,APPLICATION_REVIEW,2026-11-26,tentative,9.5,21.2,+9 age 4-5y | +7.2 waiting 36d | +5 Application Review | procedural share of the day,ADV-063,4.8
ST/31/2021,KL-000031-2021,APPLICATION_REVIEW,2026-11-26,tentative,9.5,21.2,+9 age 4-5y | +7.2 waiting 36d | +5 Application Review | procedural share of the day,ADV-923,4.8
ST/32/2020,KL-000032-2020,REPORTS,2026-11-26,tentative,3.2,21.2,+15 age 5y+ | +4 Reports | +2.2 waiting 11d | procedural share of the day,ADV-344,6.6
