Case Number,Filing Number,Hearing Type,Hearing Date,window_start,window_end,est_start,est_end,advocate_id,case_age_years,reason,status
ST/129/2021,KL-000129-2021,APPLICATION_REVIEW,2026-09-24,10:00,10:10,10:00,10:10,ADV-636,5.63,"Application review likely to proceed (85%), 5.6 years old",MOVED_FORWARD
ST/228/2021,KL-000228-2021,APPLICATION_REVIEW,2026-09-24,10:10,10:19,10:10,10:20,ADV-477,5.63,"Application review likely to proceed (85%), 5.6 years old",MOVED_FORWARD
ST/288/2021,KL-000288-2021,APPLICATION_REVIEW,2026-09-24,10:19,10:29,10:19,10:29,ADV-253,5.63,"Application review likely to proceed (85%), 5.6 years old",MOVED_FORWARD
ST/535/2021,KL-000535-2021,APPLICATION_REVIEW,2026-09-24,10:29,10:39,10:29,10:39,ADV-111,5.63,"Application review likely to proceed (85%), 5.6 years old",MOVED_FORWARD
ST/97/2017,KL-000097-2017,REPORTS,2026-09-24,10:39,10:43,10:39,10:49,ADV-221,8.85,"8.8 years old, close to disposal (judgement stage)",ADJOURNED
ST/136/2017,KL-000136-2017,EVIDENCE_ACCUSED,2026-09-24,10:43,10:51,10:43,11:13,ADV-020,9.11,"9.1 years old, close to disposal (defence evidence stage)",ADJOURNED
ST/190/2017,KL-000190-2017,EVIDENCE_ACCUSED,2026-09-24,10:51,11:00,10:51,11:21,ADV-1051,9.11,"9.1 years old, close to disposal (defence evidence stage)",ADJOURNED
ST/226/2017,KL-000226-2017,EVIDENCE_ACCUSED,2026-09-24,11:00,11:08,11:00,11:30,ADV-973,9.11,"9.1 years old, close to disposal (defence evidence stage)",ADJOURNED
ST/239/2017,KL-000239-2017,EVIDENCE_ACCUSED,2026-09-24,11:08,11:17,11:08,11:38,ADV-1113,9.11,"9.1 years old, close to disposal (defence evidence stage)",ADJOURNED
ST/307/2017,KL-000307-2017,EVIDENCE_ACCUSED,2026-09-24,11:17,11:25,11:17,11:47,ADV-348,9.11,"9.1 years old, close to disposal (defence evidence stage)",ADJOURNED
ST/333/2017,KL-000333-2017,EVIDENCE_ACCUSED,2026-09-24,11:25,11:34,11:25,11:55,ADV-313,9.11,"9.1 years old, close to disposal (defence evidence stage)",ADJOURNED
ST/442/2017,KL-000442-2017,EVIDENCE_ACCUSED,2026-09-24,11:34,11:42,11:34,12:04,ADV-031,9.11,"9.1 years old, close to disposal (defence evidence stage)",MOVED_FORWARD
ST/802/2017,KL-000802-2017,EVIDENCE_ACCUSED,2026-09-24,11:42,11:51,11:42,12:12,ADV-733,9.11,"9.1 years old, close to disposal (defence evidence stage)",ADJOURNED
ST/928/2017,KL-000928-2017,EVIDENCE_ACCUSED,2026-09-24,11:51,11:59,11:51,12:21,ADV-194,9.11,"9.1 years old, close to disposal (defence evidence stage)",ADJOURNED
ST/952/2017,KL-000952-2017,EVIDENCE_ACCUSED,2026-09-24,11:59,12:08,11:59,12:29,ADV-277,9.11,"9.1 years old, close to disposal (defence evidence stage)",ADJOURNED
ST/18/2018,KL-000018-2018,JUDGEMENT,2026-09-24,12:08,12:40,12:08,12:38,ADV-272,8.29,"8.3 years old, judgement likely to proceed (99%)",DISPOSED
ST/74/2018,KL-000074-2018,JUDGEMENT,2026-09-24,12:40,13:12,12:40,13:10,ADV-986,8.29,"8.3 years old, judgement likely to proceed (99%)",DISPOSED
ST/157/2018,KL-000157-2018,JUDGEMENT,2026-09-24,13:12,13:30,13:12,13:42,ADV-971,8.29,"8.3 years old, judgement likely to proceed (99%)",DISPOSED
ST/221/2018,KL-000221-2018,JUDGEMENT,2026-09-24,14:00,14:32,14:00,14:30,ADV-882,8.29,"8.3 years old, judgement likely to proceed (99%)",DISPOSED
ST/386/2018,KL-000386-2018,JUDGEMENT,2026-09-24,14:32,15:05,14:32,15:02,ADV-311,8.29,"8.3 years old, judgement likely to proceed (99%)",DISPOSED
ST/418/2018,KL-000418-2018,JUDGEMENT,2026-09-24,15:05,15:37,15:05,15:35,ADV-1104,8.29,"8.3 years old, judgement likely to proceed (99%)",DISPOSED
ST/436/2018,KL-000436-2018,JUDGEMENT,2026-09-24,15:37,16:09,15:37,16:07,ADV-765,8.29,"8.3 years old, judgement likely to proceed (99%)",DISPOSED
ST/705/2018,KL-000705-2018,JUDGEMENT,2026-09-24,16:09,16:42,16:09,16:39,ADV-1191,8.29,"8.3 years old, judgement likely to proceed (99%)",DISPOSED
ST/759/2018,KL-000759-2018,JUDGEMENT,2026-09-24,16:42,17:14,16:42,17:12,ADV-102,8.29,"8.3 years old, judgement likely to proceed (99%)",DISPOSED
ST/570/2021,KL-000570-2021,APPLICATION_REVIEW,2026-09-25,10:00,10:10,10:00,10:10,ADV-311,5.63,"Application review likely to proceed (85%), 5.6 years old",MOVED_FORWARD
ST/597/2021,KL-000597-2021,APPLICATION_REVIEW,2026-09-25,10:10,10:19,10:10,10:20,ADV-428,5.63,"Application review likely to proceed (85%), 5.6 years old",ADJOURNED
ST/708/2021,KL-000708-2021,APPLICATION_REVIEW,2026-09-25,10:19,10:29,10:19,10:29,ADV-953,5.63,"Application review likely to proceed (85%), 5.6 years old",ADJOURNED
ST/922/2021,KL-000922-2021,APPLICATION_REVIEW,2026-09-25,10:29,10:39,10:29,10:39,ADV-775,5.63,"Application review likely to proceed (85%), 5.6 years old",ADJOURNED
ST/930/2021,KL-000930-2021,APPLICATION_REVIEW,2026-09-25,10:39,10:49,10:39,10:49,ADV-933,5.63,"Application review likely to proceed (85%), 5.6 years old",MOVED_FORWARD
ST/1105/2017,KL-001105-2017,EVIDENCE_ACCUSED,2026-09-25,10:49,10:57,10:49,11:19,ADV-099,9.12,"9.1 years old, close to disposal (defence evidence stage)",ADJOURNED
ST/1155/2017,KL-001155-2017,EVIDENCE_ACCUSED,2026-09-25,10:57,11:06,10:57,11:27,ADV-286,9.12,"9.1 years old, close to disposal (defence evidence stage)",ADJOURNED
ST/1186/2017,KL-001186-2017,EVIDENCE_ACCUSED,2026-09-25,11:06,11:14,11:06,11:36,ADV-721,9.12,"9.1 years old, close to disposal (defence evidence stage)",ADJOURNED
ST/1367/2017,KL-001367-2017,EVIDENCE_ACCUSED,2026-09-25,11:14,11:23,11:14,11:44,ADV-210,9.12,"9.1 years old, close to disposal (defence evidence stage)",MOVED_FORWARD
ST/1391/2017,KL-001391-2017,EVIDENCE_ACCUSED,2026-09-25,11:23,11:31,11:23,11:53,ADV-228,9.12,"9.1 years old, close to disposal (defence evidence stage)",ADJOURNED
ST/1476/2017,KL-001476-2017,EVIDENCE_ACCUSED,2026-09-25,11:31,11:39,11:31,12:01,ADV-404,9.12,"9.1 years old, close to disposal (defence evidence stage)",ADJOURNED
ST/1601/2017,KL-001601-2017,EVIDENCE_ACCUSED,2026-09-25,11:39,11:48,11:39,12:09,ADV-1246,9.12,"9.1 years old, close to disposal (defence evidence stage)",ADJOURNED
ST/1779/2017,KL-001779-2017,EVIDENCE_ACCUSED,2026-09-25,11:48,11:56,11:48,12:18,ADV-135,9.12,"9.1 years old, close to disposal (defence evidence stage)",ADJOURNED
ST/1823/2017,KL-001823-2017,EVIDENCE_ACCUSED,2026-09-25,11:56,12:05,11:56,12:26,ADV-1145,9.12,"9.1 years old, close to disposal (defence evidence stage)",ADJOURNED
ST/1838/2017,KL-001838-2017,EVIDENCE_ACCUSED,2026-09-25,12:05,12:13,12:05,12:35,ADV-085,9.12,"9.1 years old, close to disposal (defence evidence stage)",ADJOURNED
ST/2021/2017,KL-002021-2017,EVIDENCE_ACCUSED,2026-09-25,12:13,12:22,12:13,12:43,ADV-1110,9.12,"9.1 years old, close to disposal (defence evidence stage)",ADJOURNED
ST/2052/2017,KL-002052-2017,EVIDENCE_ACCUSED,2026-09-25,12:22,12:30,12:22,12:52,ADV-191,9.12,"9.1 years old, close to disposal (defence evidence stage)",ADJOURNED
ST/2089/2017,KL-002089-2017,EVIDENCE_ACCUSED,2026-09-25,12:30,12:39,12:30,13:00,ADV-174,9.12,"9.1 years old, close to disposal (defence evidence stage)",ADJOURNED
ST/783/2018,KL-000783-2018,JUDGEMENT,2026-09-25,12:39,13:11,12:39,13:09,ADV-133,8.29,"8.3 years old, judgement likely to proceed (99%)",DISPOSED
ST/784/2018,KL-000784-2018,JUDGEMENT,2026-09-25,13:11,13:30,13:11,13:41,ADV-957,8.29,"8.3 years old, judgement likely to proceed (99%)",DISPOSED
ST/863/2018,KL-000863-2018,JUDGEMENT,2026-09-25,14:00,14:32,14:00,14:30,ADV-313,8.29,"8.3 years old, judgement likely to proceed (99%)",DISPOSED
ST/874/2018,KL-000874-2018,JUDGEMENT,2026-09-25,14:32,15:05,14:32,15:02,ADV-599,8.29,"8.3 years old, judgement likely to proceed (99%)",DISPOSED
ST/945/2018,KL-000945-2018,JUDGEMENT,2026-09-25,15:05,15:37,15:05,15:35,ADV-165,8.29,"8.3 years old, judgement likely to proceed (99%)",DISPOSED
ST/1005/2018,KL-001005-2018,JUDGEMENT,2026-09-25,15:37,16:09,15:37,16:07,ADV-1010,8.29,"8.3 years old, judgement likely to proceed (99%)",DISPOSED
ST/1157/2018,KL-001157-2018,JUDGEMENT,2026-09-25,16:09,16:42,16:09,16:39,ADV-891,8.29,"8.3 years old, judgement likely to proceed (99%)",DISPOSED
ST/1238/2018,KL-001238-2018,JUDGEMENT,2026-09-25,16:42,17:14,16:42,17:12,ADV-137,8.29,"8.3 years old, judgement likely to proceed (99%)",DISPOSED
ST/978/2021,KL-000978-2021,APPLICATION_REVIEW,2026-09-28,10:00,10:10,10:00,10:10,ADV-1245,5.64,"Application review likely to proceed (85%), 5.6 years old",MOVED_FORWARD
ST/1344/2021,KL-001344-2021,APPLICATION_REVIEW,2026-09-28,10:10,10:19,10:10,10:20,ADV-325,5.64,"Application review likely to proceed (85%), 5.6 years old",MOVED_FORWARD
ST/1455/2021,KL-001455-2021,APPLICATION_REVIEW,2026-09-28,10:19,10:29,10:19,10:29,ADV-772,5.64,"Application review likely to proceed (85%), 5.6 years old",MOVED_FORWARD
ST/1627/2021,KL-001627-2021,APPLICATION_REVIEW,2026-09-28,10:29,10:39,10:29,10:39,ADV-004,5.64,"Application review likely to proceed (85%), 5.6 years old",MOVED_FORWARD
ST/145/2017,KL-000145-2017,REPORTS,2026-09-28,10:39,10:43,10:39,10:49,ADV-962,9.60,"9.6 years old, close to disposal (judgement stage)",MOVED_FORWARD
ST/2127/2017,KL-002127-2017,EVIDENCE_ACCUSED,2026-09-28,10:43,10:51,10:43,11:13,ADV-313,9.13,"9.1 years old, close to disposal (defence evidence stage)",ADJOURNED
ST/2187/2017,KL-002187-2017,EVIDENCE_ACCUSED,2026-09-28,10:51,11:00,10:51,11:21,ADV-1088,9.13,"9.1 years old, close to disposal (defence evidence stage)",ADJOURNED
ST/2309/2017,KL-002309-2017,EVIDENCE_ACCUSED,2026-09-28,11:00,11:08,11:00,11:30,ADV-085,9.13,"9.1 years old, close to disposal (defence evidence stage)",ADJOURNED
ST/2355/2017,KL-002355-2017,EVIDENCE_ACCUSED,2026-09-28,11:08,11:17,11:08,11:38,ADV-988,9.13,"9.1 years old, close to disposal (defence evidence stage)",ADJOURNED
ST/2467/2017,KL-002467-2017,EVIDENCE_ACCUSED,2026-09-28,11:17,11:25,11:17,11:47,ADV-043,9.13,"9.1 years old, close to disposal (defence evidence stage)",ADJOURNED
ST/2595/2017,KL-002595-2017,EVIDENCE_ACCUSED,2026-09-28,11:25,11:34,11:25,11:55,ADV-1072,9.13,"9.1 years old, close to disposal (defence evidence stage)",DISPOSED
ST/2708/2017,KL-002708-2017,EVIDENCE_ACCUSED,2026-09-28,11:34,11:42,11:34,12:04,ADV-405,9.13,"9.1 years old, close to disposal (defence evidence stage)",ADJOURNED
ST/2776/2017,KL-002776-2017,EVIDENCE_ACCUSED,2026-09-28,11:42,11:51,11:42,12:12,ADV-1187,9.13,"9.1 years old, close to disposal (defence evidence stage)",ADJOURNED
ST/2833/2017,KL-002833-2017,EVIDENCE_ACCUSED,2026-09-28,11:51,11:59,11:51,12:21,ADV-1037,9.13,"9.1 years old, close to disposal (defence evidence stage)",MOVED_FORWARD
ST/2997/2017,KL-002997-2017,EVIDENCE_ACCUSED,2026-09-28,11:59,12:08,11:59,12:29,ADV-1077,9.13,"9.1 years old, close to disposal (defence evidence stage)",ADJOURNED
ST/1605/2018,KL-001605-2018,JUDGEMENT,2026-09-28,12:08,12:40,12:08,12:38,ADV-266,8.30,"8.3 years old, judgement likely to proceed (99%)",DISPOSED
ST/1610/2018,KL-001610-2018,JUDGEMENT,2026-09-28,12:40,13:12,12:40,13:10,ADV-550,8.30,"8.3 years old, judgement likely to proceed (99%)",DISPOSED
ST/1619/2018,KL-001619-2018,JUDGEMENT,2026-09-28,13:12,13:30,13:12,13:42,ADV-798,8.30,"8.3 years old, judgement likely to proceed (99%)",DISPOSED
ST/1630/2018,KL-001630-2018,JUDGEMENT,2026-09-28,14:00,14:32,14:00,14:30,ADV-444,8.30,"8.3 years old, judgement likely to proceed (99%)",DISPOSED
ST/1805/2018,KL-001805-2018,JUDGEMENT,2026-09-28,14:32,15:05,14:32,15:02,ADV-872,8.30,"8.3 years old, judgement likely to proceed (99%)",DISPOSED
ST/1876/2018,KL-001876-2018,JUDGEMENT,2026-09-28,15:05,15:37,15:05,15:35,ADV-838,8.30,"8.3 years old, judgement likely to proceed (99%)",DISPOSED
ST/1928/2018,KL-001928-2018,JUDGEMENT,2026-09-28,15:37,16:09,15:37,16:07,ADV-747,8.30,"8.3 years old, judgement likely to proceed (99%)",DISPOSED
ST/2006/2018,KL-002006-2018,JUDGEMENT,2026-09-28,16:09,16:42,16:09,16:39,ADV-1198,8.30,"8.3 years old, judgement likely to proceed (99%)",DISPOSED
ST/2080/2018,KL-002080-2018,JUDGEMENT,2026-09-28,16:42,17:14,16:42,17:12,ADV-643,8.30,"8.3 years old, judgement likely to proceed (99%)",DISPOSED
ST/1631/2021,KL-001631-2021,APPLICATION_REVIEW,2026-09-29,10:00,10:10,10:00,10:10,ADV-187,5.65,"Application review likely to proceed (85%), 5.6 years old",MOVED_FORWARD
ST/1759/2021,KL-001759-2021,APPLICATION_REVIEW,2026-09-29,10:10,10:19,10:10,10:20,ADV-570,5.65,"Application review likely to proceed (85%), 5.6 years old",MOVED_FORWARD
ST/1765/2021,KL-001765-2021,APPLICATION_REVIEW,2026-09-29,10:19,10:29,10:19,10:29,ADV-551,5.65,"Application review likely to proceed (85%), 5.6 years old",MOVED_FORWARD
ST/1897/2021,KL-001897-2021,APPLICATION_REVIEW,2026-09-29,10:29,10:39,10:29,10:39,ADV-1072,5.65,"Application review likely to proceed (85%), 5.6 years old",MOVED_FORWARD
ST/153/2017,KL-000153-2017,EVIDENCE_ACCUSED,2026-09-29,10:39,10:47,10:39,11:09,ADV-248,9.36,"9.4 years old, close to disposal (defence evidence stage)",MOVED_FORWARD
ST/324/2017,KL-000324-2017,EVIDENCE_ACCUSED,2026-09-29,10:47,10:55,10:47,11:17,ADV-806,9.36,"9.4 years old, close to disposal (defence evidence stage)",ADJOURNED
ST/529/2017,KL-000529-2017,EVIDENCE_ACCUSED,2026-09-29,10:55,11:03,10:55,11:25,ADV-237,9.36,"9.4 years old, close to disposal (defence evidence stage)",ADJOURNED
ST/642/2017,KL-000642-2017,EVIDENCE_ACCUSED,2026-09-29,11:03,11:12,11:03,11:33,ADV-1170,9.36,"9.4 years old, close to disposal (defence evidence stage)",ADJOURNED
ST/943/2017,KL-000943-2017,EVIDENCE_ACCUSED,2026-09-29,11:12,11:20,11:12,11:42,ADV-1170,9.36,"9.4 years old, close to disposal (defence evidence stage)",ADJOURNED
ST/669/2017,KL-000669-2017,EVIDENCE_ACCUSED,2026-09-29,11:20,11:28,11:20,11:50,ADV-537,9.36,"9.4 years old, close to disposal (defence evidence stage)",MOVED_FORWARD
ST/804/2017,KL-000804-2017,EVIDENCE_ACCUSED,2026-09-29,11:28,11:36,11:28,11:58,ADV-028,9.36,"9.4 years old, close to disposal (defence evidence stage)",MOVED_FORWARD
ST/840/2017,KL-000840-2017,EVIDENCE_ACCUSED,2026-09-29,11:36,11:44,11:36,12:06,ADV-1201,9.36,"9.4 years old, close to disposal (defence evidence stage)",ADJOURNED
ST/1103/2017,KL-001103-2017,EVIDENCE_ACCUSED,2026-09-29,11:44,11:52,11:44,12:14,ADV-240,9.36,"9.4 years old, close to disposal (defence evidence stage)",ADJOURNED
ST/1170/2017,KL-001170-2017,EVIDENCE_ACCUSED,2026-09-29,11:52,12:01,11:52,12:22,ADV-851,9.36,"9.4 years old, close to disposal (defence evidence stage)",ADJOURNED
ST/1354/2017,KL-001354-2017,EVIDENCE_ACCUSED,2026-09-29,12:01,12:09,12:01,12:31,ADV-521,9.36,"9.4 years old, close to disposal (defence evidence stage)",ADJOURNED
ST/2104/2018,KL-002104-2018,JUDGEMENT,2026-09-29,12:09,12:41,12:09,12:39,ADV-630,8.30,"8.3 years old, judgement likely to proceed (99%)",DISPOSED
ST/2510/2018,KL-002510-2018,JUDGEMENT,2026-09-29,12:41,13:13,12:41,13:11,ADV-1112,8.30,"8.3 years old, judgement likely to proceed (99%)",DISPOSED
ST/2550/2018,KL-002550-2018,JUDGEMENT,2026-09-29,13:13,13:30,13:13,13:43,ADV-951,8.30,"8.3 years old, judgement likely to proceed (99%)",DISPOSED
ST/2697/2018,KL-002697-2018,JUDGEMENT,2026-09-29,14:00,14:32,14:00,14:30,ADV-096,8.30,"8.3 years old, judgement likely to proceed (99%)",DISPOSED
ST/2699/2018,KL-002699-2018,JUDGEMENT,2026-09-29,14:32,15:05,14:32,15:02,ADV-906,8.30,"8.3 years old, judgement likely to proceed (99%)",DISPOSED
ST/2819/2018,KL-002819-2018,JUDGEMENT,2026-09-29,15:05,15:37,15:05,15:35,ADV-496,8.30,"8.3 years old, judgement likely to proceed (99%)",DISPOSED
ST/2823/2018,KL-002823-2018,JUDGEMENT,2026-09-29,15:37,16:09,15:37,16:07,ADV-1100,8.30,"8.3 years old, judgement likely to proceed (99%)",DISPOSED
ST/2830/2018,KL-002830-2018,JUDGEMENT,2026-09-29,16:09,16:42,16:09,16:39,ADV-575,8.30,"8.3 years old, judgement likely to proceed (99%)",DISPOSED
ST/2909/2018,KL-002909-2018,JUDGEMENT,2026-09-29,16:42,17:14,16:42,17:12,ADV-1003,8.30,"8.3 years old, judgement likely to proceed (99%)",DISPOSED
ST/2199/2021,KL-002199-2021,APPLICATION_REVIEW,2026-09-30,10:00,10:10,10:00,10:10,ADV-717,5.65,"Application review likely to proceed (85%), 5.6 years old",ADJOURNED
ST/2247/2021,KL-002247-2021,APPLICATION_REVIEW,2026-09-30,10:10,10:19,10:10,10:20,ADV-737,5.65,"Application review likely to proceed (85%), 5.6 years old",ADJOURNED
ST/2530/2021,KL-002530-2021,APPLICATION_REVIEW,2026-09-30,10:19,10:29,10:19,10:29,ADV-092,5.65,"Application review likely to proceed (85%), 5.6 years old",MOVED_FORWARD
ST/2561/2021,KL-002561-2021,APPLICATION_REVIEW,2026-09-30,10:29,10:39,10:29,10:39,ADV-600,5.65,"Application review likely to proceed (85%), 5.6 years old",MOVED_FORWARD
ST/1507/2017,KL-001507-2017,EVIDENCE_ACCUSED,2026-09-30,10:39,10:47,10:39,11:09,ADV-366,9.37,"9.4 years old, close to disposal (defence evidence stage)",MOVED_FORWARD
ST/1530/2017,KL-001530-2017,EVIDENCE_ACCUSED,2026-09-30,10:47,10:55,10:47,11:17,ADV-709,9.37,"9.4 years old, close to disposal (defence evidence stage)",ADJOURNED
ST/1564/2017,KL-001564-2017,EVIDENCE_ACCUSED,2026-09-30,10:55,11:03,10:55,11:25,ADV-238,9.37,"9.4 years old, close to disposal (defence evidence stage)",ADJOURNED
ST/1705/2017,KL-001705-2017,EVIDENCE_ACCUSED,2026-09-30,11:03,11:12,11:03,11:33,ADV-927,9.37,"9.4 years old, close to disposal (defence evidence stage)",ADJOURNED
ST/1708/2017,KL-001708-2017,EVIDENCE_ACCUSED,2026-09-30,11:12,11:20,11:12,11:42,ADV-691,9.37,"9.4 years old, close to disposal (defence evidence stage)",ADJOURNED
ST/1948/2017,KL-001948-2017,EVIDENCE_ACCUSED,2026-09-30,11:20,11:28,11:20,11:50,ADV-655,9.37,"9.4 years old, close to disposal (defence evidence stage)",ADJOURNED
ST/1951/2017,KL-001951-2017,EVIDENCE_ACCUSED,2026-09-30,11:28,11:36,11:28,11:58,ADV-417,9.37,"9.4 years old, close to disposal (defence evidence stage)",ADJOURNED
ST/2101/2017,KL-002101-2017,EVIDENCE_ACCUSED,2026-09-30,11:36,11:44,11:36,12:06,ADV-694,9.37,"9.4 years old, close to disposal (defence evidence stage)",ADJOURNED
ST/2113/2017,KL-002113-2017,EVIDENCE_ACCUSED,2026-09-30,11:44,11:52,11:44,12:14,ADV-1251,9.37,"9.4 years old, close to disposal (defence evidence stage)",ADJOURNED
ST/2114/2017,KL-002114-2017,EVIDENCE_ACCUSED,2026-09-30,11:52,12:01,11:52,12:22,ADV-032,9.37,"9.4 years old, close to disposal (defence evidence stage)",ADJOURNED
ST/2164/2017,KL-002164-2017,EVIDENCE_ACCUSED,2026-09-30,12:01,12:09,12:01,12:31,ADV-1054,9.37,"9.4 years old, close to disposal (defence evidence stage)",ADJOURNED
ST/2923/2018,KL-002923-2018,JUDGEMENT,2026-09-30,12:09,12:41,12:09,12:39,ADV-827,8.30,"8.3 years old, judgement likely to proceed (99%)",DISPOSED
ST/77/2017,KL-000077-2017,JUDGEMENT,2026-09-30,12:41,13:13,12:41,13:11,ADV-138,9.22,"9.2 years old, judgement likely to proceed (99%)",DISPOSED
ST/142/2017,KL-000142-2017,JUDGEMENT,2026-09-30,13:13,13:30,13:13,13:43,ADV-514,9.35,"9.3 years old, judgement likely to proceed (99%)",DISPOSED
ST/169/2017,KL-000169-2017,JUDGEMENT,2026-09-30,14:00,14:32,14:00,14:30,ADV-1036,9.22,"9.2 years old, judgement likely to proceed (99%)",DISPOSED
ST/199/2017,KL-000199-2017,JUDGEMENT,2026-09-30,14:32,15:05,14:32,15:02,ADV-1234,9.22,"9.2 years old, judgement likely to proceed (99%)",DISPOSED
ST/294/2017,KL-000294-2017,JUDGEMENT,2026-09-30,15:05,15:37,15:05,15:35,ADV-365,9.22,"9.2 years old, judgement likely to proceed (99%)",DISPOSED
ST/351/2016,KL-000351-2016,JUDGEMENT,2026-09-30,15:37,16:09,15:37,16:07,ADV-201,9.89,"9.9 years old, judgement likely to proceed (99%)",DISPOSED
ST/371/2017,KL-000371-2017,JUDGEMENT,2026-09-30,16:09,16:42,16:09,16:39,ADV-1244,9.22,"9.2 years old, judgement likely to proceed (99%)",DISPOSED
ST/487/2017,KL-000487-2017,JUDGEMENT,2026-09-30,16:42,17:14,16:42,17:12,ADV-429,9.22,"9.2 years old, judgement likely to proceed (99%)",DISPOSED
ST/2626/2021,KL-002626-2021,APPLICATION_REVIEW,2026-10-01,10:00,10:10,10:00,10:10,ADV-874,5.65,"Application review likely to proceed (85%), 5.7 years old",MOVED_FORWARD
ST/2679/2021,KL-002679-2021,APPLICATION_REVIEW,2026-10-01,10:10,10:19,10:10,10:20,ADV-771,5.65,"Application review likely to proceed (85%), 5.7 years old",MOVED_FORWARD
ST/2719/2021,KL-002719-2021,APPLICATION_REVIEW,2026-10-01,10:19,10:29,10:19,10:29,ADV-009,5.65,"Application review likely to proceed (85%), 5.7 years old",MOVED_FORWARD
ST/2737/2021,KL-002737-2021,APPLICATION_REVIEW,2026-10-01,10:29,10:39,10:29,10:39,ADV-378,5.65,"Application review likely to proceed (85%), 5.7 years old",MOVED_FORWARD
ST/20/2021,KL-000020-2021,APPLICATION_REVIEW,2026-10-01,10:39,10:49,10:39,10:49,ADV-939,4.80,"Application review likely to proceed (85%), 4.8 years old",MOVED_FORWARD
ST/2305/2017,KL-002305-2017,EVIDENCE_ACCUSED,2026-10-01,10:49,10:57,10:49,11:19,ADV-295,9.37,"9.4 years old, close to disposal (defence evidence stage)",ADJOURNED
ST/2383/2017,KL-002383-2017,EVIDENCE_ACCUSED,2026-10-01,10:57,11:05,10:57,11:27,ADV-490,9.37,"9.4 years old, close to disposal (defence evidence stage)",MOVED_FORWARD
ST/2531/2017,KL-002531-2017,EVIDENCE_ACCUSED,2026-10-01,11:05,11:13,11:05,11:35,ADV-746,9.37,"9.4 years old, close to disposal (defence evidence stage)",ADJOURNED
ST/2633/2017,KL-002633-2017,EVIDENCE_ACCUSED,2026-10-01,11:13,11:21,11:13,11:43,ADV-657,9.37,"9.4 years old, close to disposal (defence evidence stage)",ADJOURNED
ST/2693/2017,KL-002693-2017,EVIDENCE_ACCUSED,2026-10-01,11:21,11:29,11:21,11:51,ADV-1117,9.37,"9.4 years old, close to disposal (defence evidence stage)",ADJOURNED
ST/2785/2017,KL-002785-2017,EVIDENCE_ACCUSED,2026-10-01,11:29,11:38,11:29,11:59,ADV-718,9.37,"9.4 years old, close to disposal (defence evidence stage)",ADJOURNED
ST/2796/2017,KL-002796-2017,EVIDENCE_ACCUSED,2026-10-01,11:38,11:46,11:38,12:08,ADV-258,9.37,"9.4 years old, close to disposal (defence evidence stage)",ADJOURNED
ST/2894/2017,KL-002894-2017,EVIDENCE_ACCUSED,2026-10-01,11:46,11:54,11:46,12:16,ADV-409,9.37,"9.4 years old, close to disposal (defence evidence stage)",MOVED_FORWARD
ST/10/2020,KL-000010-2020,EVIDENCE_COMPLAINANT,2026-10-01,11:54,12:06,11:54,12:24,ADV-1024,6.57,"6.6 years old, close to disposal (complainant evidence stage)",MOVED_FORWARD
ST/488/2016,KL-000488-2016,JUDGEMENT,2026-10-01,12:06,12:38,12:06,12:36,ADV-1208,9.90,"9.9 years old, judgement likely to proceed (99%)",DISPOSED
ST/507/2016,KL-000507-2016,JUDGEMENT,2026-10-01,12:38,13:10,12:38,13:08,ADV-1055,9.90,"9.9 years old, judgement likely to proceed (99%)",DISPOSED
ST/561/2016,KL-000561-2016,JUDGEMENT,2026-10-01,13:10,13:30,13:10,13:40,ADV-086,9.90,"9.9 years old, judgement likely to proceed (99%)",DISPOSED
ST/606/2016,KL-000606-2016,JUDGEMENT,2026-10-01,14:00,14:32,14:00,14:30,ADV-171,9.90,"9.9 years old, judgement likely to proceed (99%)",DISPOSED
ST/627/2017,KL-000627-2017,JUDGEMENT,2026-10-01,14:32,15:05,14:32,15:02,ADV-972,9.22,"9.2 years old, judgement likely to proceed (99%)",DISPOSED
ST/648/2016,KL-000648-2016,JUDGEMENT,2026-10-01,15:05,15:37,15:05,15:35,ADV-759,9.90,"9.9 years old, judgement likely to proceed (99%)",DISPOSED
ST/656/2016,KL-000656-2016,JUDGEMENT,2026-10-01,15:37,16:09,15:37,16:07,ADV-607,9.90,"9.9 years old, judgement likely to proceed (99%)",DISPOSED
ST/738/2017,KL-000738-2017,JUDGEMENT,2026-10-01,16:09,16:42,16:09,16:39,ADV-666,9.22,"9.2 years old, judgement likely to proceed (99%)",DISPOSED
ST/747/2016,KL-000747-2016,JUDGEMENT,2026-10-01,16:42,17:14,16:42,17:12,ADV-566,9.90,"9.9 years old, judgement likely to proceed (99%)",ADJOURNED
ST/597/2021,KL-000597-2021,APPLICATION_REVIEW,2026-10-05,10:00,10:10,10:00,10:10,ADV-428,5.66,Application review → reference gap 5 days. Mon 05 Oct has room (9 of 386 min),DISPOSED
ST/708/2021,KL-000708-2021,APPLICATION_REVIEW,2026-10-05,10:10,10:19,10:10,10:20,ADV-953,5.66,Application review → reference gap 5 days. Mon 05 Oct has room (18 of 386 min),MOVED_FORWARD
ST/922/2021,KL-000922-2021,APPLICATION_REVIEW,2026-10-05,10:19,10:29,10:19,10:29,ADV-775,5.66,Application review → reference gap 5 days. Mon 05 Oct has room (27 of 386 min),MOVED_FORWARD
ST/31/2021,KL-000031-2021,APPLICATION_REVIEW,2026-10-05,10:29,10:39,10:29,10:39,ADV-923,4.82,"Application review likely to proceed (85%), 4.8 years old",ADJOURNED
ST/114/2021,KL-000114-2021,APPLICATION_REVIEW,2026-10-05,10:39,10:49,10:39,10:49,ADV-1172,4.82,"Application review likely to proceed (85%), 4.8 years old",MOVED_FORWARD
ST/205/2021,KL-000205-2021,APPLICATION_REVIEW,2026-10-05,10:49,10:58,10:49,10:59,ADV-378,4.82,"Application review likely to proceed (85%), 4.8 years old",MOVED_FORWARD
ST/222/2021,KL-000222-2021,APPLICATION_REVIEW,2026-10-05,10:58,11:08,10:58,11:08,ADV-319,4.82,"Application review likely to proceed (85%), 4.8 years old",MOVED_FORWARD
ST/148/2017,KL-000148-2017,REPORTS,2026-10-05,11:08,11:12,11:08,11:18,ADV-1055,8.88,"8.9 years old, close to disposal (judgement stage)",ADJOURNED
ST/33/2020,KL-000033-2020,EVIDENCE_COMPLAINANT,2026-10-05,11:12,11:24,11:12,11:42,ADV-710,6.58,"6.6 years old, close to disposal (complainant evidence stage)",ADJOURNED
ST/87/2020,KL-000087-2020,EVIDENCE_COMPLAINANT,2026-10-05,11:24,11:36,11:24,11:54,ADV-229,6.58,"6.6 years old, close to disposal (complainant evidence stage)",MOVED_FORWARD
ST/133/2020,KL-000133-2020,EVIDENCE_COMPLAINANT,2026-10-05,11:36,11:48,11:36,12:06,ADV-958,6.58,"6.6 years old, close to disposal (complainant evidence stage)",MOVED_FORWARD
ST/172/2020,KL-000172-2020,EVIDENCE_COMPLAINANT,2026-10-05,11:48,12:00,11:48,12:18,ADV-1183,6.58,"6.6 years old, close to disposal (complainant evidence stage)",ADJOURNED
ST/218/2020,KL-000218-2020,EVIDENCE_COMPLAINANT,2026-10-05,12:00,12:11,12:00,12:30,ADV-542,6.58,"6.6 years old, close to disposal (complainant evidence stage)",ADJOURNED
ST/243/2020,KL-000243-2020,EVIDENCE_COMPLAINANT,2026-10-05,12:11,12:23,12:11,12:41,ADV-1131,6.58,"6.6 years old, close to disposal (complainant evidence stage)",ADJOURNED
ST/359/2020,KL-000359-2020,EVIDENCE_COMPLAINANT,2026-10-05,12:23,12:35,12:23,12:53,ADV-237,6.58,"6.6 years old, close to disposal (complainant evidence stage)",MOVED_FORWARD
ST/877/2016,KL-000877-2016,JUDGEMENT,2026-10-05,12:35,13:08,12:35,13:05,ADV-876,9.91,"9.9 years old, judgement likely to proceed (99%)",DISPOSED
ST/903/2017,KL-000903-2017,JUDGEMENT,2026-10-05,13:08,13:30,13:08,13:38,ADV-642,9.36,"9.4 years old, judgement likely to proceed (99%)",DISPOSED
ST/931/2016,KL-000931-2016,JUDGEMENT,2026-10-05,14:00,14:32,14:00,14:30,ADV-894,9.91,"9.9 years old, judgement likely to proceed (99%)",DISPOSED
ST/964/2017,KL-000964-2017,JUDGEMENT,2026-10-05,14:32,15:05,14:32,15:02,ADV-477,9.36,"9.4 years old, judgement likely to proceed (99%)",DISPOSED
ST/1030/2017,KL-001030-2017,JUDGEMENT,2026-10-05,15:05,15:37,15:05,15:35,ADV-523,9.23,"9.2 years old, judgement likely to proceed (99%)",DISPOSED
ST/1069/2017,KL-001069-2017,JUDGEMENT,2026-10-05,15:37,16:09,15:37,16:07,ADV-930,9.23,"9.2 years old, judgement likely to proceed (99%)",DISPOSED
ST/1140/2016,KL-001140-2016,JUDGEMENT,2026-10-05,16:09,16:42,16:09,16:39,ADV-636,9.91,"9.9 years old, judgement likely to proceed (99%)",DISPOSED
ST/1142/2017,KL-001142-2017,JUDGEMENT,2026-10-05,16:42,17:14,16:42,17:12,ADV-1084,9.23,"9.2 years old, judgement likely to proceed (99%)",DISPOSED
ST/1145/2017,KL-001145-2017,JUDGEMENT,2026-10-05,17:14,17:46,17:14,17:44,ADV-163,9.23,"9.2 years old, judgement likely to proceed (99%)",DISPOSED
ST/506/2021,KL-000506-2021,APPLICATION_REVIEW,2026-10-06,10:00,10:10,10:00,10:10,ADV-1119,4.82,"Application review likely to proceed (85%), 4.8 years old",MOVED_FORWARD
ST/537/2021,KL-000537-2021,APPLICATION_REVIEW,2026-10-06,10:10,10:19,10:10,10:20,ADV-038,4.82,"Application review likely to proceed (85%), 4.8 years old",MOVED_FORWARD
ST/792/2021,KL-000792-2021,APPLICATION_REVIEW,2026-10-06,10:19,10:29,10:19,10:29,ADV-224,4.82,"Application review likely to proceed (85%), 4.8 years old",MOVED_FORWARD
ST/798/2021,KL-000798-2021,APPLICATION_REVIEW,2026-10-06,10:29,10:39,10:29,10:39,ADV-082,4.82,"Application review likely to proceed (85%), 4.8 years old",MOVED_FORWARD
ST/833/2021,KL-000833-2021,APPLICATION_REVIEW,2026-10-06,10:39,10:49,10:39,10:49,ADV-1019,4.82,"Application review likely to proceed (85%), 4.8 years old",MOVED_FORWARD
ST/871/2021,KL-000871-2021,APPLICATION_REVIEW,2026-10-06,10:49,10:58,10:49,10:59,ADV-058,4.82,"Application review likely to proceed (85%), 4.8 years old",MOVED_FORWARD
ST/161/2017,KL-000161-2017,REPORTS,2026-10-06,10:58,11:02,10:58,11:08,ADV-150,9.62,"9.6 years old, close to disposal (judgement stage)",ADJOURNED
ST/189/2017,KL-000189-2017,REPORTS,2026-10-06,11:02,11:06,11:02,11:12,ADV-075,8.88,"8.9 years old, close to disposal (judgement stage)",ADJOURNED
ST/376/2020,KL-000376-2020,EVIDENCE_COMPLAINANT,2026-10-06,11:06,11:18,11:06,11:36,ADV-637,6.58,"6.6 years old, close to disposal (complainant evidence stage)",ADJOURNED
ST/581/2020,KL-000581-2020,EVIDENCE_COMPLAINANT,2026-10-06,11:18,11:30,11:18,11:48,ADV-1111,6.58,"6.6 years old, close to disposal (complainant evidence stage)",MOVED_FORWARD
ST/588/2020,KL-000588-2020,EVIDENCE_COMPLAINANT,2026-10-06,11:30,11:42,11:30,12:00,ADV-869,6.58,"6.6 years old, close to disposal (complainant evidence stage)",ADJOURNED
ST/674/2020,KL-000674-2020,EVIDENCE_COMPLAINANT,2026-10-06,11:42,11:54,11:42,12:12,ADV-001,6.58,"6.6 years old, close to disposal (complainant evidence stage)",MOVED_FORWARD
ST/695/2020,KL-000695-2020,EVIDENCE_COMPLAINANT,2026-10-06,11:54,12:06,11:54,12:24,ADV-499,6.58,"6.6 years old, close to disposal (complainant evidence stage)",ADJOURNED
ST/700/2020,KL-000700-2020,EVIDENCE_COMPLAINANT,2026-10-06,12:06,12:17,12:06,12:36,ADV-958,6.58,"6.6 years old, close to disposal (complainant evidence stage)",MOVED_FORWARD
ST/791/2020,KL-000791-2020,EVIDENCE_COMPLAINANT,2026-10-06,12:17,12:29,12:17,12:47,ADV-142,6.58,"6.6 years old, close to disposal (complainant evidence stage)",MOVED_FORWARD
ST/826/2020,KL-000826-2020,EVIDENCE_COMPLAINANT,2026-10-06,12:29,12:41,12:29,12:59,ADV-1139,6.58,"6.6 years old, close to disposal (complainant evidence stage)",ADJOURNED
ST/1147/2016,KL-001147-2016,JUDGEMENT,2026-10-06,12:41,13:14,12:41,13:11,ADV-522,9.91,"9.9 years old, judgement likely to proceed (99%)",DISPOSED
ST/1164/2016,KL-001164-2016,JUDGEMENT,2026-10-06,13:14,13:30,13:14,13:44,ADV-253,9.91,"9.9 years old, judgement likely to proceed (99%)",DISPOSED
ST/1176/2017,KL-001176-2017,JUDGEMENT,2026-10-06,14:00,14:32,14:00,14:30,ADV-440,9.23,"9.2 years old, judgement likely to proceed (99%)",DISPOSED
ST/1299/2016,KL-001299-2016,JUDGEMENT,2026-10-06,14:32,15:05,14:32,15:02,ADV-046,9.91,"9.9 years old, judgement likely to proceed (99%)",DISPOSED
ST/1335/2016,KL-001335-2016,JUDGEMENT,2026-10-06,15:05,15:37,15:05,15:35,ADV-1156,9.91,"9.9 years old, judgement likely to proceed (99%)",DISPOSED
ST/1341/2016,KL-001341-2016,JUDGEMENT,2026-10-06,15:37,16:09,15:37,16:07,ADV-066,9.91,"9.9 years old, judgement likely to proceed (99%)",ADJOURNED
ST/1355/2017,KL-001355-2017,JUDGEMENT,2026-10-06,16:09,16:42,16:09,16:39,ADV-609,9.36,"9.4 years old, judgement likely to proceed (99%)",NOT_REACHED
ST/1395/2017,KL-001395-2017,JUDGEMENT,2026-10-06,16:42,17:14,16:42,17:12,ADV-642,9.36,"9.4 years old, judgement likely to proceed (99%)",NOT_REACHED
ST/905/2021,KL-000905-2021,APPLICATION_REVIEW,2026-10-07,10:00,10:10,10:00,10:10,ADV-1101,4.82,"Application review likely to proceed (85%), 4.8 years old",MOVED_FORWARD
ST/916/2021,KL-000916-2021,APPLICATION_REVIEW,2026-10-07,10:10,10:19,10:10,10:20,ADV-099,4.82,"Application review likely to proceed (85%), 4.8 years old",MOVED_FORWARD
ST/1368/2021,KL-001368-2021,APPLICATION_REVIEW,2026-10-07,10:19,10:29,10:19,10:29,ADV-180,4.82,"Application review likely to proceed (85%), 4.8 years old",MOVED_FORWARD
ST/1458/2021,KL-001458-2021,APPLICATION_REVIEW,2026-10-07,10:29,10:39,10:29,10:39,ADV-049,4.82,"Application review likely to proceed (85%), 4.8 years old",ADJOURNED
ST/1555/2021,KL-001555-2021,APPLICATION_REVIEW,2026-10-07,10:39,10:49,10:39,10:49,ADV-894,4.82,"Application review likely to proceed (85%), 4.8 years old",ADJOURNED
ST/1566/2021,KL-001566-2021,APPLICATION_REVIEW,2026-10-07,10:49,10:58,10:49,10:59,ADV-428,4.82,"Application review likely to proceed (85%), 4.8 years old",MOVED_FORWARD
ST/326/2017,KL-000326-2017,REPORTS,2026-10-07,10:58,11:02,10:58,11:08,ADV-987,8.88,"8.9 years old, close to disposal (judgement stage)",ADJOURNED
ST/327/2017,KL-000327-2017,REPORTS,2026-10-07,11:02,11:06,11:02,11:12,ADV-203,8.88,"8.9 years old, close to disposal (judgement stage)",ADJOURNED
ST/891/2020,KL-000891-2020,EVIDENCE_COMPLAINANT,2026-10-07,11:06,11:18,11:06,11:36,ADV-715,6.58,"6.6 years old, close to disposal (complainant evidence stage)",ADJOURNED
ST/910/2020,KL-000910-2020,EVIDENCE_COMPLAINANT,2026-10-07,11:18,11:30,11:18,11:48,ADV-1142,6.58,"6.6 years old, close to disposal (complainant evidence stage)",MOVED_FORWARD
ST/951/2020,KL-000951-2020,EVIDENCE_COMPLAINANT,2026-10-07,11:30,11:42,11:30,12:00,ADV-476,6.58,"6.6 years old, close to disposal (complainant evidence stage)",MOVED_FORWARD
ST/977/2020,KL-000977-2020,EVIDENCE_COMPLAINANT,2026-10-07,11:42,11:54,11:42,12:12,ADV-812,6.58,"6.6 years old, close to disposal (complainant evidence stage)",ADJOURNED
ST/1633/2020,KL-001633-2020,EVIDENCE_COMPLAINANT,2026-10-07,11:54,12:06,11:54,12:24,ADV-347,6.58,"6.6 years old, close to disposal (complainant evidence stage)",ADJOURNED
ST/1690/2020,KL-001690-2020,EVIDENCE_COMPLAINANT,2026-10-07,12:06,12:17,12:06,12:36,ADV-912,6.58,"6.6 years old, close to disposal (complainant evidence stage)",ADJOURNED
ST/1738/2020,KL-001738-2020,EVIDENCE_COMPLAINANT,2026-10-07,12:17,12:29,12:17,12:47,ADV-462,6.58,"6.6 years old, close to disposal (complainant evidence stage)",ADJOURNED
ST/1788/2020,KL-001788-2020,EVIDENCE_COMPLAINANT,2026-10-07,12:29,12:41,12:29,12:59,ADV-014,6.58,"6.6 years old, close to disposal (complainant evidence stage)",MOVED_FORWARD
ST/1494/2017,KL-001494-2017,JUDGEMENT,2026-10-07,12:41,13:14,12:41,13:11,ADV-330,9.23,"9.2 years old, judgement likely to proceed (99%)",DISPOSED
ST/1511/2017,KL-001511-2017,JUDGEMENT,2026-10-07,13:14,13:30,13:14,13:44,ADV-378,9.23,"9.2 years old, judgement likely to proceed (99%)",DISPOSED
ST/1514/2017,KL-001514-2017,JUDGEMENT,2026-10-07,14:00,14:32,14:00,14:30,ADV-1147,9.23,"9.2 years old, judgement likely to proceed (99%)",DISPOSED
ST/1553/2016,KL-001553-2016,JUDGEMENT,2026-10-07,14:32,15:05,14:32,15:02,ADV-125,9.91,"9.9 years old, judgement likely to proceed (99%)",DISPOSED
ST/1582/2017,KL-001582-2017,JUDGEMENT,2026-10-07,15:05,15:37,15:05,15:35,ADV-1225,9.37,"9.4 years old, judgement likely to proceed (99%)",DISPOSED
ST/1636/2016,KL-001636-2016,JUDGEMENT,2026-10-07,15:37,16:09,15:37,16:07,ADV-963,9.91,"9.9 years old, judgement likely to proceed (99%)",DISPOSED
ST/1669/2016,KL-001669-2016,JUDGEMENT,2026-10-07,16:09,16:42,16:09,16:39,ADV-928,9.91,"9.9 years old, judgement likely to proceed (99%)",DISPOSED
ST/1710/2017,KL-001710-2017,JUDGEMENT,2026-10-07,16:42,17:14,16:42,17:12,ADV-538,9.37,"9.4 years old, judgement likely to proceed (99%)",ADJOURNED
ST/2199/2021,KL-002199-2021,APPLICATION_REVIEW,2026-10-08,10:00,10:10,10:00,10:10,ADV-717,5.67,Application review → reference gap 5 days. Thu 08 Oct has room (63 of 386 min),MOVED_FORWARD
ST/2247/2021,KL-002247-2021,APPLICATION_REVIEW,2026-10-08,10:10,10:19,10:10,10:20,ADV-737,5.67,Application review → reference gap 5 days. Thu 08 Oct has room (72 of 386 min),MOVED_FORWARD
ST/1743/2021,KL-001743-2021,APPLICATION_REVIEW,2026-10-08,10:19,10:29,10:19,10:29,ADV-540,4.82,"Application review likely to proceed (85%), 4.8 years old",MOVED_FORWARD
ST/1803/2021,KL-001803-2021,APPLICATION_REVIEW,2026-10-08,10:29,10:39,10:29,10:39,ADV-279,4.82,"Application review likely to proceed (85%), 4.8 years old",MOVED_FORWARD
ST/1853/2021,KL-001853-2021,APPLICATION_REVIEW,2026-10-08,10:39,10:49,10:39,10:49,ADV-134,4.82,"Application review likely to proceed (85%), 4.8 years old",ADJOURNED
ST/1919/2021,KL-001919-2021,APPLICATION_REVIEW,2026-10-08,10:49,10:58,10:49,10:59,ADV-1064,4.82,"Application review likely to proceed (85%), 4.8 years old",MOVED_FORWARD
ST/2004/2021,KL-002004-2021,APPLICATION_REVIEW,2026-10-08,10:58,11:08,10:58,11:08,ADV-861,4.82,"Application review likely to proceed (85%), 4.8 years old",MOVED_FORWARD
ST/136/2017,KL-000136-2017,EVIDENCE_ACCUSED,2026-10-08,11:08,11:17,11:08,11:38,ADV-020,9.15,Defence evidence → reference gap 14 days. Thu 08 Oct has room (8 of 386 min),ADJOURNED
ST/226/2017,KL-000226-2017,EVIDENCE_ACCUSED,2026-10-08,11:17,11:25,11:17,11:47,ADV-973,9.15,Defence evidence → reference gap 14 days. Thu 08 Oct has room (23 of 386 min),ADJOURNED
ST/239/2017,KL-000239-2017,EVIDENCE_ACCUSED,2026-10-08,11:25,11:34,11:25,11:55,ADV-1113,9.15,Defence evidence → reference gap 14 days. Thu 08 Oct has room (31 of 386 min),ADJOURNED
ST/333/2017,KL-000333-2017,EVIDENCE_ACCUSED,2026-10-08,11:34,11:42,11:34,12:04,ADV-313,9.15,Defence evidence → reference gap 14 days. Thu 08 Oct has room (46 of 386 min),ADJOURNED
ST/928/2017,KL-000928-2017,EVIDENCE_ACCUSED,2026-10-08,11:42,11:51,11:42,12:12,ADV-194,9.15,Defence evidence → reference gap 14 days. Thu 08 Oct has room (54 of 386 min),ADJOURNED
ST/190/2017,KL-000190-2017,EVIDENCE_ACCUSED,2026-10-08,11:51,11:59,11:51,12:21,ADV-1051,9.15,Defence evidence → reference gap 14 days. Thu 08 Oct has room (15 of 386 min),ADJOURNED
ST/307/2017,KL-000307-2017,EVIDENCE_ACCUSED,2026-10-08,11:59,12:07,11:59,12:29,ADV-348,9.15,Defence evidence → reference gap 14 days. Thu 08 Oct has room (39 of 386 min),ADJOURNED
ST/1842/2020,KL-001842-2020,EVIDENCE_COMPLAINANT,2026-10-08,12:07,12:19,12:07,12:37,ADV-157,6.59,"6.6 years old, close to disposal (complainant evidence stage)",ADJOURNED
ST/2033/2020,KL-002033-2020,EVIDENCE_COMPLAINANT,2026-10-08,12:19,12:31,12:19,12:49,ADV-454,6.59,"6.6 years old, close to disposal (complainant evidence stage)",ADJOURNED
ST/2082/2020,KL-002082-2020,EVIDENCE_COMPLAINANT,2026-10-08,12:31,12:43,12:31,13:01,ADV-640,6.59,"6.6 years old, close to disposal (complainant evidence stage)",ADJOURNED
ST/2266/2020,KL-002266-2020,EVIDENCE_COMPLAINANT,2026-10-08,12:43,12:55,12:43,13:13,ADV-1119,6.59,"6.6 years old, close to disposal (complainant evidence stage)",MOVED_FORWARD
ST/2306/2020,KL-002306-2020,EVIDENCE_COMPLAINANT,2026-10-08,12:55,13:07,12:55,13:25,ADV-1026,6.59,"6.6 years old, close to disposal (complainant evidence stage)",ADJOURNED
ST/2321/2020,KL-002321-2020,EVIDENCE_COMPLAINANT,2026-10-08,13:07,13:19,13:07,13:37,ADV-397,6.59,"6.6 years old, close to disposal (complainant evidence stage)",ADJOURNED
ST/2340/2020,KL-002340-2020,EVIDENCE_COMPLAINANT,2026-10-08,13:19,13:30,13:19,13:49,ADV-589,6.59,"6.6 years old, close to disposal (complainant evidence stage)",ADJOURNED
ST/1725/2016,KL-001725-2016,JUDGEMENT,2026-10-08,14:00,14:32,14:00,14:30,ADV-367,9.92,"9.9 years old, judgement likely to proceed (99%)",DISPOSED
ST/1745/2017,KL-001745-2017,JUDGEMENT,2026-10-08,14:32,15:05,14:32,15:02,ADV-878,9.37,"9.4 years old, judgement likely to proceed (99%)",DISPOSED
ST/1771/2017,KL-001771-2017,JUDGEMENT,2026-10-08,15:05,15:37,15:05,15:35,ADV-373,9.24,"9.2 years old, judgement likely to proceed (99%)",DISPOSED
ST/1777/2017,KL-001777-2017,JUDGEMENT,2026-10-08,15:37,16:09,15:37,16:07,ADV-423,9.24,"9.2 years old, judgement likely to proceed (99%)",DISPOSED
ST/1782/2017,KL-001782-2017,JUDGEMENT,2026-10-08,16:09,16:42,16:09,16:39,ADV-747,9.24,"9.2 years old, judgement likely to proceed (99%)",DISPOSED
ST/1900/2017,KL-001900-2017,JUDGEMENT,2026-10-08,16:42,17:14,16:42,17:12,ADV-738,9.24,"9.2 years old, judgement likely to proceed (99%)",DISPOSED
ST/1901/2016,KL-001901-2016,JUDGEMENT,2026-10-08,17:14,17:46,17:14,17:44,ADV-436,9.92,"9.9 years old, judgement likely to proceed (99%)",DISPOSED
ST/2047/2021,KL-002047-2021,APPLICATION_REVIEW,2026-10-09,10:00,10:10,10:00,10:10,ADV-973,4.83,"Application review likely to proceed (85%), 4.8 years old",MOVED_FORWARD
ST/2180/2021,KL-002180-2021,APPLICATION_REVIEW,2026-10-09,10:10,10:19,10:10,10:20,ADV-507,4.83,"Application review likely to proceed (85%), 4.8 years old",MOVED_FORWARD
ST/2205/2021,KL-002205-2021,APPLICATION_REVIEW,2026-10-09,10:19,10:29,10:19,10:29,ADV-659,4.83,"Application review likely to proceed (85%), 4.8 years old",MOVED_FORWARD
ST/2217/2021,KL-002217-2021,APPLICATION_REVIEW,2026-10-09,10:29,10:39,10:29,10:39,ADV-992,4.83,"Application review likely to proceed (85%), 4.8 years old",DISPOSED
ST/347/2017,KL-000347-2017,REPORTS,2026-10-09,10:39,10:43,10:39,10:49,ADV-760,9.63,"9.6 years old, close to disposal (judgement stage)",ADJOURNED
ST/802/2017,KL-000802-2017,EVIDENCE_ACCUSED,2026-10-09,10:43,10:51,10:43,11:13,ADV-733,9.16,Defence evidence → reference gap 14 days. Fri 09 Oct has room (14 of 386 min),ADJOURNED
ST/952/2017,KL-000952-2017,EVIDENCE_ACCUSED,2026-10-09,10:51,11:00,10:51,11:21,ADV-277,9.16,Defence evidence → reference gap 14 days. Fri 09 Oct has room (22 of 386 min),ADJOURNED
ST/1105/2017,KL-001105-2017,EVIDENCE_ACCUSED,2026-10-09,11:00,11:09,11:00,11:30,ADV-099,9.16,Defence evidence → reference gap 14 days. Fri 09 Oct has room (30 of 386 min),MOVED_FORWARD
ST/1476/2017,KL-001476-2017,EVIDENCE_ACCUSED,2026-10-09,11:09,11:17,11:09,11:39,ADV-404,9.16,Defence evidence → reference gap 14 days. Fri 09 Oct has room (58 of 386 min),ADJOURNED
ST/1601/2017,KL-001601-2017,EVIDENCE_ACCUSED,2026-10-09,11:17,11:26,11:17,11:47,ADV-1246,9.16,Defence evidence → reference gap 14 days. Fri 09 Oct has room (66 of 386 min),MOVED_FORWARD
ST/1823/2017,KL-001823-2017,EVIDENCE_ACCUSED,2026-10-09,11:26,11:34,11:26,11:56,ADV-1145,9.16,Defence evidence → reference gap 14 days. Fri 09 Oct has room (82 of 386 min),MOVED_FORWARD
ST/1838/2017,KL-001838-2017,EVIDENCE_ACCUSED,2026-10-09,11:34,11:43,11:34,12:04,ADV-085,9.16,Defence evidence → reference gap 14 days. Fri 09 Oct has room (90 of 386 min),ADJOURNED
ST/2021/2017,KL-002021-2017,EVIDENCE_ACCUSED,2026-10-09,11:43,11:52,11:43,12:13,ADV-1110,9.16,Defence evidence → reference gap 14 days. Fri 09 Oct has room (97 of 386 min),ADJOURNED
ST/2052/2017,KL-002052-2017,EVIDENCE_ACCUSED,2026-10-09,11:52,12:00,11:52,12:22,ADV-191,9.16,Defence evidence → reference gap 14 days. Fri 09 Oct has room (105 of 386 min),MOVED_FORWARD
ST/2089/2017,KL-002089-2017,EVIDENCE_ACCUSED,2026-10-09,12:00,12:09,12:00,12:30,ADV-174,9.16,Defence evidence → reference gap 14 days. Fri 09 Oct has room (113 of 386 min),ADJOURNED
ST/1186/2017,KL-001186-2017,EVIDENCE_ACCUSED,2026-10-09,12:09,12:17,12:09,12:39,ADV-721,9.16,Defence evidence → reference gap 14 days. Fri 09 Oct has room (37 of 386 min),ADJOURNED
ST/1391/2017,KL-001391-2017,EVIDENCE_ACCUSED,2026-10-09,12:17,12:25,12:17,12:47,ADV-228,9.16,Defence evidence → reference gap 14 days. Fri 09 Oct has room (51 of 386 min),ADJOURNED
ST/1779/2017,KL-001779-2017,EVIDENCE_ACCUSED,2026-10-09,12:25,12:33,12:25,12:55,ADV-135,9.16,Defence evidence → reference gap 14 days. Fri 09 Oct has room (74 of 386 min),ADJOURNED
ST/2453/2020,KL-002453-2020,EVIDENCE_COMPLAINANT,2026-10-09,12:33,12:45,12:33,13:03,ADV-1063,6.59,"6.6 years old, close to disposal (complainant evidence stage)",ADJOURNED
ST/2472/2020,KL-002472-2020,EVIDENCE_COMPLAINANT,2026-10-09,12:45,12:57,12:45,13:15,ADV-580,6.59,"6.6 years old, close to disposal (complainant evidence stage)",ADJOURNED
ST/2502/2020,KL-002502-2020,EVIDENCE_COMPLAINANT,2026-10-09,12:57,13:09,12:57,13:27,ADV-284,6.59,"6.6 years old, close to disposal (complainant evidence stage)",ADJOURNED
ST/2594/2020,KL-002594-2020,EVIDENCE_COMPLAINANT,2026-10-09,13:09,13:21,13:09,13:39,ADV-790,6.59,"6.6 years old, close to disposal (complainant evidence stage)",ADJOURNED
ST/2742/2020,KL-002742-2020,EVIDENCE_COMPLAINANT,2026-10-09,13:21,13:30,13:21,13:51,ADV-784,6.59,"6.6 years old, close to disposal (complainant evidence stage)",MOVED_FORWARD
ST/1902/2016,KL-001902-2016,JUDGEMENT,2026-10-09,14:00,14:32,14:00,14:30,ADV-829,9.92,"9.9 years old, judgement likely to proceed (99%)",DISPOSED
ST/1905/2017,KL-001905-2017,JUDGEMENT,2026-10-09,14:32,15:05,14:32,15:02,ADV-239,9.24,"9.2 years old, judgement likely to proceed (99%)",DISPOSED
ST/1922/2016,KL-001922-2016,JUDGEMENT,2026-10-09,15:05,15:37,15:05,15:35,ADV-1100,9.92,"9.9 years old, judgement likely to proceed (99%)",DISPOSED
ST/1958/2016,KL-001958-2016,JUDGEMENT,2026-10-09,15:37,16:09,15:37,16:07,ADV-471,9.92,"9.9 years old, judgement likely to proceed (99%)",DISPOSED
ST/1988/2017,KL-001988-2017,JUDGEMENT,2026-10-09,16:09,16:42,16:09,16:39,ADV-1164,9.37,"9.4 years old, judgement likely to proceed (99%)",DISPOSED
ST/1989/2017,KL-001989-2017,JUDGEMENT,2026-10-09,16:42,17:14,16:42,17:12,ADV-1174,9.37,"9.4 years old, judgement likely to proceed (99%)",DISPOSED
ST/442/2017,KL-000442-2017,ARGUMENTS,2026-10-09,17:14,17:20,17:14,17:44,ADV-031,9.16,Arguments → reference gap 14 days. Fri 09 Oct has room (6 of 386 min),ADJOURNED
ST/1367/2017,KL-001367-2017,ARGUMENTS,2026-10-09,17:20,17:26,17:20,17:50,ADV-210,9.16,Arguments → reference gap 14 days. Fri 09 Oct has room (43 of 386 min),ADJOURNED
ST/2243/2021,KL-002243-2021,APPLICATION_REVIEW,2026-10-12,10:00,10:10,10:00,10:10,ADV-1146,4.84,"Application review likely to proceed (85%), 4.8 years old",MOVED_FORWARD
ST/2337/2021,KL-002337-2021,APPLICATION_REVIEW,2026-10-12,10:10,10:19,10:10,10:20,ADV-932,4.84,"Application review likely to proceed (85%), 4.8 years old",MOVED_FORWARD
ST/2391/2021,KL-002391-2021,APPLICATION_REVIEW,2026-10-12,10:19,10:29,10:19,10:29,ADV-226,4.84,"Application review likely to proceed (85%), 4.8 years old",MOVED_FORWARD
ST/2435/2021,KL-002435-2021,APPLICATION_REVIEW,2026-10-12,10:29,10:39,10:29,10:39,ADV-663,4.84,"Application review likely to proceed (85%), 4.8 years old",MOVED_FORWARD
ST/2507/2021,KL-002507-2021,APPLICATION_REVIEW,2026-10-12,10:39,10:49,10:39,10:49,ADV-137,4.84,"Application review likely to proceed (85%), 4.8 years old",DISPOSED
ST/31/2021,KL-000031-2021,APPLICATION_REVIEW,2026-10-12,10:49,10:58,10:49,10:59,ADV-923,4.84,Application review → reference gap 5 days. Mon 12 Oct has room (69 of 386 min),MOVED_FORWARD
ST/1155/2017,KL-001155-2017,EVIDENCE_ACCUSED,2026-10-12,10:58,11:06,10:58,11:28,ADV-286,9.16,Defence evidence → reference gap 14 days. Mon 12 Oct has room (7 of 386 min); ADV-286 already listed,ADJOURNED
ST/2127/2017,KL-002127-2017,EVIDENCE_ACCUSED,2026-10-12,11:06,11:15,11:06,11:36,ADV-313,9.16,Defence evidence → reference gap 14 days. Mon 12 Oct has room (15 of 386 min),ADJOURNED
ST/2309/2017,KL-002309-2017,EVIDENCE_ACCUSED,2026-10-12,11:15,11:24,11:15,11:45,ADV-085,9.16,Defence evidence → reference gap 14 days. Mon 12 Oct has room (31 of 386 min),ADJOURNED
ST/2355/2017,KL-002355-2017,EVIDENCE_ACCUSED,2026-10-12,11:24,11:32,11:24,11:54,ADV-988,9.16,Defence evidence → reference gap 14 days. Mon 12 Oct has room (39 of 386 min),MOVED_FORWARD
ST/2467/2017,KL-002467-2017,EVIDENCE_ACCUSED,2026-10-12,11:32,11:41,11:32,12:02,ADV-043,9.16,Defence evidence → reference gap 14 days. Mon 12 Oct has room (46 of 386 min),ADJOURNED
ST/2187/2017,KL-002187-2017,EVIDENCE_ACCUSED,2026-10-12,11:41,11:49,11:41,12:11,ADV-1088,9.16,Defence evidence → reference gap 14 days. Mon 12 Oct has room (23 of 386 min),ADJOURNED
ST/2997/2017,KL-002997-2017,EVIDENCE_ACCUSED,2026-10-12,11:49,11:57,11:49,12:19,ADV-1077,9.16,Defence evidence → reference gap 14 days. Mon 12 Oct has room (60 of 386 min),ADJOURNED
ST/2816/2020,KL-002816-2020,EVIDENCE_COMPLAINANT,2026-10-12,11:57,12:09,11:57,12:27,ADV-073,6.60,"6.6 years old, close to disposal (complainant evidence stage)",MOVED_FORWARD
ST/2912/2020,KL-002912-2020,EVIDENCE_COMPLAINANT,2026-10-12,12:09,12:21,12:09,12:39,ADV-424,6.60,"6.6 years old, close to disposal (complainant evidence stage)",ADJOURNED
ST/2957/2020,KL-002957-2020,EVIDENCE_COMPLAINANT,2026-10-12,12:21,12:33,12:21,12:51,ADV-275,6.60,"6.6 years old, close to disposal (complainant evidence stage)",ADJOURNED
ST/43/2020,KL-000043-2020,EVIDENCE_ACCUSED,2026-10-12,12:33,12:41,12:33,13:03,ADV-414,6.23,"6.2 years old, close to disposal (defence evidence stage)",ADJOURNED
ST/86/2020,KL-000086-2020,EVIDENCE_ACCUSED,2026-10-12,12:41,12:49,12:41,13:11,ADV-455,6.23,"6.2 years old, close to disposal (defence evidence stage)",ADJOURNED
ST/110/2020,KL-000110-2020,EVIDENCE_ACCUSED,2026-10-12,12:49,12:57,12:49,13:19,ADV-298,6.23,"6.2 years old, close to disposal (defence evidence stage)",ADJOURNED
ST/223/2020,KL-000223-2020,EVIDENCE_ACCUSED,2026-10-12,12:57,13:05,12:57,13:27,ADV-978,6.23,"6.2 years old, close to disposal (defence evidence stage)",ADJOURNED
ST/541/2020,KL-000541-2020,EVIDENCE_ACCUSED,2026-10-12,13:05,13:13,13:05,13:35,ADV-926,6.23,"6.2 years old, close to disposal (defence evidence stage)",ADJOURNED
ST/1991/2016,KL-001991-2016,JUDGEMENT,2026-10-12,13:13,13:30,13:13,13:43,ADV-818,9.93,"9.9 years old, judgement likely to proceed (99%)",DISPOSED
ST/2048/2016,KL-002048-2016,JUDGEMENT,2026-10-12,14:00,14:32,14:00,14:30,ADV-789,9.93,"9.9 years old, judgement likely to proceed (99%)",DISPOSED
ST/2069/2017,KL-002069-2017,JUDGEMENT,2026-10-12,14:32,15:05,14:32,15:02,ADV-045,9.25,"9.2 years old, judgement likely to proceed (99%)",DISPOSED
ST/2139/2016,KL-002139-2016,JUDGEMENT,2026-10-12,15:05,15:37,15:05,15:35,ADV-102,9.93,"9.9 years old, judgement likely to proceed (99%)",DISPOSED
ST/2160/2017,KL-002160-2017,JUDGEMENT,2026-10-12,15:37,16:09,15:37,16:07,ADV-1167,9.25,"9.2 years old, judgement likely to proceed (99%)",DISPOSED
ST/2194/2017,KL-002194-2017,JUDGEMENT,2026-10-12,16:09,16:42,16:09,16:39,ADV-112,9.38,"9.4 years old, judgement likely to proceed (99%)",DISPOSED
ST/2204/2017,KL-002204-2017,JUDGEMENT,2026-10-12,16:42,17:14,16:42,17:12,ADV-841,9.25,"9.2 years old, judgement likely to proceed (99%)",DISPOSED
ST/2833/2017,KL-002833-2017,ARGUMENTS,2026-10-12,17:14,17:20,17:14,17:44,ADV-1037,9.16,Arguments → reference gap 14 days. Mon 12 Oct has room (52 of 386 min),ADJOURNED
ST/2578/2021,KL-002578-2021,APPLICATION_REVIEW,2026-10-13,10:00,10:10,10:00,10:10,ADV-1179,4.84,"Application review likely to proceed (85%), 4.8 years old",MOVED_FORWARD
ST/2645/2021,KL-002645-2021,APPLICATION_REVIEW,2026-10-13,10:10,10:19,10:10,10:20,ADV-769,4.84,"Application review likely to proceed (85%), 4.8 years old",MOVED_FORWARD
ST/2845/2021,KL-002845-2021,APPLICATION_REVIEW,2026-10-13,10:19,10:29,10:19,10:29,ADV-1101,4.84,"Application review likely to proceed (85%), 4.8 years old",MOVED_FORWARD
ST/2846/2021,KL-002846-2021,APPLICATION_REVIEW,2026-10-13,10:29,10:39,10:29,10:39,ADV-203,4.84,"Application review likely to proceed (85%), 4.8 years old",MOVED_FORWARD
ST/2776/2017,KL-002776-2017,EVIDENCE_ACCUSED,2026-10-13,10:39,10:48,10:39,11:09,ADV-1187,9.17,Defence evidence → reference gap 14 days. Tue 13 Oct has room (15 of 386 min),ADJOURNED
ST/2708/2017,KL-002708-2017,EVIDENCE_ACCUSED,2026-10-13,10:48,10:56,10:48,11:18,ADV-405,9.17,Defence evidence → reference gap 14 days. Tue 13 Oct has room (7 of 386 min),ADJOURNED
ST/324/2017,KL-000324-2017,EVIDENCE_ACCUSED,2026-10-13,10:56,11:04,10:56,11:26,ADV-806,9.40,Defence evidence → reference gap 14 days. Tue 13 Oct has room (29 of 386 min),ADJOURNED
ST/529/2017,KL-000529-2017,EVIDENCE_ACCUSED,2026-10-13,11:04,11:12,11:04,11:34,ADV-237,9.40,Defence evidence → reference gap 14 days. Tue 13 Oct has room (36 of 386 min),MOVED_FORWARD
ST/642/2017,KL-000642-2017,EVIDENCE_ACCUSED,2026-10-13,11:12,11:21,11:12,11:42,ADV-1170,9.40,Defence evidence → reference gap 14 days. Tue 13 Oct has room (44 of 386 min),ADJOURNED
ST/943/2017,KL-000943-2017,EVIDENCE_ACCUSED,2026-10-13,11:21,11:28,11:21,11:51,ADV-1170,9.40,Defence evidence → reference gap 14 days. Tue 13 Oct has room (51 of 386 min); ADV-1170 already listed,ADJOURNED
ST/1354/2017,KL-001354-2017,EVIDENCE_ACCUSED,2026-10-13,11:28,11:37,11:28,11:58,ADV-521,9.40,Defence evidence → reference gap 14 days. Tue 13 Oct has room (72 of 386 min); ADV-521 already listed,ADJOURNED
ST/1045/2020,KL-001045-2020,EVIDENCE_ACCUSED,2026-10-13,11:37,11:45,11:37,12:07,ADV-521,6.23,"6.2 years old, close to disposal (defence evidence stage)",ADJOURNED
ST/1170/2017,KL-001170-2017,EVIDENCE_ACCUSED,2026-10-13,11:45,11:53,11:45,12:15,ADV-851,9.40,Defence evidence → reference gap 14 days. Tue 13 Oct has room (64 of 386 min),ADJOURNED
ST/892/2020,KL-000892-2020,EVIDENCE_ACCUSED,2026-10-13,11:53,12:01,11:53,12:23,ADV-1167,6.23,"6.2 years old, close to disposal (defence evidence stage)",ADJOURNED
ST/906/2020,KL-000906-2020,EVIDENCE_ACCUSED,2026-10-13,12:01,12:09,12:01,12:31,ADV-962,6.23,"6.2 years old, close to disposal (defence evidence stage)",MOVED_FORWARD
ST/982/2020,KL-000982-2020,EVIDENCE_ACCUSED,2026-10-13,12:09,12:17,12:09,12:39,ADV-112,6.23,"6.2 years old, close to disposal (defence evidence stage)",ADJOURNED
ST/1041/2020,KL-001041-2020,EVIDENCE_ACCUSED,2026-10-13,12:17,12:25,12:17,12:47,ADV-415,6.23,"6.2 years old, close to disposal (defence evidence stage)",ADJOURNED
ST/1064/2020,KL-001064-2020,EVIDENCE_ACCUSED,2026-10-13,12:25,12:33,12:25,12:55,ADV-650,6.23,"6.2 years old, close to disposal (defence evidence stage)",ADJOURNED
ST/1194/2020,KL-001194-2020,EVIDENCE_ACCUSED,2026-10-13,12:33,12:41,12:33,13:03,ADV-050,6.23,"6.2 years old, close to disposal (defence evidence stage)",ADJOURNED
ST/1317/2020,KL-001317-2020,EVIDENCE_ACCUSED,2026-10-13,12:41,12:50,12:41,13:11,ADV-1234,6.23,"6.2 years old, close to disposal (defence evidence stage)",ADJOURNED
ST/1348/2020,KL-001348-2020,EVIDENCE_ACCUSED,2026-10-13,12:50,12:58,12:50,13:20,ADV-192,6.23,"6.2 years old, close to disposal (defence evidence stage)",ADJOURNED
ST/1355/2017,KL-001355-2017,JUDGEMENT,2026-10-13,12:58,13:30,12:58,13:28,ADV-609,9.38,Not reached on Tue 06 Oct; earliest day with room. Tue 13 Oct has room (102 of 386 min),DISPOSED
ST/1395/2017,KL-001395-2017,JUDGEMENT,2026-10-13,14:00,14:32,14:00,14:30,ADV-642,9.38,Not reached on Tue 06 Oct; earliest day with room. Tue 13 Oct has room (131 of 386 min),DISPOSED
ST/2310/2016,KL-002310-2016,JUDGEMENT,2026-10-13,14:32,15:05,14:32,15:02,ADV-571,9.93,"9.9 years old, judgement likely to proceed (99%)",DISPOSED
ST/2323/2017,KL-002323-2017,JUDGEMENT,2026-10-13,15:05,15:37,15:05,15:35,ADV-869,9.25,"9.3 years old, judgement likely to proceed (99%)",DISPOSED
ST/2336/2016,KL-002336-2016,JUDGEMENT,2026-10-13,15:37,16:09,15:37,16:07,ADV-089,9.93,"9.9 years old, judgement likely to proceed (99%)",DISPOSED
ST/2351/2016,KL-002351-2016,JUDGEMENT,2026-10-13,16:09,16:42,16:09,16:39,ADV-286,9.93,"9.9 years old, judgement likely to proceed (99%)",DISPOSED
ST/2358/2017,KL-002358-2017,JUDGEMENT,2026-10-13,16:42,17:14,16:42,17:12,ADV-940,9.38,"9.4 years old, judgement likely to proceed (99%)",DISPOSED
ST/2367/2017,KL-002367-2017,JUDGEMENT,2026-10-13,17:14,17:46,17:14,17:44,ADV-109,9.25,"9.3 years old, judgement likely to proceed (99%)",DISPOSED
ST/2411/2016,KL-002411-2016,JUDGEMENT,2026-10-13,17:46,18:19,17:46,18:16,ADV-028,9.93,"9.9 years old, judgement likely to proceed (99%)",ADJOURNED
ST/804/2017,KL-000804-2017,ARGUMENTS,2026-10-13,18:19,18:25,18:19,18:49,ADV-028,9.40,Arguments → reference gap 14 days. Tue 13 Oct has room (57 of 386 min); ADV-028 already listed,NOT_REACHED
ST/153/2017,KL-000153-2017,ARGUMENTS,2026-10-13,18:25,18:31,18:25,18:55,ADV-248,9.40,Arguments → reference gap 14 days. Tue 13 Oct has room (21 of 386 min),NOT_REACHED
ST/2991/2021,KL-002991-2021,APPLICATION_REVIEW,2026-10-14,10:00,10:10,10:00,10:10,ADV-063,4.84,"Application review likely to proceed (85%), 4.8 years old",MOVED_FORWARD
ST/85/2022,KL-000085-2022,APPLICATION_REVIEW,2026-10-14,10:10,10:19,10:10,10:20,ADV-428,4.04,"Application review likely to proceed (85%), 4.0 years old",DISPOSED
ST/240/2022,KL-000240-2022,APPLICATION_REVIEW,2026-10-14,10:19,10:29,10:19,10:29,ADV-049,4.04,"Application review likely to proceed (85%), 4.0 years old",MOVED_FORWARD
ST/1458/2021,KL-001458-2021,APPLICATION_REVIEW,2026-10-14,10:29,10:39,10:29,10:39,ADV-049,4.84,Application review → reference gap 5 days. Wed 14 Oct has room (110 of 386 min); ADV-049 already listed,MOVED_FORWARD
ST/245/2022,KL-000245-2022,APPLICATION_REVIEW,2026-10-14,10:39,10:49,10:39,10:49,ADV-919,4.04,"Application review likely to proceed (85%), 4.0 years old",MOVED_FORWARD
ST/1555/2021,KL-001555-2021,APPLICATION_REVIEW,2026-10-14,10:49,10:58,10:49,10:59,ADV-894,4.84,Application review → reference gap 5 days. Wed 14 Oct has room (119 of 386 min),ADJOURNED
ST/840/2017,KL-000840-2017,EVIDENCE_ACCUSED,2026-10-14,10:58,11:07,10:58,11:28,ADV-1201,9.40,Defence evidence → reference gap 14 days. Wed 14 Oct has room (13 of 386 min),ADJOURNED
ST/1103/2017,KL-001103-2017,EVIDENCE_ACCUSED,2026-10-14,11:07,11:15,11:07,11:37,ADV-240,9.40,Defence evidence → reference gap 14 days. Wed 14 Oct has room (21 of 386 min),ADJOURNED
ST/1530/2017,KL-001530-2017,EVIDENCE_ACCUSED,2026-10-14,11:15,11:23,11:15,11:45,ADV-709,9.40,Defence evidence → reference gap 14 days. Wed 14 Oct has room (35 of 386 min); ADV-709 already listed,ADJOURNED
ST/2799/2020,KL-002799-2020,EVIDENCE_ACCUSED,2026-10-14,11:23,11:32,11:23,11:53,ADV-709,6.23,"6.2 years old, close to disposal (defence evidence stage)",ADJOURNED
ST/1564/2017,KL-001564-2017,EVIDENCE_ACCUSED,2026-10-14,11:32,11:40,11:32,12:02,ADV-238,9.40,Defence evidence → reference gap 14 days. Wed 14 Oct has room (42 of 386 min),ADJOURNED
ST/1708/2017,KL-001708-2017,EVIDENCE_ACCUSED,2026-10-14,11:40,11:48,11:40,12:10,ADV-691,9.40,Defence evidence → reference gap 14 days. Wed 14 Oct has room (57 of 386 min),ADJOURNED
ST/1948/2017,KL-001948-2017,EVIDENCE_ACCUSED,2026-10-14,11:48,11:57,11:48,12:18,ADV-655,9.40,Defence evidence → reference gap 14 days. Wed 14 Oct has room (65 of 386 min),ADJOURNED
ST/1951/2017,KL-001951-2017,EVIDENCE_ACCUSED,2026-10-14,11:57,12:05,11:57,12:27,ADV-417,9.40,Defence evidence → reference gap 14 days. Wed 14 Oct has room (72 of 386 min),MOVED_FORWARD
ST/2113/2017,KL-002113-2017,EVIDENCE_ACCUSED,2026-10-14,12:05,12:13,12:05,12:35,ADV-1251,9.40,Defence evidence → reference gap 14 days. Wed 14 Oct has room (87 of 386 min),MOVED_FORWARD
ST/1705/2017,KL-001705-2017,EVIDENCE_ACCUSED,2026-10-14,12:13,12:21,12:13,12:43,ADV-927,9.40,Defence evidence → reference gap 14 days. Wed 14 Oct has room (49 of 386 min),ADJOURNED
ST/2101/2017,KL-002101-2017,EVIDENCE_ACCUSED,2026-10-14,12:21,12:29,12:21,12:51,ADV-694,9.40,Defence evidence → reference gap 14 days. Wed 14 Oct has room (80 of 386 min),ADJOURNED
ST/2114/2017,KL-002114-2017,EVIDENCE_ACCUSED,2026-10-14,12:29,12:36,12:29,12:59,ADV-032,9.40,Defence evidence → reference gap 14 days. Wed 14 Oct has room (94 of 386 min),ADJOURNED
ST/2164/2017,KL-002164-2017,EVIDENCE_ACCUSED,2026-10-14,12:36,12:44,12:36,13:06,ADV-1054,9.40,Defence evidence → reference gap 14 days. Wed 14 Oct has room (101 of 386 min),ADJOURNED
ST/1539/2020,KL-001539-2020,EVIDENCE_ACCUSED,2026-10-14,12:44,12:52,12:44,13:14,ADV-1051,6.23,"6.2 years old, close to disposal (defence evidence stage)",ADJOURNED
ST/1595/2020,KL-001595-2020,EVIDENCE_ACCUSED,2026-10-14,12:52,13:00,12:52,13:22,ADV-778,6.23,"6.2 years old, close to disposal (defence evidence stage)",ADJOURNED
ST/1600/2020,KL-001600-2020,EVIDENCE_ACCUSED,2026-10-14,13:00,13:09,13:00,13:30,ADV-920,6.23,"6.2 years old, close to disposal (defence evidence stage)",ADJOURNED
ST/2120/2020,KL-002120-2020,EVIDENCE_ACCUSED,2026-10-14,13:09,13:17,13:09,13:39,ADV-040,6.23,"6.2 years old, close to disposal (defence evidence stage)",ADJOURNED
ST/2141/2020,KL-002141-2020,EVIDENCE_ACCUSED,2026-10-14,13:17,13:25,13:17,13:47,ADV-476,6.23,"6.2 years old, close to disposal (defence evidence stage)",ADJOURNED
ST/2155/2020,KL-002155-2020,EVIDENCE_ACCUSED,2026-10-14,13:25,13:30,13:25,13:55,ADV-1010,6.23,"6.2 years old, close to disposal (defence evidence stage)",ADJOURNED
ST/2707/2020,KL-002707-2020,EVIDENCE_ACCUSED,2026-10-14,14:00,14:08,14:00,14:30,ADV-519,6.23,"6.2 years old, close to disposal (defence evidence stage)",ADJOURNED
ST/2774/2020,KL-002774-2020,EVIDENCE_ACCUSED,2026-10-14,14:08,14:16,14:08,14:38,ADV-031,6.23,"6.2 years old, close to disposal (defence evidence stage)",ADJOURNED
ST/2444/2017,KL-002444-2017,JUDGEMENT,2026-10-14,14:16,14:49,14:16,14:46,ADV-1018,9.39,"9.4 years old, judgement likely to proceed (99%)",DISPOSED
ST/2462/2017,KL-002462-2017,JUDGEMENT,2026-10-14,14:49,15:21,14:49,15:19,ADV-004,9.39,"9.4 years old, judgement likely to proceed (99%)",DISPOSED
ST/2470/2017,KL-002470-2017,JUDGEMENT,2026-10-14,15:21,15:53,15:21,15:51,ADV-343,9.39,"9.4 years old, judgement likely to proceed (99%)",DISPOSED
ST/2539/2016,KL-002539-2016,JUDGEMENT,2026-10-14,15:53,16:26,15:53,16:23,ADV-1029,9.93,"9.9 years old, judgement likely to proceed (99%)",DISPOSED
ST/2553/2017,KL-002553-2017,JUDGEMENT,2026-10-14,16:26,16:58,16:26,16:56,ADV-827,9.39,"9.4 years old, judgement likely to proceed (99%)",DISPOSED
ST/2593/2016,KL-002593-2016,JUDGEMENT,2026-10-14,16:58,17:30,16:58,17:28,ADV-666,9.93,"9.9 years old, judgement likely to proceed (99%)",DISPOSED
ST/669/2017,KL-000669-2017,ARGUMENTS,2026-10-14,17:30,17:37,17:30,18:00,ADV-537,9.40,Arguments → reference gap 14 days. Wed 14 Oct has room (6 of 386 min),ADJOURNED
ST/1507/2017,KL-001507-2017,ARGUMENTS,2026-10-14,17:37,17:43,17:37,18:07,ADV-366,9.40,Arguments → reference gap 14 days. Wed 14 Oct has room (27 of 386 min),ADJOURNED
ST/343/2022,KL-000343-2022,APPLICATION_REVIEW,2026-10-15,10:00,10:10,10:00,10:10,ADV-125,4.05,"Application review likely to proceed (85%), 4.0 years old",MOVED_FORWARD
ST/599/2022,KL-000599-2022,APPLICATION_REVIEW,2026-10-15,10:10,10:19,10:10,10:20,ADV-359,4.05,"Application review likely to proceed (85%), 4.0 years old",ADJOURNED
ST/675/2022,KL-000675-2022,APPLICATION_REVIEW,2026-10-15,10:19,10:29,10:19,10:29,ADV-815,4.05,"Application review likely to proceed (85%), 4.0 years old",MOVED_FORWARD
ST/825/2022,KL-000825-2022,APPLICATION_REVIEW,2026-10-15,10:29,10:39,10:29,10:39,ADV-749,4.05,"Application review likely to proceed (85%), 4.0 years old",MOVED_FORWARD
ST/1853/2021,KL-001853-2021,APPLICATION_REVIEW,2026-10-15,10:39,10:49,10:39,10:49,ADV-134,4.84,Application review → reference gap 5 days. Thu 15 Oct has room (148 of 386 min),MOVED_FORWARD
ST/2531/2017,KL-002531-2017,EVIDENCE_ACCUSED,2026-10-15,10:49,10:57,10:49,11:19,ADV-746,9.41,Defence evidence → reference gap 14 days. Thu 15 Oct has room (110 of 386 min),ADJOURNED
ST/2633/2017,KL-002633-2017,EVIDENCE_ACCUSED,2026-10-15,10:57,11:05,10:57,11:27,ADV-657,9.41,Defence evidence → reference gap 14 days. Thu 15 Oct has room (117 of 386 min),ADJOURNED
ST/2693/2017,KL-002693-2017,EVIDENCE_ACCUSED,2026-10-15,11:05,11:14,11:05,11:35,ADV-1117,9.41,Defence evidence → reference gap 14 days. Thu 15 Oct has room (125 of 386 min),ADJOURNED
ST/2785/2017,KL-002785-2017,EVIDENCE_ACCUSED,2026-10-15,11:14,11:22,11:14,11:44,ADV-718,9.41,Defence evidence → reference gap 14 days. Thu 15 Oct has room (133 of 386 min),MOVED_FORWARD
ST/2305/2017,KL-002305-2017,EVIDENCE_ACCUSED,2026-10-15,11:22,11:30,11:22,11:52,ADV-295,9.41,Defence evidence → reference gap 14 days. Thu 15 Oct has room (96 of 386 min),ADJOURNED
ST/2820/2020,KL-002820-2020,EVIDENCE_ACCUSED,2026-10-15,11:30,11:38,11:30,12:00,ADV-716,6.23,"6.2 years old, close to disposal (defence evidence stage)",ADJOURNED
ST/2842/2020,KL-002842-2020,EVIDENCE_ACCUSED,2026-10-15,11:38,11:46,11:38,12:08,ADV-1260,6.23,"6.2 years old, close to disposal (defence evidence stage)",MOVED_FORWARD
ST/206/2021,KL-000206-2021,EVIDENCE_ACCUSED,2026-10-15,11:46,11:54,11:46,12:16,ADV-854,5.70,"5.7 years old, close to disposal (complainant evidence stage)",ADJOURNED
ST/209/2021,KL-000209-2021,EVIDENCE_ACCUSED,2026-10-15,11:54,12:02,11:54,12:24,ADV-530,5.70,"5.7 years old, close to disposal (complainant evidence stage)",ADJOURNED
ST/211/2021,KL-000211-2021,EVIDENCE_ACCUSED,2026-10-15,12:02,12:11,12:02,12:32,ADV-1211,5.70,"5.7 years old, close to disposal (complainant evidence stage)",ADJOURNED
ST/292/2021,KL-000292-2021,EVIDENCE_ACCUSED,2026-10-15,12:11,12:19,12:11,12:41,ADV-585,5.70,"5.7 years old, close to disposal (complainant evidence stage)",ADJOURNED
ST/380/2021,KL-000380-2021,EVIDENCE_ACCUSED,2026-10-15,12:19,12:27,12:19,12:49,ADV-498,5.70,"5.7 years old, close to disposal (complainant evidence stage)",ADJOURNED
ST/509/2021,KL-000509-2021,EVIDENCE_ACCUSED,2026-10-15,12:27,12:35,12:27,12:57,ADV-074,5.70,"5.7 years old, close to disposal (complainant evidence stage)",MOVED_FORWARD
ST/2602/2017,KL-002602-2017,JUDGEMENT,2026-10-15,12:35,13:07,12:35,13:05,ADV-1258,9.39,"9.4 years old, judgement likely to proceed (99%)",DISPOSED
ST/2607/2016,KL-002607-2016,JUDGEMENT,2026-10-15,13:07,13:30,13:07,13:37,ADV-569,9.94,"9.9 years old, judgement likely to proceed (99%)",DISPOSED
ST/2637/2017,KL-002637-2017,JUDGEMENT,2026-10-15,14:00,14:32,14:00,14:30,ADV-322,9.26,"9.3 years old, judgement likely to proceed (99%)",DISPOSED
ST/2650/2017,KL-002650-2017,JUDGEMENT,2026-10-15,14:32,15:05,14:32,15:02,ADV-1236,9.26,"9.3 years old, judgement likely to proceed (99%)",DISPOSED
ST/2665/2017,KL-002665-2017,JUDGEMENT,2026-10-15,15:05,15:37,15:05,15:35,ADV-689,9.39,"9.4 years old, judgement likely to proceed (99%)",DISPOSED
ST/129/2021,KL-000129-2021,JUDGEMENT,2026-10-15,15:37,16:09,15:37,16:07,ADV-636,5.69,Judgement → reference gap 21 days. Thu 15 Oct has room (30 of 386 min),DISPOSED
ST/228/2021,KL-000228-2021,JUDGEMENT,2026-10-15,16:09,16:42,16:09,16:39,ADV-477,5.69,Judgement → reference gap 21 days. Thu 15 Oct has room (59 of 386 min),DISPOSED
ST/535/2021,KL-000535-2021,JUDGEMENT,2026-10-15,16:42,17:14,16:42,17:12,ADV-111,5.69,Judgement → reference gap 21 days. Thu 15 Oct has room (89 of 386 min),DISPOSED
ST/2383/2017,KL-002383-2017,ARGUMENTS,2026-10-15,17:14,17:20,17:14,17:44,ADV-490,9.41,Arguments → reference gap 14 days. Thu 15 Oct has room (102 of 386 min),ADJOURNED
ST/2894/2017,KL-002894-2017,ARGUMENTS,2026-10-15,17:20,17:26,17:20,17:50,ADV-409,9.41,Arguments → reference gap 14 days. Thu 15 Oct has room (139 of 386 min),ADJOURNED
ST/996/2022,KL-000996-2022,APPLICATION_REVIEW,2026-10-16,10:00,10:10,10:00,10:10,ADV-423,4.05,"Application review likely to proceed (85%), 4.0 years old",MOVED_FORWARD
ST/1171/2022,KL-001171-2022,APPLICATION_REVIEW,2026-10-16,10:10,10:19,10:10,10:20,ADV-470,4.05,"Application review likely to proceed (85%), 4.0 years old",ADJOURNED
ST/1200/2022,KL-001200-2022,APPLICATION_REVIEW,2026-10-16,10:19,10:29,10:19,10:29,ADV-301,4.05,"Application review likely to proceed (85%), 4.0 years old",MOVED_FORWARD
ST/1211/2022,KL-001211-2022,APPLICATION_REVIEW,2026-10-16,10:29,10:39,10:29,10:39,ADV-191,4.05,"Application review likely to proceed (85%), 4.0 years old",MOVED_FORWARD
ST/2796/2017,KL-002796-2017,EVIDENCE_ACCUSED,2026-10-16,10:39,10:47,10:39,11:09,ADV-258,9.41,Defence evidence → reference gap 14 days. Fri 16 Oct has room (97 of 386 min),MOVED_FORWARD
ST/10/2020,KL-000010-2020,EVIDENCE_ACCUSED,2026-10-16,10:47,10:55,10:47,11:17,ADV-1024,6.61,Defence evidence → reference gap 14 days. Fri 16 Oct has room (104 of 386 min),ADJOURNED
ST/618/2021,KL-000618-2021,EVIDENCE_ACCUSED,2026-10-16,10:55,11:03,10:55,11:25,ADV-516,5.70,"5.7 years old, close to disposal (complainant evidence stage)",ADJOURNED
ST/1011/2021,KL-001011-2021,EVIDENCE_ACCUSED,2026-10-16,11:03,11:12,11:03,11:33,ADV-445,5.70,"5.7 years old, close to disposal (complainant evidence stage)",ADJOURNED
ST/1123/2021,KL-001123-2021,EVIDENCE_ACCUSED,2026-10-16,11:12,11:20,11:12,11:42,ADV-1242,5.70,"5.7 years old, close to disposal (complainant evidence stage)",ADJOURNED
ST/1261/2021,KL-001261-2021,EVIDENCE_ACCUSED,2026-10-16,11:20,11:28,11:20,11:50,ADV-285,5.70,"5.7 years old, close to disposal (complainant evidence stage)",ADJOURNED
ST/1297/2021,KL-001297-2021,EVIDENCE_ACCUSED,2026-10-16,11:28,11:36,11:28,11:58,ADV-562,5.70,"5.7 years old, close to disposal (complainant evidence stage)",ADJOURNED
ST/1429/2021,KL-001429-2021,EVIDENCE_ACCUSED,2026-10-16,11:36,11:44,11:36,12:06,ADV-972,5.70,"5.7 years old, close to disposal (complainant evidence stage)",ADJOURNED
ST/1459/2021,KL-001459-2021,EVIDENCE_ACCUSED,2026-10-16,11:44,11:52,11:44,12:14,ADV-147,5.70,"5.7 years old, close to disposal (complainant evidence stage)",ADJOURNED
ST/1502/2021,KL-001502-2021,EVIDENCE_ACCUSED,2026-10-16,11:52,12:01,11:52,12:22,ADV-673,5.70,"5.7 years old, close to disposal (complainant evidence stage)",ADJOURNED
ST/1621/2021,KL-001621-2021,EVIDENCE_ACCUSED,2026-10-16,12:01,12:09,12:01,12:31,ADV-779,5.70,"5.7 years old, close to disposal (complainant evidence stage)",ADJOURNED
ST/2666/2016,KL-002666-2016,JUDGEMENT,2026-10-16,12:09,12:41,12:09,12:39,ADV-584,9.94,"9.9 years old, judgement likely to proceed (99%)",DISPOSED
ST/2734/2017,KL-002734-2017,JUDGEMENT,2026-10-16,12:41,13:13,12:41,13:11,ADV-518,9.39,"9.4 years old, judgement likely to proceed (99%)",DISPOSED
ST/2766/2016,KL-002766-2016,JUDGEMENT,2026-10-16,13:13,13:30,13:13,13:43,ADV-693,9.94,"9.9 years old, judgement likely to proceed (99%)",DISPOSED
ST/2794/2016,KL-002794-2016,JUDGEMENT,2026-10-16,14:00,14:32,14:00,14:30,ADV-1228,9.94,"9.9 years old, judgement likely to proceed (99%)",DISPOSED
ST/2839/2017,KL-002839-2017,JUDGEMENT,2026-10-16,14:32,15:05,14:32,15:02,ADV-351,9.39,"9.4 years old, judgement likely to proceed (99%)",DISPOSED
ST/2874/2017,KL-002874-2017,JUDGEMENT,2026-10-16,15:05,15:37,15:05,15:35,ADV-406,9.39,"9.4 years old, judgement likely to proceed (99%)",DISPOSED
ST/288/2021,KL-000288-2021,JUDGEMENT,2026-10-16,15:37,16:09,15:37,16:07,ADV-253,5.69,Judgement → reference gap 21 days. Fri 16 Oct has room (30 of 386 min),DISPOSED
ST/570/2021,KL-000570-2021,JUDGEMENT,2026-10-16,16:09,16:42,16:09,16:39,ADV-311,5.69,Judgement → reference gap 21 days. Fri 16 Oct has room (59 of 386 min),DISPOSED
ST/930/2021,KL-000930-2021,JUDGEMENT,2026-10-16,16:42,17:14,16:42,17:12,ADV-933,5.69,Judgement → reference gap 21 days. Fri 16 Oct has room (89 of 386 min),DISPOSED
ST/1290/2022,KL-001290-2022,APPLICATION_REVIEW,2026-10-19,10:00,10:10,10:00,10:10,ADV-389,4.06,"4+ year case due within 30 days, application review likely to proceed (85%), 4.1 years old",MOVED_FORWARD
ST/1540/2022,KL-001540-2022,APPLICATION_REVIEW,2026-10-19,10:10,10:19,10:10,10:20,ADV-1096,4.06,"4+ year case due within 30 days, application review likely to proceed (85%), 4.1 years old",MOVED_FORWARD
ST/1638/2022,KL-001638-2022,APPLICATION_REVIEW,2026-10-19,10:19,10:29,10:19,10:29,ADV-626,4.06,"4+ year case due within 30 days, application review likely to proceed (85%), 4.1 years old",DISPOSED
ST/1673/2021,KL-001673-2021,EVIDENCE_ACCUSED,2026-10-19,10:29,10:37,10:29,10:59,ADV-266,5.71,"4+ year case due within 30 days, 5.7 years old, close to disposal (complainant evidence stage)",DISPOSED
ST/1701/2021,KL-001701-2021,EVIDENCE_ACCUSED,2026-10-19,10:37,10:46,10:37,11:07,ADV-1120,5.71,"4+ year case due within 30 days, 5.7 years old, close to disposal (complainant evidence stage)",ADJOURNED
ST/1882/2021,KL-001882-2021,EVIDENCE_ACCUSED,2026-10-19,10:46,10:54,10:46,11:16,ADV-1258,5.71,"4+ year case due within 30 days, 5.7 years old, close to disposal (complainant evidence stage)",MOVED_FORWARD
ST/2301/2021,KL-002301-2021,EVIDENCE_ACCUSED,2026-10-19,10:54,11:02,10:54,11:24,ADV-085,5.71,"4+ year case due within 30 days, 5.7 years old, close to disposal (complainant evidence stage)",ADJOURNED
ST/2333/2021,KL-002333-2021,EVIDENCE_ACCUSED,2026-10-19,11:02,11:10,11:02,11:32,ADV-493,5.71,"4+ year case due within 30 days, 5.7 years old, close to disposal (complainant evidence stage)",MOVED_FORWARD
ST/2418/2021,KL-002418-2021,EVIDENCE_ACCUSED,2026-10-19,11:10,11:18,11:10,11:40,ADV-215,5.71,"4+ year case due within 30 days, 5.7 years old, close to disposal (complainant evidence stage)",ADJOURNED
ST/2492/2021,KL-002492-2021,EVIDENCE_ACCUSED,2026-10-19,11:18,11:26,11:18,11:48,ADV-987,5.71,"4+ year case due within 30 days, 5.7 years old, close to disposal (complainant evidence stage)",ADJOURNED
ST/2895/2021,KL-002895-2021,EVIDENCE_ACCUSED,2026-10-19,11:26,11:34,11:26,11:56,ADV-679,5.71,"4+ year case due within 30 days, 5.7 years old, close to disposal (complainant evidence stage)",ADJOURNED
ST/172/2020,KL-000172-2020,EVIDENCE_COMPLAINANT,2026-10-19,11:34,11:47,11:34,12:04,ADV-1183,6.62,Complainant evidence → reference gap 14 days. Mon 19 Oct has room (153 of 386 min),ADJOURNED
ST/33/2020,KL-000033-2020,EVIDENCE_COMPLAINANT,2026-10-19,11:47,11:58,11:47,12:17,ADV-710,6.62,Complainant evidence → reference gap 14 days. Mon 19 Oct has room (127 of 386 min),DISPOSED
ST/218/2020,KL-000218-2020,EVIDENCE_COMPLAINANT,2026-10-19,11:58,12:09,11:58,12:28,ADV-542,6.62,Complainant evidence → reference gap 14 days. Mon 19 Oct has room (163 of 386 min),ADJOURNED
ST/243/2020,KL-000243-2020,EVIDENCE_COMPLAINANT,2026-10-19,12:09,12:20,12:09,12:39,ADV-1131,6.62,Complainant evidence → reference gap 14 days. Mon 19 Oct has room (173 of 386 min),ADJOURNED
ST/87/2020,KL-000087-2020,EVIDENCE_ACCUSED,2026-10-19,12:20,12:28,12:20,12:50,ADV-229,6.62,Defence evidence → reference gap 14 days. Mon 19 Oct has room (134 of 386 min); ADV-229 already listed,ADJOURNED
ST/133/2020,KL-000133-2020,EVIDENCE_ACCUSED,2026-10-19,12:28,12:36,12:28,12:58,ADV-958,6.62,Defence evidence → reference gap 14 days. Mon 19 Oct has room (141 of 386 min),ADJOURNED
ST/359/2020,KL-000359-2020,EVIDENCE_ACCUSED,2026-10-19,12:36,12:44,12:36,13:06,ADV-237,6.62,Defence evidence → reference gap 14 days. Mon 19 Oct has room (180 of 386 min),ADJOURNED
ST/2896/2016,KL-002896-2016,JUDGEMENT,2026-10-19,12:44,13:16,12:44,13:14,ADV-1006,9.95,"4+ year case due within 30 days, 9.9 years old, judgement likely to proceed (99%)",DISPOSED
ST/2949/2016,KL-002949-2016,JUDGEMENT,2026-10-19,13:16,13:30,13:16,13:46,ADV-1178,9.95,"4+ year case due within 30 days, 9.9 years old, judgement likely to proceed (99%)",DISPOSED
ST/440/2021,KL-000440-2021,JUDGEMENT,2026-10-19,14:00,14:32,14:00,14:30,ADV-1046,4.91,"4+ year case due within 30 days, judgement likely to proceed (99%), 4.9 years old",DISPOSED
ST/552/2021,KL-000552-2021,JUDGEMENT,2026-10-19,14:32,15:05,14:32,15:02,ADV-658,4.91,"4+ year case due within 30 days, judgement likely to proceed (99%), 4.9 years old",DISPOSED
ST/145/2017,KL-000145-2017,JUDGEMENT,2026-10-19,15:05,15:34,15:05,15:35,ADV-962,9.66,Judgement → reference gap 21 days. Mon 19 Oct has room (116 of 386 min),DISPOSED
ST/978/2021,KL-000978-2021,JUDGEMENT,2026-10-19,15:34,16:06,15:34,16:04,ADV-1245,5.70,Judgement → reference gap 21 days. Mon 19 Oct has room (30 of 386 min),DISPOSED
ST/1344/2021,KL-001344-2021,JUDGEMENT,2026-10-19,16:06,16:39,16:06,16:36,ADV-325,5.70,Judgement → reference gap 21 days. Mon 19 Oct has room (59 of 386 min),DISPOSED
ST/1455/2021,KL-001455-2021,JUDGEMENT,2026-10-19,16:39,17:11,16:39,17:09,ADV-772,5.70,Judgement → reference gap 21 days. Mon 19 Oct has room (89 of 386 min),DISPOSED
ST/1753/2022,KL-001753-2022,APPLICATION_REVIEW,2026-10-21,10:00,10:10,10:00,10:10,ADV-1016,4.06,"4+ year case due within 30 days, application review likely to proceed (85%), 4.1 years old",MOVED_FORWARD
ST/1755/2022,KL-001755-2022,APPLICATION_REVIEW,2026-10-21,10:10,10:19,10:10,10:20,ADV-268,4.06,"4+ year case due within 30 days, application review likely to proceed (85%), 4.1 years old",MOVED_FORWARD
ST/93/2021,KL-000093-2021,EVIDENCE_COMPLAINANT,2026-10-21,10:19,10:31,10:19,10:49,ADV-907,4.80,"4+ year case due within 30 days, 4.8 years old, close to disposal (complainant evidence stage)",ADJOURNED
ST/297/2021,KL-000297-2021,EVIDENCE_COMPLAINANT,2026-10-21,10:31,10:43,10:31,11:01,ADV-267,4.80,"4+ year case due within 30 days, 4.8 years old, close to disposal (complainant evidence stage)",ADJOURNED
ST/361/2021,KL-000361-2021,EVIDENCE_COMPLAINANT,2026-10-21,10:43,10:55,10:43,11:13,ADV-1241,4.80,"4+ year case due within 30 days, 4.8 years old, close to disposal (complainant evidence stage)",MOVED_FORWARD
ST/69/2021,KL-000069-2021,EVIDENCE_ACCUSED,2026-10-21,10:55,11:03,10:55,11:25,ADV-188,4.84,"4+ year case due within 30 days, 4.8 years old, close to disposal (defence evidence stage)",ADJOURNED
ST/588/2020,KL-000588-2020,EVIDENCE_COMPLAINANT,2026-10-21,11:03,11:16,11:03,11:33,ADV-869,6.62,Complainant evidence → reference gap 14 days. Wed 21 Oct has room (148 of 386 min),ADJOURNED
ST/695/2020,KL-000695-2020,EVIDENCE_COMPLAINANT,2026-10-21,11:16,11:28,11:16,11:46,ADV-499,6.62,Complainant evidence → reference gap 14 days. Wed 21 Oct has room (166 of 386 min),ADJOURNED
ST/376/2020,KL-000376-2020,EVIDENCE_COMPLAINANT,2026-10-21,11:28,11:39,11:28,11:58,ADV-637,6.62,Complainant evidence → reference gap 14 days. Wed 21 Oct has room (129 of 386 min),MOVED_FORWARD
ST/826/2020,KL-000826-2020,EVIDENCE_COMPLAINANT,2026-10-21,11:39,11:50,11:39,12:09,ADV-1139,6.62,Complainant evidence → reference gap 14 days. Wed 21 Oct has room (191 of 386 min),ADJOURNED
ST/1633/2020,KL-001633-2020,EVIDENCE_COMPLAINANT,2026-10-21,11:50,12:01,11:50,12:20,ADV-347,6.62,Complainant evidence → reference gap 14 days. Wed 21 Oct has room (209 of 386 min),ADJOURNED
ST/581/2020,KL-000581-2020,EVIDENCE_ACCUSED,2026-10-21,12:01,12:09,12:01,12:31,ADV-1111,6.62,Defence evidence → reference gap 14 days. Wed 21 Oct has room (137 of 386 min),ADJOURNED
ST/674/2020,KL-000674-2020,EVIDENCE_ACCUSED,2026-10-21,12:09,12:17,12:09,12:39,ADV-001,6.62,Defence evidence → reference gap 14 days. Wed 21 Oct has room (155 of 386 min),ADJOURNED
ST/700/2020,KL-000700-2020,EVIDENCE_ACCUSED,2026-10-21,12:17,12:25,12:17,12:47,ADV-958,6.62,Defence evidence → reference gap 14 days. Wed 21 Oct has room (174 of 386 min),ADJOURNED
ST/791/2020,KL-000791-2020,EVIDENCE_ACCUSED,2026-10-21,12:25,12:33,12:25,12:55,ADV-142,6.62,Defence evidence → reference gap 14 days. Wed 21 Oct has room (181 of 386 min),MOVED_FORWARD
ST/910/2020,KL-000910-2020,EVIDENCE_ACCUSED,2026-10-21,12:33,12:41,12:33,13:03,ADV-1142,6.62,Defence evidence → reference gap 14 days. Wed 21 Oct has room (199 of 386 min),ADJOURNED
ST/809/2021,KL-000809-2021,JUDGEMENT,2026-10-21,12:41,13:14,12:41,13:11,ADV-654,4.92,"4+ year case due within 30 days, judgement likely to proceed (99%), 4.9 years old",DISPOSED
ST/1094/2021,KL-001094-2021,JUDGEMENT,2026-10-21,13:14,13:30,13:14,13:44,ADV-561,4.92,"4+ year case due within 30 days, judgement likely to proceed (99%), 4.9 years old",DISPOSED
ST/1168/2021,KL-001168-2021,JUDGEMENT,2026-10-21,14:00,14:32,14:00,14:30,ADV-229,4.92,"4+ year case due within 30 days, judgement likely to proceed (99%), 4.9 years old",DISPOSED
ST/1173/2021,KL-001173-2021,JUDGEMENT,2026-10-21,14:32,15:05,14:32,15:02,ADV-639,4.92,"4+ year case due within 30 days, judgement likely to proceed (99%), 4.9 years old",DISPOSED
ST/153/2017,KL-000153-2017,ARGUMENTS,2026-10-21,15:05,15:11,15:05,15:35,ADV-248,9.42,Not reached on Tue 13 Oct; earliest day with room. Wed 21 Oct has room (221 of 386 min),MOVED_FORWARD
ST/804/2017,KL-000804-2017,ARGUMENTS,2026-10-21,15:11,15:17,15:11,15:41,ADV-028,9.42,Not reached on Tue 13 Oct; earliest day with room. Wed 21 Oct has room (215 of 386 min),ADJOURNED
ST/1627/2021,KL-001627-2021,JUDGEMENT,2026-10-21,15:17,15:50,15:17,15:47,ADV-004,5.71,Judgement → reference gap 21 days. Wed 21 Oct has room (30 of 386 min),DISPOSED
ST/1631/2021,KL-001631-2021,JUDGEMENT,2026-10-21,15:50,16:22,15:50,16:20,ADV-187,5.71,Judgement → reference gap 21 days. Wed 21 Oct has room (59 of 386 min),ADJOURNED
ST/1765/2021,KL-001765-2021,JUDGEMENT,2026-10-21,16:22,16:54,16:22,16:52,ADV-551,5.71,Judgement → reference gap 21 days. Wed 21 Oct has room (89 of 386 min),NOT_REACHED
ST/2561/2021,KL-002561-2021,JUDGEMENT,2026-10-21,16:54,17:26,16:54,17:24,ADV-600,5.71,Judgement → reference gap 21 days. Wed 21 Oct has room (119 of 386 min),NOT_REACHED
ST/1982/2022,KL-001982-2022,APPLICATION_REVIEW,2026-10-22,10:00,10:10,10:00,10:10,ADV-1209,4.07,"4+ year case due within 30 days, application review likely to proceed (85%), 4.1 years old",MOVED_FORWARD
ST/2128/2022,KL-002128-2022,APPLICATION_REVIEW,2026-10-22,10:10,10:19,10:10,10:20,ADV-651,4.07,"4+ year case due within 30 days, application review likely to proceed (85%), 4.1 years old",MOVED_FORWARD
ST/1555/2021,KL-001555-2021,APPLICATION_REVIEW,2026-10-22,10:19,10:29,10:19,10:29,ADV-894,4.86,Application review → reference gap 5 days. Thu 22 Oct has room (244 of 386 min),MOVED_FORWARD
ST/459/2021,KL-000459-2021,EVIDENCE_COMPLAINANT,2026-10-22,10:29,10:41,10:29,10:59,ADV-1060,4.81,"4+ year case due within 30 days, 4.8 years old, close to disposal (complainant evidence stage)",MOVED_FORWARD
ST/477/2021,KL-000477-2021,EVIDENCE_COMPLAINANT,2026-10-22,10:41,10:53,10:41,11:11,ADV-691,4.81,"4+ year case due within 30 days, 4.8 years old, close to disposal (complainant evidence stage)",MOVED_FORWARD
ST/513/2021,KL-000513-2021,EVIDENCE_COMPLAINANT,2026-10-22,10:53,11:05,10:53,11:23,ADV-162,4.81,"4+ year case due within 30 days, 4.8 years old, close to disposal (complainant evidence stage)",ADJOURNED
ST/590/2021,KL-000590-2021,EVIDENCE_COMPLAINANT,2026-10-22,11:05,11:17,11:05,11:35,ADV-1147,4.81,"4+ year case due within 30 days, 4.8 years old, close to disposal (complainant evidence stage)",ADJOURNED
ST/226/2017,KL-000226-2017,EVIDENCE_ACCUSED,2026-10-22,11:17,11:25,11:17,11:47,ADV-973,9.19,Defence evidence → reference gap 14 days. Thu 22 Oct has room (186 of 386 min),ADJOURNED
ST/333/2017,KL-000333-2017,EVIDENCE_ACCUSED,2026-10-22,11:25,11:34,11:25,11:55,ADV-313,9.19,Defence evidence → reference gap 14 days. Thu 22 Oct has room (194 of 386 min),MOVED_FORWARD
ST/190/2017,KL-000190-2017,EVIDENCE_ACCUSED,2026-10-22,11:34,11:42,11:34,12:04,ADV-1051,9.19,Defence evidence → reference gap 14 days. Thu 22 Oct has room (201 of 386 min),ADJOURNED
ST/891/2020,KL-000891-2020,EVIDENCE_COMPLAINANT,2026-10-22,11:42,11:55,11:42,12:12,ADV-715,6.63,Complainant evidence → reference gap 14 days. Thu 22 Oct has room (160 of 386 min),ADJOURNED
ST/1842/2020,KL-001842-2020,EVIDENCE_COMPLAINANT,2026-10-22,11:55,12:07,11:55,12:25,ADV-157,6.63,Complainant evidence → reference gap 14 days. Thu 22 Oct has room (212 of 386 min),ADJOURNED
ST/2082/2020,KL-002082-2020,EVIDENCE_COMPLAINANT,2026-10-22,12:07,12:19,12:07,12:37,ADV-640,6.63,Complainant evidence → reference gap 14 days. Thu 22 Oct has room (224 of 386 min),ADJOURNED
ST/2340/2020,KL-002340-2020,EVIDENCE_COMPLAINANT,2026-10-22,12:19,12:31,12:19,12:49,ADV-589,6.63,Complainant evidence → reference gap 14 days. Thu 22 Oct has room (235 of 386 min),ADJOURNED
ST/977/2020,KL-000977-2020,EVIDENCE_COMPLAINANT,2026-10-22,12:31,12:43,12:31,13:01,ADV-812,6.63,Complainant evidence → reference gap 14 days. Thu 22 Oct has room (170 of 386 min),ADJOURNED
ST/1788/2020,KL-001788-2020,EVIDENCE_ACCUSED,2026-10-22,12:43,12:51,12:43,13:13,ADV-014,6.63,Defence evidence → reference gap 14 days. Thu 22 Oct has room (178 of 386 min),MOVED_FORWARD
ST/1283/2021,KL-001283-2021,JUDGEMENT,2026-10-22,12:51,13:23,12:51,13:21,ADV-214,4.92,"4+ year case due within 30 days, judgement likely to proceed (99%), 4.9 years old",DISPOSED
ST/1320/2021,KL-001320-2021,JUDGEMENT,2026-10-22,13:23,13:30,13:23,13:53,ADV-054,4.92,"4+ year case due within 30 days, judgement likely to proceed (99%), 4.9 years old",DISPOSED
ST/1352/2021,KL-001352-2021,JUDGEMENT,2026-10-22,14:00,14:32,14:00,14:30,ADV-713,4.92,"4+ year case due within 30 days, judgement likely to proceed (99%), 4.9 years old",DISPOSED
ST/1759/2021,KL-001759-2021,JUDGEMENT,2026-10-22,14:32,15:05,14:32,15:02,ADV-570,5.71,Judgement → reference gap 21 days. Thu 22 Oct has room (30 of 386 min),DISPOSED
ST/1897/2021,KL-001897-2021,JUDGEMENT,2026-10-22,15:05,15:37,15:05,15:35,ADV-1072,5.71,Judgement → reference gap 21 days. Thu 22 Oct has room (59 of 386 min),DISPOSED
ST/2626/2021,KL-002626-2021,JUDGEMENT,2026-10-22,15:37,16:09,15:37,16:07,ADV-874,5.71,Judgement → reference gap 21 days. Thu 22 Oct has room (89 of 386 min),DISPOSED
ST/2719/2021,KL-002719-2021,JUDGEMENT,2026-10-22,16:09,16:42,16:09,16:39,ADV-009,5.71,Judgement → reference gap 21 days. Thu 22 Oct has room (119 of 386 min),DISPOSED
ST/20/2021,KL-000020-2021,JUDGEMENT,2026-10-22,16:42,17:14,16:42,17:12,ADV-939,4.86,Judgement → reference gap 21 days. Thu 22 Oct has room (149 of 386 min),DISPOSED
ST/2179/2022,KL-002179-2022,APPLICATION_REVIEW,2026-10-23,10:00,10:10,10:00,10:10,ADV-110,4.07,"4+ year case due within 30 days, application review likely to proceed (85%), 4.1 years old",MOVED_FORWARD
ST/2359/2022,KL-002359-2022,APPLICATION_REVIEW,2026-10-23,10:10,10:19,10:10,10:20,ADV-084,4.07,"4+ year case due within 30 days, application review likely to proceed (85%), 4.1 years old",MOVED_FORWARD
ST/356/2017,KL-000356-2017,REPORTS,2026-10-23,10:19,10:23,10:19,10:29,ADV-556,9.67,"4+ year case due within 30 days, 9.7 years old, close to disposal (judgement stage)",ADJOURNED
ST/599/2022,KL-000599-2022,APPLICATION_REVIEW,2026-10-23,10:23,10:33,10:23,10:33,ADV-359,4.07,Application review → reference gap 5 days. Fri 23 Oct has room (289 of 386 min),MOVED_FORWARD
ST/650/2021,KL-000650-2021,EVIDENCE_COMPLAINANT,2026-10-23,10:33,10:45,10:33,11:03,ADV-930,4.81,"4+ year case due within 30 days, 4.8 years old, close to disposal (complainant evidence stage)",ADJOURNED
ST/723/2021,KL-000723-2021,EVIDENCE_COMPLAINANT,2026-10-23,10:45,10:57,10:45,11:15,ADV-947,4.81,"4+ year case due within 30 days, 4.8 years old, close to disposal (complainant evidence stage)",ADJOURNED
ST/136/2017,KL-000136-2017,EVIDENCE_ACCUSED,2026-10-23,10:57,11:06,10:57,11:27,ADV-020,9.19,Defence evidence → reference gap 14 days. Fri 23 Oct has room (146 of 386 min),ADJOURNED
ST/928/2017,KL-000928-2017,EVIDENCE_ACCUSED,2026-10-23,11:06,11:14,11:06,11:36,ADV-194,9.19,Defence evidence → reference gap 14 days. Fri 23 Oct has room (161 of 386 min),ADJOURNED
ST/952/2017,KL-000952-2017,EVIDENCE_ACCUSED,2026-10-23,11:14,11:23,11:14,11:44,ADV-277,9.19,Defence evidence → reference gap 14 days. Fri 23 Oct has room (205 of 386 min),ADJOURNED
ST/1476/2017,KL-001476-2017,EVIDENCE_ACCUSED,2026-10-23,11:23,11:32,11:23,11:53,ADV-404,9.19,Defence evidence → reference gap 14 days. Fri 23 Oct has room (213 of 386 min),ADJOURNED
ST/239/2017,KL-000239-2017,EVIDENCE_ACCUSED,2026-10-23,11:32,11:40,11:32,12:02,ADV-1113,9.19,Defence evidence → reference gap 14 days. Fri 23 Oct has room (153 of 386 min),MOVED_FORWARD
ST/307/2017,KL-000307-2017,EVIDENCE_ACCUSED,2026-10-23,11:40,11:48,11:40,12:10,ADV-348,9.19,Defence evidence → reference gap 14 days. Fri 23 Oct has room (169 of 386 min),ADJOURNED
ST/802/2017,KL-000802-2017,EVIDENCE_ACCUSED,2026-10-23,11:48,11:56,11:48,12:18,ADV-733,9.19,Defence evidence → reference gap 14 days. Fri 23 Oct has room (197 of 386 min),ADJOURNED
ST/1186/2017,KL-001186-2017,EVIDENCE_ACCUSED,2026-10-23,11:56,12:05,11:56,12:26,ADV-721,9.19,Defence evidence → reference gap 14 days. Fri 23 Oct has room (246 of 386 min),ADJOURNED
ST/1838/2017,KL-001838-2017,EVIDENCE_ACCUSED,2026-10-23,12:05,12:13,12:05,12:35,ADV-085,9.19,Defence evidence → reference gap 14 days. Fri 23 Oct has room (232 of 386 min),ADJOURNED
ST/1779/2017,KL-001779-2017,EVIDENCE_ACCUSED,2026-10-23,12:13,12:20,12:13,12:43,ADV-135,9.19,Defence evidence → reference gap 14 days. Fri 23 Oct has room (253 of 386 min),ADJOURNED
ST/1690/2020,KL-001690-2020,EVIDENCE_COMPLAINANT,2026-10-23,12:20,12:33,12:20,12:50,ADV-912,6.63,Complainant evidence → reference gap 14 days. Fri 23 Oct has room (138 of 386 min),ADJOURNED
ST/2594/2020,KL-002594-2020,EVIDENCE_COMPLAINANT,2026-10-23,12:33,12:45,12:33,13:03,ADV-790,6.63,Complainant evidence → reference gap 14 days. Fri 23 Oct has room (275 of 386 min),ADJOURNED
ST/2033/2020,KL-002033-2020,EVIDENCE_COMPLAINANT,2026-10-23,12:45,12:56,12:45,13:15,ADV-454,6.63,Complainant evidence → reference gap 14 days. Fri 23 Oct has room (179 of 386 min),ADJOURNED
ST/2321/2020,KL-002321-2020,EVIDENCE_COMPLAINANT,2026-10-23,12:56,13:07,12:56,13:26,ADV-397,6.63,Complainant evidence → reference gap 14 days. Fri 23 Oct has room (189 of 386 min),ADJOURNED
ST/2472/2020,KL-002472-2020,EVIDENCE_COMPLAINANT,2026-10-23,13:07,13:18,13:07,13:37,ADV-580,6.63,Complainant evidence → reference gap 14 days. Fri 23 Oct has room (263 of 386 min),ADJOURNED
ST/951/2020,KL-000951-2020,EVIDENCE_ACCUSED,2026-10-23,13:18,13:26,13:18,13:48,ADV-476,6.63,Defence evidence → reference gap 14 days. Fri 23 Oct has room (126 of 386 min),ADJOURNED
ST/1478/2021,KL-001478-2021,JUDGEMENT,2026-10-23,13:26,13:30,13:26,13:56,ADV-465,4.93,"4+ year case due within 30 days, judgement likely to proceed (99%), 4.9 years old",DISPOSED
ST/1666/2021,KL-001666-2021,JUDGEMENT,2026-10-23,14:00,14:32,14:00,14:30,ADV-1042,4.93,"4+ year case due within 30 days, judgement likely to proceed (99%), 4.9 years old",DISPOSED
ST/747/2016,KL-000747-2016,JUDGEMENT,2026-10-23,14:32,15:05,14:32,15:02,ADV-566,9.96,Judgement → reference gap 21 days. Fri 23 Oct has room (119 of 386 min),DISPOSED
ST/2530/2021,KL-002530-2021,JUDGEMENT,2026-10-23,15:05,15:37,15:05,15:35,ADV-092,5.71,Judgement → reference gap 21 days. Fri 23 Oct has room (30 of 386 min),DISPOSED
ST/2679/2021,KL-002679-2021,JUDGEMENT,2026-10-23,15:37,16:09,15:37,16:07,ADV-771,5.71,Judgement → reference gap 21 days. Fri 23 Oct has room (59 of 386 min),DISPOSED
ST/2737/2021,KL-002737-2021,JUDGEMENT,2026-10-23,16:09,16:42,16:09,16:39,ADV-378,5.71,Judgement → reference gap 21 days. Fri 23 Oct has room (89 of 386 min),DISPOSED
ST/1601/2017,KL-001601-2017,ARGUMENTS,2026-10-23,16:42,16:48,16:42,17:12,ADV-1246,9.19,Arguments → reference gap 14 days. Fri 23 Oct has room (219 of 386 min),ADJOURNED
ST/1823/2017,KL-001823-2017,ARGUMENTS,2026-10-23,16:48,16:55,16:48,17:18,ADV-1145,9.19,Arguments → reference gap 14 days. Fri 23 Oct has room (225 of 386 min),ADJOURNED
ST/2052/2017,KL-002052-2017,ARGUMENTS,2026-10-23,16:55,17:01,16:55,17:25,ADV-191,9.19,Arguments → reference gap 14 days. Fri 23 Oct has room (238 of 386 min),ADJOURNED
ST/442/2017,KL-000442-2017,ARGUMENTS,2026-10-23,17:01,17:07,17:01,17:31,ADV-031,9.19,Arguments → reference gap 14 days. Fri 23 Oct has room (280 of 386 min),ADJOURNED
ST/2721/2022,KL-002721-2022,APPLICATION_REVIEW,2026-10-26,10:00,10:10,10:00,10:10,ADV-1235,4.08,"4+ year case due within 30 days, application review likely to proceed (85%), 4.1 years old",MOVED_FORWARD
ST/2829/2022,KL-002829-2022,APPLICATION_REVIEW,2026-10-26,10:10,10:19,10:10,10:20,ADV-149,4.08,"4+ year case due within 30 days, application review likely to proceed (85%), 4.1 years old",MOVED_FORWARD
ST/2898/2022,KL-002898-2022,APPLICATION_REVIEW,2026-10-26,10:19,10:29,10:19,10:29,ADV-1207,4.08,"4+ year case due within 30 days, application review likely to proceed (85%), 4.1 years old",MOVED_FORWARD
ST/2907/2022,KL-002907-2022,APPLICATION_REVIEW,2026-10-26,10:29,10:39,10:29,10:39,ADV-591,4.08,"4+ year case due within 30 days, application review likely to proceed (85%), 4.1 years old",MOVED_FORWARD
ST/1171/2022,KL-001171-2022,APPLICATION_REVIEW,2026-10-26,10:39,10:49,10:39,10:49,ADV-470,4.08,Application review → reference gap 5 days. Mon 26 Oct has room (226 of 386 min),MOVED_FORWARD
ST/775/2021,KL-000775-2021,EVIDENCE_COMPLAINANT,2026-10-26,10:49,11:01,10:49,11:19,ADV-542,4.82,"4+ year case due within 30 days, 4.8 years old, waiting 32 days",ADJOURNED
ST/856/2021,KL-000856-2021,EVIDENCE_COMPLAINANT,2026-10-26,11:01,11:12,11:01,11:31,ADV-897,4.82,"4+ year case due within 30 days, 4.8 years old, waiting 32 days",ADJOURNED
ST/865/2021,KL-000865-2021,EVIDENCE_COMPLAINANT,2026-10-26,11:12,11:24,11:12,11:42,ADV-796,4.82,"4+ year case due within 30 days, 4.8 years old, waiting 32 days",ADJOURNED
ST/963/2021,KL-000963-2021,EVIDENCE_COMPLAINANT,2026-10-26,11:24,11:36,11:24,11:54,ADV-828,4.82,"4+ year case due within 30 days, 4.8 years old, waiting 32 days",ADJOURNED
ST/2021/2017,KL-002021-2017,EVIDENCE_ACCUSED,2026-10-26,11:36,11:45,11:36,12:06,ADV-1110,9.20,Defence evidence → reference gap 14 days. Mon 26 Oct has room (119 of 386 min),ADJOURNED
ST/1391/2017,KL-001391-2017,EVIDENCE_ACCUSED,2026-10-26,11:45,11:53,11:45,12:15,ADV-228,9.20,Defence evidence → reference gap 14 days. Mon 26 Oct has room (134 of 386 min),ADJOURNED
ST/2089/2017,KL-002089-2017,EVIDENCE_ACCUSED,2026-10-26,11:53,12:01,11:53,12:23,ADV-174,9.20,Defence evidence → reference gap 14 days. Mon 26 Oct has room (126 of 386 min),ADJOURNED
ST/2309/2017,KL-002309-2017,EVIDENCE_ACCUSED,2026-10-26,12:01,12:10,12:01,12:31,ADV-085,9.20,Defence evidence → reference gap 14 days. Mon 26 Oct has room (176 of 386 min),ADJOURNED
ST/2467/2017,KL-002467-2017,EVIDENCE_ACCUSED,2026-10-26,12:10,12:18,12:10,12:40,ADV-043,9.20,Defence evidence → reference gap 14 days. Mon 26 Oct has room (183 of 386 min),ADJOURNED
ST/2997/2017,KL-002997-2017,EVIDENCE_ACCUSED,2026-10-26,12:18,12:26,12:18,12:48,ADV-1077,9.20,Defence evidence → reference gap 14 days. Mon 26 Oct has room (191 of 386 min),ADJOURNED
ST/1738/2020,KL-001738-2020,EVIDENCE_COMPLAINANT,2026-10-26,12:26,12:39,12:26,12:56,ADV-462,6.64,Complainant evidence → reference gap 14 days. Mon 26 Oct has room (100 of 386 min); ADV-462 already listed,ADJOURNED
ST/2306/2020,KL-002306-2020,EVIDENCE_COMPLAINANT,2026-10-26,12:39,12:50,12:39,13:09,ADV-1026,6.64,Complainant evidence → reference gap 14 days. Mon 26 Oct has room (111 of 386 min); ADV-1026 already listed,ADJOURNED
ST/2912/2020,KL-002912-2020,EVIDENCE_COMPLAINANT,2026-10-26,12:50,13:02,12:50,13:20,ADV-424,6.64,Complainant evidence → reference gap 14 days. Mon 26 Oct has room (202 of 386 min),ADJOURNED
ST/2453/2020,KL-002453-2020,EVIDENCE_COMPLAINANT,2026-10-26,13:02,13:13,13:02,13:32,ADV-1063,6.64,Complainant evidence → reference gap 14 days. Mon 26 Oct has room (144 of 386 min),ADJOURNED
ST/2502/2020,KL-002502-2020,EVIDENCE_COMPLAINANT,2026-10-26,13:13,13:24,13:13,13:43,ADV-284,6.64,Complainant evidence → reference gap 14 days. Mon 26 Oct has room (154 of 386 min),MOVED_FORWARD
ST/2742/2020,KL-002742-2020,EVIDENCE_ACCUSED,2026-10-26,13:24,13:30,13:24,13:54,ADV-784,6.64,Defence evidence → reference gap 14 days. Mon 26 Oct has room (162 of 386 min),ADJOURNED
ST/43/2020,KL-000043-2020,EVIDENCE_ACCUSED,2026-10-26,14:00,14:08,14:00,14:30,ADV-414,6.26,Defence evidence → reference gap 14 days. Mon 26 Oct has room (210 of 386 min),ADJOURNED
ST/223/2020,KL-000223-2020,EVIDENCE_ACCUSED,2026-10-26,14:08,14:17,14:08,14:38,ADV-978,6.26,Defence evidence → reference gap 14 days. Mon 26 Oct has room (217 of 386 min),ADJOURNED
ST/1694/2021,KL-001694-2021,JUDGEMENT,2026-10-26,14:17,14:49,14:17,14:47,ADV-1087,4.93,"4+ year case due within 30 days, judgement likely to proceed (99%), 4.9 years old",DISPOSED
ST/1754/2021,KL-001754-2021,JUDGEMENT,2026-10-26,14:49,15:21,14:49,15:19,ADV-1099,4.93,"4+ year case due within 30 days, judgement likely to proceed (99%), 4.9 years old",DISPOSED
ST/1774/2021,KL-001774-2021,JUDGEMENT,2026-10-26,15:21,15:54,15:21,15:51,ADV-1244,4.93,"4+ year case due within 30 days, judgement likely to proceed (99%), 4.9 years old",DISPOSED
ST/708/2021,KL-000708-2021,JUDGEMENT,2026-10-26,15:54,16:26,15:54,16:24,ADV-953,5.72,Judgement → reference gap 21 days. Mon 26 Oct has room (30 of 386 min),DISPOSED
ST/922/2021,KL-000922-2021,JUDGEMENT,2026-10-26,16:26,16:58,16:26,16:56,ADV-775,5.72,Judgement → reference gap 21 days. Mon 26 Oct has room (59 of 386 min),DISPOSED
ST/205/2021,KL-000205-2021,JUDGEMENT,2026-10-26,16:58,17:31,16:58,17:28,ADV-378,4.87,Judgement → reference gap 21 days. Mon 26 Oct has room (89 of 386 min),DISPOSED
ST/1367/2017,KL-001367-2017,ARGUMENTS,2026-10-26,17:31,17:38,17:31,18:01,ADV-210,9.20,Arguments → reference gap 14 days. Mon 26 Oct has room (168 of 386 min),ADJOURNED
ST/2917/2022,KL-002917-2022,APPLICATION_REVIEW,2026-10-27,10:00,10:10,10:00,10:10,ADV-410,4.08,"4+ year case due within 30 days, application review likely to proceed (85%), 4.1 years old",MOVED_FORWARD
ST/71/2022,KL-000071-2022,APPLICATION_REVIEW,2026-10-27,10:10,10:19,10:10,10:20,ADV-533,4.41,"4+ year case due within 30 days, application review likely to proceed (85%), 4.4 years old",ADJOURNED
ST/1024/2021,KL-001024-2021,EVIDENCE_COMPLAINANT,2026-10-27,10:19,10:31,10:19,10:49,ADV-362,4.82,"4+ year case due within 30 days, 4.8 years old, waiting 33 days",ADJOURNED
ST/1093/2021,KL-001093-2021,EVIDENCE_COMPLAINANT,2026-10-27,10:31,10:43,10:31,11:01,ADV-462,4.82,"4+ year case due within 30 days, 4.8 years old, waiting 33 days",ADJOURNED
ST/1125/2021,KL-001125-2021,EVIDENCE_COMPLAINANT,2026-10-27,10:43,10:55,10:43,11:13,ADV-994,4.82,"4+ year case due within 30 days, 4.8 years old, waiting 33 days",ADJOURNED
ST/1126/2021,KL-001126-2021,EVIDENCE_COMPLAINANT,2026-10-27,10:55,11:07,10:55,11:25,ADV-636,4.82,"4+ year case due within 30 days, 4.8 years old, waiting 33 days",ADJOURNED
ST/2127/2017,KL-002127-2017,EVIDENCE_ACCUSED,2026-10-27,11:07,11:16,11:07,11:37,ADV-313,9.20,Defence evidence → reference gap 14 days. Tue 27 Oct has room (134 of 386 min),MOVED_FORWARD
ST/2187/2017,KL-002187-2017,EVIDENCE_ACCUSED,2026-10-27,11:16,11:24,11:16,11:46,ADV-1088,9.20,Defence evidence → reference gap 14 days. Tue 27 Oct has room (148 of 386 min),ADJOURNED
ST/642/2017,KL-000642-2017,EVIDENCE_ACCUSED,2026-10-27,11:24,11:32,11:24,11:54,ADV-1170,9.44,Defence evidence → reference gap 14 days. Tue 27 Oct has room (201 of 386 min),ADJOURNED
ST/943/2017,KL-000943-2017,EVIDENCE_ACCUSED,2026-10-27,11:32,11:40,11:32,12:02,ADV-1170,9.44,Defence evidence → reference gap 14 days. Tue 27 Oct has room (208 of 386 min); ADV-1170 already listed,MOVED_FORWARD
ST/2708/2017,KL-002708-2017,EVIDENCE_ACCUSED,2026-10-27,11:40,11:48,11:40,12:10,ADV-405,9.20,Defence evidence → reference gap 14 days. Tue 27 Oct has room (187 of 386 min),MOVED_FORWARD
ST/1170/2017,KL-001170-2017,EVIDENCE_ACCUSED,2026-10-27,11:48,11:56,11:48,12:18,ADV-851,9.44,Defence evidence → reference gap 14 days. Tue 27 Oct has room (215 of 386 min),ADJOURNED
ST/2957/2020,KL-002957-2020,EVIDENCE_COMPLAINANT,2026-10-27,11:56,12:08,11:56,12:26,ADV-275,6.64,Complainant evidence → reference gap 14 days. Tue 27 Oct has room (167 of 386 min),ADJOURNED
ST/2266/2020,KL-002266-2020,EVIDENCE_ACCUSED,2026-10-27,12:08,12:16,12:08,12:38,ADV-1119,6.64,Defence evidence → reference gap 14 days. Tue 27 Oct has room (126 of 386 min); ADV-1119 already listed,MOVED_FORWARD
ST/2816/2020,KL-002816-2020,EVIDENCE_ACCUSED,2026-10-27,12:16,12:24,12:16,12:46,ADV-073,6.64,Defence evidence → reference gap 14 days. Tue 27 Oct has room (155 of 386 min),ADJOURNED
ST/1041/2020,KL-001041-2020,EVIDENCE_ACCUSED,2026-10-27,12:24,12:33,12:24,12:54,ADV-415,6.27,Defence evidence → reference gap 14 days. Tue 27 Oct has room (228 of 386 min),MOVED_FORWARD
ST/110/2020,KL-000110-2020,EVIDENCE_ACCUSED,2026-10-27,12:33,12:40,12:33,13:03,ADV-298,6.27,Defence evidence → reference gap 14 days. Tue 27 Oct has room (174 of 386 min),MOVED_FORWARD
ST/1194/2020,KL-001194-2020,EVIDENCE_ACCUSED,2026-10-27,12:40,12:48,12:40,13:10,ADV-050,6.27,Defence evidence → reference gap 14 days. Tue 27 Oct has room (236 of 386 min),ADJOURNED
ST/1921/2021,KL-001921-2021,JUDGEMENT,2026-10-27,12:48,13:20,12:48,13:18,ADV-1231,4.94,"4+ year case due within 30 days, judgement likely to proceed (99%), 4.9 years old",DISPOSED
ST/2003/2021,KL-002003-2021,JUDGEMENT,2026-10-27,13:20,13:30,13:20,13:50,ADV-791,4.94,"4+ year case due within 30 days, judgement likely to proceed (99%), 4.9 years old",DISPOSED
ST/2012/2021,KL-002012-2021,JUDGEMENT,2026-10-27,14:00,14:32,14:00,14:30,ADV-068,4.94,"4+ year case due within 30 days, judgement likely to proceed (99%), 4.9 years old",ADJOURNED
ST/114/2021,KL-000114-2021,JUDGEMENT,2026-10-27,14:32,15:05,14:32,15:02,ADV-1172,4.88,Judgement → reference gap 21 days. Tue 27 Oct has room (30 of 386 min),NOT_REACHED
ST/222/2021,KL-000222-2021,JUDGEMENT,2026-10-27,15:05,15:37,15:05,15:35,ADV-319,4.88,Judgement → reference gap 21 days. Tue 27 Oct has room (59 of 386 min),NOT_REACHED
ST/537/2021,KL-000537-2021,JUDGEMENT,2026-10-27,15:37,16:09,15:37,16:07,ADV-038,4.88,Judgement → reference gap 21 days. Tue 27 Oct has room (89 of 386 min),NOT_REACHED
ST/833/2021,KL-000833-2021,JUDGEMENT,2026-10-27,16:09,16:42,16:09,16:39,ADV-1019,4.88,Judgement → reference gap 21 days. Tue 27 Oct has room (119 of 386 min),NOT_REACHED
ST/2355/2017,KL-002355-2017,ARGUMENTS,2026-10-27,16:42,16:48,16:42,17:12,ADV-988,9.20,Arguments → reference gap 14 days. Tue 27 Oct has room (140 of 386 min),NOT_REACHED
ST/2833/2017,KL-002833-2017,ARGUMENTS,2026-10-27,16:48,16:55,16:48,17:18,ADV-1037,9.20,Arguments → reference gap 14 days. Tue 27 Oct has room (180 of 386 min),NOT_REACHED
ST/529/2017,KL-000529-2017,ARGUMENTS,2026-10-27,16:55,17:01,16:55,17:25,ADV-237,9.44,Arguments → reference gap 14 days. Tue 27 Oct has room (193 of 386 min),NOT_REACHED
ST/906/2020,KL-000906-2020,ARGUMENTS,2026-10-27,17:01,17:07,17:01,17:31,ADV-962,6.27,Arguments → reference gap 14 days. Tue 27 Oct has room (221 of 386 min),NOT_REACHED
ST/105/2022,KL-000105-2022,APPLICATION_REVIEW,2026-10-28,10:00,10:10,10:00,10:10,ADV-884,4.42,"4+ year case due within 30 days, application review likely to proceed (85%), 4.4 years old",MOVED_FORWARD
ST/1144/2021,KL-001144-2021,EVIDENCE_COMPLAINANT,2026-10-28,10:10,10:22,10:10,10:40,ADV-565,4.82,"4+ year case due within 30 days, 4.8 years old, waiting 34 days",MOVED_FORWARD
ST/1163/2021,KL-001163-2021,EVIDENCE_COMPLAINANT,2026-10-28,10:22,10:34,10:22,10:52,ADV-710,4.82,"4+ year case due within 30 days, 4.8 years old, waiting 34 days",ADJOURNED
ST/2776/2017,KL-002776-2017,EVIDENCE_ACCUSED,2026-10-28,10:34,10:42,10:34,11:04,ADV-1187,9.21,Defence evidence → reference gap 14 days. Wed 28 Oct has room (148 of 386 min),ADJOURNED
ST/324/2017,KL-000324-2017,EVIDENCE_ACCUSED,2026-10-28,10:42,10:51,10:42,11:12,ADV-806,9.44,Defence evidence → reference gap 14 days. Wed 28 Oct has room (156 of 386 min),ADJOURNED
ST/1354/2017,KL-001354-2017,EVIDENCE_ACCUSED,2026-10-28,10:51,10:59,10:51,11:21,ADV-521,9.44,Defence evidence → reference gap 14 days. Wed 28 Oct has room (164 of 386 min),ADJOURNED
ST/1045/2020,KL-001045-2020,EVIDENCE_ACCUSED,2026-10-28,10:59,11:07,10:59,11:29,ADV-521,6.27,Defence evidence → reference gap 14 days. Wed 28 Oct has room (171 of 386 min); ADV-521 already listed,ADJOURNED
ST/840/2017,KL-000840-2017,EVIDENCE_ACCUSED,2026-10-28,11:07,11:15,11:07,11:37,ADV-1201,9.44,Defence evidence → reference gap 14 days. Wed 28 Oct has room (208 of 386 min),ADJOURNED
ST/1948/2017,KL-001948-2017,EVIDENCE_ACCUSED,2026-10-28,11:15,11:24,11:15,11:45,ADV-655,9.44,Defence evidence → reference gap 14 days. Wed 28 Oct has room (231 of 386 min),ADJOURNED
ST/1530/2017,KL-001530-2017,EVIDENCE_ACCUSED,2026-10-28,11:24,11:32,11:24,11:54,ADV-709,9.44,Defence evidence → reference gap 14 days. Wed 28 Oct has room (216 of 386 min),ADJOURNED
ST/2799/2020,KL-002799-2020,EVIDENCE_ACCUSED,2026-10-28,11:32,11:40,11:32,12:02,ADV-709,6.27,Defence evidence → reference gap 14 days. Wed 28 Oct has room (223 of 386 min); ADV-709 already listed,ADJOURNED
ST/1705/2017,KL-001705-2017,EVIDENCE_ACCUSED,2026-10-28,11:40,11:48,11:40,12:10,ADV-927,9.44,Defence evidence → reference gap 14 days. Wed 28 Oct has room (238 of 386 min),ADJOURNED
ST/2164/2017,KL-002164-2017,EVIDENCE_ACCUSED,2026-10-28,11:48,11:56,11:48,12:18,ADV-1054,9.44,Defence evidence → reference gap 14 days. Wed 28 Oct has room (246 of 386 min),MOVED_FORWARD
ST/86/2020,KL-000086-2020,EVIDENCE_ACCUSED,2026-10-28,11:56,12:04,11:56,12:26,ADV-455,6.27,Defence evidence → reference gap 14 days. Wed 28 Oct has room (133 of 386 min),ADJOURNED
ST/541/2020,KL-000541-2020,EVIDENCE_ACCUSED,2026-10-28,12:04,12:13,12:04,12:34,ADV-926,6.27,Defence evidence → reference gap 14 days. Wed 28 Oct has room (140 of 386 min),ADJOURNED
ST/892/2020,KL-000892-2020,EVIDENCE_ACCUSED,2026-10-28,12:13,12:21,12:13,12:43,ADV-1167,6.27,Defence evidence → reference gap 14 days. Wed 28 Oct has room (179 of 386 min),ADJOURNED
ST/1064/2020,KL-001064-2020,EVIDENCE_ACCUSED,2026-10-28,12:21,12:29,12:21,12:51,ADV-650,6.27,Defence evidence → reference gap 14 days. Wed 28 Oct has room (193 of 386 min),ADJOURNED
ST/1600/2020,KL-001600-2020,EVIDENCE_ACCUSED,2026-10-28,12:29,12:38,12:29,12:59,ADV-920,6.27,Defence evidence → reference gap 14 days. Wed 28 Oct has room (253 of 386 min),ADJOURNED
ST/982/2020,KL-000982-2020,EVIDENCE_ACCUSED,2026-10-28,12:38,12:45,12:38,13:08,ADV-112,6.27,Defence evidence → reference gap 14 days. Wed 28 Oct has room (186 of 386 min),ADJOURNED
ST/1317/2020,KL-001317-2020,EVIDENCE_ACCUSED,2026-10-28,12:45,12:53,12:45,13:15,ADV-1234,6.27,Defence evidence → reference gap 14 days. Wed 28 Oct has room (201 of 386 min),ADJOURNED
ST/2155/2020,KL-002155-2020,EVIDENCE_ACCUSED,2026-10-28,12:53,13:01,12:53,13:23,ADV-1010,6.27,Defence evidence → reference gap 14 days. Wed 28 Oct has room (260 of 386 min),MOVED_FORWARD
ST/2059/2021,KL-002059-2021,JUDGEMENT,2026-10-28,13:01,13:30,13:01,13:31,ADV-322,4.94,"4+ year case due within 30 days, judgement likely to proceed (99%), 4.9 years old",DISPOSED
ST/2134/2021,KL-002134-2021,JUDGEMENT,2026-10-28,14:00,14:32,14:00,14:30,ADV-052,4.94,"4+ year case due within 30 days, judgement likely to proceed (99%), 4.9 years old",DISPOSED
ST/2216/2021,KL-002216-2021,JUDGEMENT,2026-10-28,14:32,15:05,14:32,15:02,ADV-294,4.94,"4+ year case due within 30 days, judgement likely to proceed (99%), 4.9 years old",DISPOSED
ST/1765/2021,KL-001765-2021,JUDGEMENT,2026-10-28,15:05,15:37,15:05,15:35,ADV-551,5.72,Not reached on Wed 21 Oct; earliest day with room. Wed 28 Oct has room (296 of 386 min),DISPOSED
ST/2561/2021,KL-002561-2021,JUDGEMENT,2026-10-28,15:37,16:09,15:37,16:07,ADV-600,5.72,Not reached on Wed 21 Oct; earliest day with room. Wed 28 Oct has room (326 of 386 min),DISPOSED
ST/506/2021,KL-000506-2021,JUDGEMENT,2026-10-28,16:09,16:42,16:09,16:39,ADV-1119,4.88,Judgement → reference gap 21 days. Wed 28 Oct has room (30 of 386 min),DISPOSED
ST/792/2021,KL-000792-2021,JUDGEMENT,2026-10-28,16:42,17:14,16:42,17:12,ADV-224,4.88,Judgement → reference gap 21 days. Wed 28 Oct has room (59 of 386 min),DISPOSED
ST/871/2021,KL-000871-2021,JUDGEMENT,2026-10-28,17:14,17:46,17:14,17:44,ADV-058,4.88,Judgement → reference gap 21 days. Wed 28 Oct has room (89 of 386 min),ADJOURNED
ST/916/2021,KL-000916-2021,JUDGEMENT,2026-10-28,17:46,18:19,17:46,18:16,ADV-099,4.88,Judgement → reference gap 21 days. Wed 28 Oct has room (119 of 386 min),NOT_REACHED
ST/1105/2017,KL-001105-2017,ARGUMENTS,2026-10-28,18:19,18:25,18:19,18:49,ADV-099,9.21,Arguments → reference gap 14 days. Wed 28 Oct has room (125 of 386 min); ADV-099 already listed,NOT_REACHED
ST/669/2017,KL-000669-2017,ARGUMENTS,2026-10-28,18:25,18:31,18:25,18:55,ADV-537,9.44,Arguments → reference gap 14 days. Wed 28 Oct has room (266 of 386 min),NOT_REACHED
ST/135/2022,KL-000135-2022,APPLICATION_REVIEW,2026-10-29,10:00,10:10,10:00,10:10,ADV-896,4.42,"4+ year case due within 30 days, application review likely to proceed (85%), 4.4 years old",MOVED_FORWARD
ST/261/2022,KL-000261-2022,APPLICATION_REVIEW,2026-10-29,10:10,10:19,10:10,10:20,ADV-549,4.42,"4+ year case due within 30 days, application review likely to proceed (85%), 4.4 years old",MOVED_FORWARD
ST/484/2022,KL-000484-2022,APPLICATION_REVIEW,2026-10-29,10:19,10:29,10:19,10:29,ADV-291,4.42,"4+ year case due within 30 days, application review likely to proceed (85%), 4.4 years old",ADJOURNED
ST/1500/2021,KL-001500-2021,EVIDENCE_COMPLAINANT,2026-10-29,10:29,10:41,10:29,10:59,ADV-436,4.83,"4+ year case due within 30 days, 4.8 years old, waiting 35 days",ADJOURNED
ST/1548/2021,KL-001548-2021,EVIDENCE_COMPLAINANT,2026-10-29,10:41,10:53,10:41,11:11,ADV-1062,4.83,"4+ year case due within 30 days, 4.8 years old, waiting 35 days",ADJOURNED
ST/1155/2017,KL-001155-2017,EVIDENCE_ACCUSED,2026-10-29,10:53,11:01,10:53,11:23,ADV-286,9.21,Defence evidence → reference gap 14 days. Thu 29 Oct has room (156 of 386 min); ADV-286 already listed,ADJOURNED
ST/1103/2017,KL-001103-2017,EVIDENCE_ACCUSED,2026-10-29,11:01,11:10,11:01,11:31,ADV-240,9.45,Defence evidence → reference gap 14 days. Thu 29 Oct has room (172 of 386 min),ADJOURNED
ST/1564/2017,KL-001564-2017,EVIDENCE_ACCUSED,2026-10-29,11:10,11:18,11:10,11:40,ADV-238,9.45,Defence evidence → reference gap 14 days. Thu 29 Oct has room (179 of 386 min),ADJOURNED
ST/1708/2017,KL-001708-2017,EVIDENCE_ACCUSED,2026-10-29,11:18,11:27,11:18,11:48,ADV-691,9.45,Defence evidence → reference gap 14 days. Thu 29 Oct has room (187 of 386 min),ADJOURNED
ST/2101/2017,KL-002101-2017,EVIDENCE_ACCUSED,2026-10-29,11:27,11:35,11:27,11:57,ADV-694,9.45,Defence evidence → reference gap 14 days. Thu 29 Oct has room (200 of 386 min),ADJOURNED
ST/2633/2017,KL-002633-2017,EVIDENCE_ACCUSED,2026-10-29,11:35,11:42,11:35,12:05,ADV-657,9.45,Defence evidence → reference gap 14 days. Thu 29 Oct has room (235 of 386 min),ADJOURNED
ST/1348/2020,KL-001348-2020,EVIDENCE_ACCUSED,2026-10-29,11:42,11:51,11:42,12:12,ADV-192,6.27,Defence evidence → reference gap 14 days. Thu 29 Oct has room (164 of 386 min),ADJOURNED
ST/2707/2020,KL-002707-2020,EVIDENCE_ACCUSED,2026-10-29,11:51,11:59,11:51,12:21,ADV-519,6.27,Defence evidence → reference gap 14 days. Thu 29 Oct has room (222 of 386 min),ADJOURNED
ST/2820/2020,KL-002820-2020,EVIDENCE_ACCUSED,2026-10-29,11:59,12:07,11:59,12:29,ADV-716,6.27,Defence evidence → reference gap 14 days. Thu 29 Oct has room (249 of 386 min),ADJOURNED
ST/1539/2020,KL-001539-2020,EVIDENCE_ACCUSED,2026-10-29,12:07,12:15,12:07,12:37,ADV-1051,6.27,Defence evidence → reference gap 14 days. Thu 29 Oct has room (208 of 386 min),ADJOURNED
ST/2120/2020,KL-002120-2020,EVIDENCE_ACCUSED,2026-10-29,12:15,12:23,12:15,12:45,ADV-040,6.27,Defence evidence → reference gap 14 days. Thu 29 Oct has room (215 of 386 min),DISPOSED
ST/206/2021,KL-000206-2021,EVIDENCE_ACCUSED,2026-10-29,12:23,12:31,12:23,12:53,ADV-854,5.74,Defence evidence → reference gap 14 days. Thu 29 Oct has room (257 of 386 min),ADJOURNED
ST/380/2021,KL-000380-2021,EVIDENCE_ACCUSED,2026-10-29,12:31,12:40,12:31,13:01,ADV-498,5.74,Defence evidence → reference gap 14 days. Thu 29 Oct has room (271 of 386 min),ADJOURNED
ST/211/2021,KL-000211-2021,EVIDENCE_ACCUSED,2026-10-29,12:40,12:47,12:40,13:10,ADV-1211,5.74,Defence evidence → reference gap 14 days. Thu 29 Oct has room (264 of 386 min),ADJOURNED
ST/2291/2021,KL-002291-2021,JUDGEMENT,2026-10-29,12:47,13:20,12:47,13:17,ADV-1044,4.94,"4+ year case due within 30 days, judgement likely to proceed (99%), 4.9 years old",DISPOSED
ST/2342/2021,KL-002342-2021,JUDGEMENT,2026-10-29,13:20,13:30,13:20,13:50,ADV-774,4.94,"4+ year case due within 30 days, judgement likely to proceed (99%), 4.9 years old",DISPOSED
ST/1341/2016,KL-001341-2016,JUDGEMENT,2026-10-29,14:00,14:32,14:00,14:30,ADV-066,9.97,Judgement → reference gap 21 days. Thu 29 Oct has room (59 of 386 min),DISPOSED
ST/2199/2021,KL-002199-2021,JUDGEMENT,2026-10-29,14:32,15:05,14:32,15:02,ADV-717,5.73,Judgement → reference gap 21 days. Thu 29 Oct has room (119 of 386 min),DISPOSED
ST/798/2021,KL-000798-2021,JUDGEMENT,2026-10-29,15:05,15:37,15:05,15:35,ADV-082,4.88,Judgement → reference gap 21 days. Thu 29 Oct has room (30 of 386 min),DISPOSED
ST/1368/2021,KL-001368-2021,JUDGEMENT,2026-10-29,15:37,16:09,15:37,16:07,ADV-180,4.88,Judgement → reference gap 21 days. Thu 29 Oct has room (89 of 386 min),DISPOSED
ST/1803/2021,KL-001803-2021,JUDGEMENT,2026-10-29,16:09,16:42,16:09,16:39,ADV-279,4.88,Judgement → reference gap 21 days. Thu 29 Oct has room (149 of 386 min),DISPOSED
ST/1507/2017,KL-001507-2017,ARGUMENTS,2026-10-29,16:42,16:48,16:42,17:12,ADV-366,9.45,Arguments → reference gap 14 days. Thu 29 Oct has room (228 of 386 min),ADJOURNED
ST/1951/2017,KL-001951-2017,ARGUMENTS,2026-10-29,16:48,16:54,16:48,17:18,ADV-417,9.45,Arguments → reference gap 14 days. Thu 29 Oct has room (193 of 386 min),ADJOURNED
ST/2785/2017,KL-002785-2017,ARGUMENTS,2026-10-29,16:54,17:01,16:54,17:24,ADV-718,9.45,Arguments → reference gap 14 days. Thu 29 Oct has room (241 of 386 min),MOVED_FORWARD
ST/2894/2017,KL-002894-2017,ARGUMENTS,2026-10-29,17:01,17:07,17:01,17:31,ADV-409,9.45,Arguments → reference gap 14 days. Thu 29 Oct has room (277 of 386 min),ADJOURNED
ST/559/2022,KL-000559-2022,APPLICATION_REVIEW,2026-10-30,10:00,10:10,10:00,10:10,ADV-212,4.42,"4+ year case due within 30 days, application review likely to proceed (85%), 4.4 years old",MOVED_FORWARD
ST/639/2022,KL-000639-2022,APPLICATION_REVIEW,2026-10-30,10:10,10:19,10:10,10:20,ADV-105,4.42,"4+ year case due within 30 days, application review likely to proceed (85%), 4.4 years old",MOVED_FORWARD
ST/1599/2021,KL-001599-2021,EVIDENCE_COMPLAINANT,2026-10-30,10:19,10:31,10:19,10:49,ADV-1204,4.83,"4+ year case due within 30 days, 4.8 years old, waiting 36 days",ADJOURNED
ST/1657/2021,KL-001657-2021,EVIDENCE_COMPLAINANT,2026-10-30,10:31,10:43,10:31,11:01,ADV-168,4.83,"4+ year case due within 30 days, 4.8 years old, waiting 36 days",MOVED_FORWARD
ST/1844/2021,KL-001844-2021,EVIDENCE_COMPLAINANT,2026-10-30,10:43,10:55,10:43,11:13,ADV-250,4.83,"4+ year case due within 30 days, 4.8 years old, waiting 36 days",MOVED_FORWARD
ST/2693/2017,KL-002693-2017,EVIDENCE_ACCUSED,2026-10-30,10:55,11:04,10:55,11:25,ADV-1117,9.45,Defence evidence → reference gap 14 days. Fri 30 Oct has room (199 of 386 min),ADJOURNED
ST/2114/2017,KL-002114-2017,EVIDENCE_ACCUSED,2026-10-30,11:04,11:12,11:04,11:34,ADV-032,9.45,Defence evidence → reference gap 14 days. Fri 30 Oct has room (162 of 386 min),ADJOURNED
ST/2305/2017,KL-002305-2017,EVIDENCE_ACCUSED,2026-10-30,11:12,11:19,11:12,11:42,ADV-295,9.45,Defence evidence → reference gap 14 days. Fri 30 Oct has room (206 of 386 min),ADJOURNED
ST/2531/2017,KL-002531-2017,EVIDENCE_ACCUSED,2026-10-30,11:19,11:27,11:19,11:49,ADV-746,9.45,Defence evidence → reference gap 14 days. Fri 30 Oct has room (191 of 386 min),ADJOURNED
ST/10/2020,KL-000010-2020,EVIDENCE_ACCUSED,2026-10-30,11:27,11:35,11:27,11:57,ADV-1024,6.65,Defence evidence → reference gap 14 days. Fri 30 Oct has room (245 of 386 min),ADJOURNED
ST/2141/2020,KL-002141-2020,EVIDENCE_ACCUSED,2026-10-30,11:35,11:43,11:35,12:05,ADV-476,6.28,Defence evidence → reference gap 14 days. Fri 30 Oct has room (177 of 386 min),ADJOURNED
ST/1595/2020,KL-001595-2020,EVIDENCE_ACCUSED,2026-10-30,11:43,11:51,11:43,12:13,ADV-778,6.28,Defence evidence → reference gap 14 days. Fri 30 Oct has room (169 of 386 min),ADJOURNED
ST/2774/2020,KL-002774-2020,EVIDENCE_ACCUSED,2026-10-30,11:51,11:59,11:51,12:21,ADV-031,6.28,Defence evidence → reference gap 14 days. Fri 30 Oct has room (184 of 386 min),ADJOURNED
ST/292/2021,KL-000292-2021,EVIDENCE_ACCUSED,2026-10-30,11:59,12:07,11:59,12:29,ADV-585,5.74,Defence evidence → reference gap 14 days. Fri 30 Oct has room (227 of 386 min),MOVED_FORWARD
ST/1011/2021,KL-001011-2021,EVIDENCE_ACCUSED,2026-10-30,12:07,12:15,12:07,12:37,ADV-445,5.74,Defence evidence → reference gap 14 days. Fri 30 Oct has room (253 of 386 min),ADJOURNED
ST/1621/2021,KL-001621-2021,EVIDENCE_ACCUSED,2026-10-30,12:15,12:24,12:15,12:45,ADV-779,5.74,Defence evidence → reference gap 14 days. Fri 30 Oct has room (275 of 386 min),ADJOURNED
ST/209/2021,KL-000209-2021,EVIDENCE_ACCUSED,2026-10-30,12:24,12:31,12:24,12:54,ADV-530,5.74,Defence evidence → reference gap 14 days. Fri 30 Oct has room (219 of 386 min); ADV-530 already listed,ADJOURNED
ST/1261/2021,KL-001261-2021,EVIDENCE_ACCUSED,2026-10-30,12:31,12:39,12:31,13:01,ADV-285,5.74,Defence evidence → reference gap 14 days. Fri 30 Oct has room (260 of 386 min),MOVED_FORWARD
ST/1429/2021,KL-001429-2021,EVIDENCE_ACCUSED,2026-10-30,12:39,12:47,12:39,13:09,ADV-972,5.74,Defence evidence → reference gap 14 days. Fri 30 Oct has room (267 of 386 min),ADJOURNED
ST/2374/2021,KL-002374-2021,JUDGEMENT,2026-10-30,12:47,13:19,12:47,13:17,ADV-301,4.94,"4+ year case due within 30 days, judgement likely to proceed (99%), 4.9 years old",DISPOSED
ST/2384/2021,KL-002384-2021,JUDGEMENT,2026-10-30,13:19,13:30,13:19,13:49,ADV-481,4.94,"4+ year case due within 30 days, judgement likely to proceed (99%), 4.9 years old",DISPOSED
ST/2247/2021,KL-002247-2021,JUDGEMENT,2026-10-30,14:00,14:32,14:00,14:30,ADV-737,5.73,Judgement → reference gap 21 days. Fri 30 Oct has room (89 of 386 min),DISPOSED
ST/905/2021,KL-000905-2021,JUDGEMENT,2026-10-30,14:32,15:05,14:32,15:02,ADV-1101,4.88,Judgement → reference gap 21 days. Fri 30 Oct has room (30 of 386 min),DISPOSED
ST/1566/2021,KL-001566-2021,JUDGEMENT,2026-10-30,15:05,15:37,15:05,15:35,ADV-428,4.88,Judgement → reference gap 21 days. Fri 30 Oct has room (59 of 386 min); ADV-428 already listed,DISPOSED
ST/1919/2021,KL-001919-2021,JUDGEMENT,2026-10-30,15:37,16:09,15:37,16:07,ADV-1064,4.88,Judgement → reference gap 21 days. Fri 30 Oct has room (119 of 386 min),ADJOURNED
ST/2180/2021,KL-002180-2021,JUDGEMENT,2026-10-30,16:09,16:42,16:09,16:39,ADV-507,4.88,Judgement → reference gap 21 days. Fri 30 Oct has room (149 of 386 min),NOT_REACHED
ST/2113/2017,KL-002113-2017,ARGUMENTS,2026-10-30,16:42,16:48,16:42,17:12,ADV-1251,9.45,Arguments → reference gap 14 days. Fri 30 Oct has room (155 of 386 min),NOT_REACHED
ST/2383/2017,KL-002383-2017,ARGUMENTS,2026-10-30,16:48,16:54,16:48,17:18,ADV-490,9.45,Arguments → reference gap 14 days. Fri 30 Oct has room (238 of 386 min),NOT_REACHED
ST/2842/2020,KL-002842-2020,ARGUMENTS,2026-10-30,16:54,17:01,16:54,17:24,ADV-1260,6.28,Arguments → reference gap 14 days. Fri 30 Oct has room (212 of 386 min),NOT_REACHED
ST/509/2021,KL-000509-2021,ARGUMENTS,2026-10-30,17:01,17:07,17:01,17:31,ADV-074,5.74,Arguments → reference gap 14 days. Fri 30 Oct has room (232 of 386 min),NOT_REACHED
ST/692/2022,KL-000692-2022,APPLICATION_REVIEW,2026-11-02,10:00,10:10,10:00,10:10,ADV-790,4.43,"4+ year case due within 30 days, application review likely to proceed (85%), 4.4 years old",MOVED_FORWARD
ST/716/2022,KL-000716-2022,APPLICATION_REVIEW,2026-11-02,10:10,10:19,10:10,10:20,ADV-362,4.43,"4+ year case due within 30 days, application review likely to proceed (85%), 4.4 years old",MOVED_FORWARD
ST/745/2022,KL-000745-2022,APPLICATION_REVIEW,2026-11-02,10:19,10:29,10:19,10:29,ADV-305,4.43,"4+ year case due within 30 days, application review likely to proceed (85%), 4.4 years old",MOVED_FORWARD
ST/1012/2022,KL-001012-2022,APPLICATION_REVIEW,2026-11-02,10:29,10:39,10:29,10:39,ADV-1116,4.43,"4+ year case due within 30 days, application review likely to proceed (85%), 4.4 years old",MOVED_FORWARD
ST/1863/2021,KL-001863-2021,EVIDENCE_COMPLAINANT,2026-11-02,10:39,10:51,10:39,11:09,ADV-1124,4.84,"4+ year case due within 30 days, 4.8 years old, waiting 39 days",ADJOURNED
ST/1884/2021,KL-001884-2021,EVIDENCE_COMPLAINANT,2026-11-02,10:51,11:03,10:51,11:21,ADV-203,4.84,"4+ year case due within 30 days, 4.8 years old, waiting 39 days",ADJOURNED
ST/2036/2021,KL-002036-2021,EVIDENCE_COMPLAINANT,2026-11-02,11:03,11:15,11:03,11:33,ADV-286,4.84,"4+ year case due within 30 days, 4.8 years old, waiting 39 days",ADJOURNED
ST/2149/2021,KL-002149-2021,EVIDENCE_COMPLAINANT,2026-11-02,11:15,11:26,11:15,11:45,ADV-467,4.84,"4+ year case due within 30 days, 4.8 years old, waiting 39 days",ADJOURNED
ST/2168/2021,KL-002168-2021,EVIDENCE_COMPLAINANT,2026-11-02,11:26,11:38,11:26,11:56,ADV-246,4.84,"4+ year case due within 30 days, 4.8 years old, waiting 39 days",ADJOURNED
ST/218/2020,KL-000218-2020,EVIDENCE_COMPLAINANT,2026-11-02,11:38,11:49,11:38,12:08,ADV-542,6.66,Complainant evidence → reference gap 14 days. Mon 02 Nov has room (192 of 386 min),ADJOURNED
ST/87/2020,KL-000087-2020,EVIDENCE_ACCUSED,2026-11-02,11:49,11:57,11:49,12:19,ADV-229,6.66,Defence evidence → reference gap 14 days. Mon 02 Nov has room (199 of 386 min),MOVED_FORWARD
ST/359/2020,KL-000359-2020,EVIDENCE_ACCUSED,2026-11-02,11:57,12:05,11:57,12:27,ADV-237,6.66,Defence evidence → reference gap 14 days. Mon 02 Nov has room (206 of 386 min),ADJOURNED
ST/1123/2021,KL-001123-2021,EVIDENCE_ACCUSED,2026-11-02,12:05,12:13,12:05,12:35,ADV-1242,5.75,Defence evidence → reference gap 14 days. Mon 02 Nov has room (140 of 386 min),ADJOURNED
ST/1297/2021,KL-001297-2021,EVIDENCE_ACCUSED,2026-11-02,12:13,12:21,12:13,12:43,ADV-562,5.75,Defence evidence → reference gap 14 days. Mon 02 Nov has room (147 of 386 min),DISPOSED
ST/1459/2021,KL-001459-2021,EVIDENCE_ACCUSED,2026-11-02,12:21,12:30,12:21,12:51,ADV-147,5.75,Defence evidence → reference gap 14 days. Mon 02 Nov has room (155 of 386 min),ADJOURNED
ST/618/2021,KL-000618-2021,EVIDENCE_ACCUSED,2026-11-02,12:30,12:37,12:30,13:00,ADV-516,5.75,Defence evidence → reference gap 14 days. Mon 02 Nov has room (132 of 386 min),ADJOURNED
ST/1701/2021,KL-001701-2021,EVIDENCE_ACCUSED,2026-11-02,12:37,12:46,12:37,13:07,ADV-1120,5.75,Defence evidence → reference gap 14 days. Mon 02 Nov has room (163 of 386 min),ADJOURNED
ST/2492/2021,KL-002492-2021,EVIDENCE_ACCUSED,2026-11-02,12:46,12:54,12:46,13:16,ADV-987,5.75,Defence evidence → reference gap 14 days. Mon 02 Nov has room (182 of 386 min),ADJOURNED
ST/2546/2021,KL-002546-2021,JUDGEMENT,2026-11-02,12:54,13:26,12:54,13:24,ADV-1119,4.95,"4+ year case due within 30 days, judgement likely to proceed (99%), 5.0 years old",DISPOSED
ST/2574/2021,KL-002574-2021,JUDGEMENT,2026-11-02,13:26,13:30,13:26,13:56,ADV-866,4.95,"4+ year case due within 30 days, judgement likely to proceed (99%), 5.0 years old",DISPOSED
ST/2622/2021,KL-002622-2021,JUDGEMENT,2026-11-02,14:00,14:32,14:00,14:30,ADV-057,4.95,"4+ year case due within 30 days, judgement likely to proceed (99%), 5.0 years old",DISPOSED
ST/2047/2021,KL-002047-2021,JUDGEMENT,2026-11-02,14:32,15:05,14:32,15:02,ADV-973,4.89,Judgement → reference gap 21 days. Mon 02 Nov has room (30 of 386 min),DISPOSED
ST/2205/2021,KL-002205-2021,JUDGEMENT,2026-11-02,15:05,15:37,15:05,15:35,ADV-659,4.89,Judgement → reference gap 21 days. Mon 02 Nov has room (59 of 386 min),DISPOSED
ST/31/2021,KL-000031-2021,JUDGEMENT,2026-11-02,15:37,16:09,15:37,16:07,ADV-923,4.89,Judgement → reference gap 21 days. Mon 02 Nov has room (119 of 386 min),DISPOSED
ST/2391/2021,KL-002391-2021,JUDGEMENT,2026-11-02,16:09,16:42,16:09,16:39,ADV-226,4.89,Judgement → reference gap 21 days. Mon 02 Nov has room (89 of 386 min),DISPOSED
ST/2796/2017,KL-002796-2017,ARGUMENTS,2026-11-02,16:42,16:48,16:42,17:12,ADV-258,9.46,Arguments → reference gap 14 days. Mon 02 Nov has room (125 of 386 min),ADJOURNED
ST/1882/2021,KL-001882-2021,ARGUMENTS,2026-11-02,16:48,16:54,16:48,17:18,ADV-1258,5.75,Arguments → reference gap 14 days. Mon 02 Nov has room (168 of 386 min),ADJOURNED
ST/2333/2021,KL-002333-2021,ARGUMENTS,2026-11-02,16:54,17:00,16:54,17:24,ADV-493,5.75,Arguments → reference gap 14 days. Mon 02 Nov has room (174 of 386 min),ADJOURNED
ST/1133/2022,KL-001133-2022,APPLICATION_REVIEW,2026-11-03,10:00,10:10,10:00,10:10,ADV-921,4.43,"4+ year case due within 30 days, application review likely to proceed (85%), 4.4 years old",MOVED_FORWARD
ST/1254/2022,KL-001254-2022,APPLICATION_REVIEW,2026-11-03,10:10,10:19,10:10,10:20,ADV-428,4.43,"4+ year case due within 30 days, application review likely to proceed (85%), 4.4 years old",MOVED_FORWARD
ST/1414/2022,KL-001414-2022,APPLICATION_REVIEW,2026-11-03,10:19,10:29,10:19,10:29,ADV-905,4.43,"4+ year case due within 30 days, application review likely to proceed (85%), 4.4 years old",MOVED_FORWARD
ST/71/2022,KL-000071-2022,APPLICATION_REVIEW,2026-11-03,10:29,10:39,10:29,10:39,ADV-533,4.43,Application review → reference gap 5 days. Tue 03 Nov has room (176 of 386 min); ADV-533 already listed,MOVED_FORWARD
ST/2439/2021,KL-002439-2021,EVIDENCE_COMPLAINANT,2026-11-03,10:39,10:51,10:39,11:09,ADV-533,4.84,"4+ year case due within 30 days, 4.8 years old, waiting 40 days",MOVED_FORWARD
ST/2457/2021,KL-002457-2021,EVIDENCE_COMPLAINANT,2026-11-03,10:51,11:03,10:51,11:21,ADV-202,4.84,"4+ year case due within 30 days, 4.8 years old, waiting 40 days",MOVED_FORWARD
ST/2621/2021,KL-002621-2021,EVIDENCE_COMPLAINANT,2026-11-03,11:03,11:15,11:03,11:33,ADV-028,4.84,"4+ year case due within 30 days, 4.8 years old, waiting 40 days",ADJOURNED
ST/2826/2021,KL-002826-2021,EVIDENCE_COMPLAINANT,2026-11-03,11:15,11:26,11:15,11:45,ADV-673,4.84,"4+ year case due within 30 days, 4.8 years old, waiting 40 days",ADJOURNED
ST/1502/2021,KL-001502-2021,EVIDENCE_ACCUSED,2026-11-03,11:26,11:35,11:26,11:56,ADV-673,5.75,Defence evidence → reference gap 14 days. Tue 03 Nov has room (127 of 386 min); ADV-673 already listed,ADJOURNED
ST/2919/2021,KL-002919-2021,EVIDENCE_COMPLAINANT,2026-11-03,11:35,11:47,11:35,12:05,ADV-859,4.84,"4+ year case due within 30 days, 4.8 years old, waiting 40 days",ADJOURNED
ST/36/2022,KL-000036-2022,EVIDENCE_COMPLAINANT,2026-11-03,11:47,11:59,11:47,12:17,ADV-1205,4.67,"4+ year case due within 30 days, 4.7 years old, waiting 40 days",MOVED_FORWARD
ST/127/2021,KL-000127-2021,EVIDENCE_ACCUSED,2026-11-03,11:59,12:07,11:59,12:29,ADV-1049,4.88,"4+ year case due within 30 days, 4.9 years old, waiting 40 days",MOVED_FORWARD
ST/243/2020,KL-000243-2020,EVIDENCE_COMPLAINANT,2026-11-03,12:07,12:18,12:07,12:37,ADV-1131,6.66,Complainant evidence → reference gap 14 days. Tue 03 Nov has room (159 of 386 min),MOVED_FORWARD
ST/133/2020,KL-000133-2020,EVIDENCE_ACCUSED,2026-11-03,12:18,12:26,12:18,12:48,ADV-958,6.66,Defence evidence → reference gap 14 days. Tue 03 Nov has room (167 of 386 min),ADJOURNED
ST/2895/2021,KL-002895-2021,EVIDENCE_ACCUSED,2026-11-03,12:26,12:35,12:26,12:56,ADV-679,5.75,Defence evidence → reference gap 14 days. Tue 03 Nov has room (148 of 386 min),MOVED_FORWARD
ST/2301/2021,KL-002301-2021,EVIDENCE_ACCUSED,2026-11-03,12:35,12:43,12:35,13:05,ADV-085,5.75,Defence evidence → reference gap 14 days. Tue 03 Nov has room (134 of 386 min),ADJOURNED
ST/2418/2021,KL-002418-2021,EVIDENCE_ACCUSED,2026-11-03,12:43,12:50,12:43,13:13,ADV-215,5.75,Defence evidence → reference gap 14 days. Tue 03 Nov has room (141 of 386 min),ADJOURNED
ST/2800/2021,KL-002800-2021,JUDGEMENT,2026-11-03,12:50,13:23,12:50,13:20,ADV-530,4.96,"4+ year case due within 30 days, judgement likely to proceed (99%), 5.0 years old",DISPOSED
ST/2852/2021,KL-002852-2021,JUDGEMENT,2026-11-03,13:23,13:30,13:23,13:53,ADV-744,4.96,"4+ year case due within 30 days, judgement likely to proceed (99%), 5.0 years old",DISPOSED
ST/28/2021,KL-000028-2021,JUDGEMENT,2026-11-03,14:00,14:32,14:00,14:30,ADV-942,4.99,"4+ year case due within 30 days, judgement likely to proceed (99%), 5.0 years old",DISPOSED
ST/38/2021,KL-000038-2021,JUDGEMENT,2026-11-03,14:32,15:05,14:32,15:02,ADV-195,4.99,"4+ year case due within 30 days, judgement likely to proceed (99%), 5.0 years old",ADJOURNED
ST/114/2021,KL-000114-2021,JUDGEMENT,2026-11-03,15:05,15:37,15:05,15:35,ADV-1172,4.90,Not reached on Tue 27 Oct; earliest day with room. Tue 03 Nov has room (205 of 386 min),NOT_REACHED
ST/222/2021,KL-000222-2021,JUDGEMENT,2026-11-03,15:37,16:09,15:37,16:07,ADV-319,4.90,Not reached on Tue 27 Oct; earliest day with room. Tue 03 Nov has room (235 of 386 min),NOT_REACHED
ST/537/2021,KL-000537-2021,JUDGEMENT,2026-11-03,16:09,16:42,16:09,16:39,ADV-038,4.90,Not reached on Tue 27 Oct; earliest day with room. Tue 03 Nov has room (265 of 386 min),NOT_REACHED
ST/833/2021,KL-000833-2021,JUDGEMENT,2026-11-03,16:42,17:14,16:42,17:12,ADV-1019,4.90,Not reached on Tue 27 Oct; earliest day with room. Tue 03 Nov has room (294 of 386 min),NOT_REACHED
ST/529/2017,KL-000529-2017,ARGUMENTS,2026-11-03,17:14,17:20,17:14,17:44,ADV-237,9.46,Not reached on Tue 27 Oct; earliest day with room. Tue 03 Nov has room (300 of 386 min),NOT_REACHED
ST/2243/2021,KL-002243-2021,JUDGEMENT,2026-11-03,17:20,17:53,17:20,17:50,ADV-1146,4.90,Judgement → reference gap 21 days. Tue 03 Nov has room (30 of 386 min),NOT_REACHED
ST/2337/2021,KL-002337-2021,JUDGEMENT,2026-11-03,17:53,18:25,17:53,18:23,ADV-932,4.90,Judgement → reference gap 21 days. Tue 03 Nov has room (59 of 386 min); ADV-932 already listed,NOT_REACHED
ST/2578/2021,KL-002578-2021,JUDGEMENT,2026-11-03,18:25,18:57,18:25,18:55,ADV-1179,4.90,Judgement → reference gap 21 days. Tue 03 Nov has room (89 of 386 min),NOT_REACHED
ST/2845/2021,KL-002845-2021,JUDGEMENT,2026-11-03,18:57,19:29,18:57,19:27,ADV-1101,4.90,Judgement → reference gap 21 days. Tue 03 Nov has room (119 of 386 min),NOT_REACHED
ST/1461/2022,KL-001461-2022,APPLICATION_REVIEW,2026-11-04,10:00,10:10,10:00,10:10,ADV-130,4.44,"4+ year case due within 30 days, application review likely to proceed (85%), 4.4 years old",MOVED_FORWARD
ST/1578/2022,KL-001578-2022,APPLICATION_REVIEW,2026-11-04,10:10,10:19,10:10,10:20,ADV-252,4.44,"4+ year case due within 30 days, application review likely to proceed (85%), 4.4 years old",MOVED_FORWARD
ST/1617/2022,KL-001617-2022,APPLICATION_REVIEW,2026-11-04,10:19,10:29,10:19,10:29,ADV-369,4.44,"4+ year case due within 30 days, application review likely to proceed (85%), 4.4 years old",MOVED_FORWARD
ST/45/2022,KL-000045-2022,EVIDENCE_COMPLAINANT,2026-11-04,10:29,10:41,10:29,10:59,ADV-239,4.67,"4+ year case due within 30 days, 4.7 years old, waiting 41 days",ADJOURNED
ST/279/2022,KL-000279-2022,EVIDENCE_COMPLAINANT,2026-11-04,10:41,10:53,10:41,11:11,ADV-1252,4.67,"4+ year case due within 30 days, 4.7 years old, waiting 41 days",ADJOURNED
ST/387/2022,KL-000387-2022,EVIDENCE_COMPLAINANT,2026-11-04,10:53,11:05,10:53,11:23,ADV-976,4.67,"4+ year case due within 30 days, 4.7 years old, waiting 41 days",ADJOURNED
ST/588/2020,KL-000588-2020,EVIDENCE_COMPLAINANT,2026-11-04,11:05,11:17,11:05,11:35,ADV-869,6.66,Complainant evidence → reference gap 14 days. Wed 04 Nov has room (206 of 386 min),ADJOURNED
ST/695/2020,KL-000695-2020,EVIDENCE_COMPLAINANT,2026-11-04,11:17,11:30,11:17,11:47,ADV-499,6.66,Complainant evidence → reference gap 14 days. Wed 04 Nov has room (217 of 386 min),DISPOSED
ST/172/2020,KL-000172-2020,EVIDENCE_COMPLAINANT,2026-11-04,11:30,11:42,11:30,12:00,ADV-1183,6.66,Complainant evidence → reference gap 14 days. Wed 04 Nov has room (159 of 386 min); ADV-1183 already listed,ADJOURNED
ST/826/2020,KL-000826-2020,EVIDENCE_COMPLAINANT,2026-11-04,11:42,11:53,11:42,12:12,ADV-1139,6.66,Complainant evidence → reference gap 14 days. Wed 04 Nov has room (228 of 386 min),ADJOURNED
ST/581/2020,KL-000581-2020,EVIDENCE_ACCUSED,2026-11-04,11:53,12:01,11:53,12:23,ADV-1111,6.66,Defence evidence → reference gap 14 days. Wed 04 Nov has room (235 of 386 min),ADJOURNED
ST/700/2020,KL-000700-2020,EVIDENCE_ACCUSED,2026-11-04,12:01,12:08,12:01,12:31,ADV-958,6.66,Defence evidence → reference gap 14 days. Wed 04 Nov has room (242 of 386 min),ADJOURNED
ST/910/2020,KL-000910-2020,EVIDENCE_ACCUSED,2026-11-04,12:08,12:16,12:08,12:38,ADV-1142,6.66,Defence evidence → reference gap 14 days. Wed 04 Nov has room (249 of 386 min),ADJOURNED
ST/93/2021,KL-000093-2021,EVIDENCE_COMPLAINANT,2026-11-04,12:16,12:27,12:16,12:46,ADV-907,4.84,Complainant evidence → reference gap 14 days. Wed 04 Nov has room (169 of 386 min),MOVED_FORWARD
ST/297/2021,KL-000297-2021,EVIDENCE_COMPLAINANT,2026-11-04,12:27,12:38,12:27,12:57,ADV-267,4.84,Complainant evidence → reference gap 14 days. Wed 04 Nov has room (180 of 386 min),ADJOURNED
ST/361/2021,KL-000361-2021,EVIDENCE_ACCUSED,2026-11-04,12:38,12:46,12:38,13:08,ADV-1241,4.84,Defence evidence → reference gap 14 days. Wed 04 Nov has room (187 of 386 min),ADJOURNED
ST/69/2021,KL-000069-2021,EVIDENCE_ACCUSED,2026-11-04,12:46,12:54,12:46,13:16,ADV-188,4.88,Defence evidence → reference gap 14 days. Wed 04 Nov has room (194 of 386 min),ADJOURNED
ST/149/2021,KL-000149-2021,JUDGEMENT,2026-11-04,12:54,13:26,12:54,13:24,ADV-1247,4.99,"4+ year case due within 30 days, judgement likely to proceed (99%), 5.0 years old",DISPOSED
ST/302/2021,KL-000302-2021,JUDGEMENT,2026-11-04,13:26,13:30,13:26,13:56,ADV-336,4.99,"4+ year case due within 30 days, judgement likely to proceed (99%), 5.0 years old",DISPOSED
ST/916/2021,KL-000916-2021,JUDGEMENT,2026-11-04,14:00,14:32,14:00,14:30,ADV-099,4.90,Not reached on Wed 28 Oct; earliest day with room. Wed 04 Nov has room (297 of 386 min),DISPOSED
ST/1105/2017,KL-001105-2017,ARGUMENTS,2026-11-04,14:32,14:39,14:32,15:02,ADV-099,9.23,Not reached on Wed 28 Oct; earliest day with room. Wed 04 Nov has room (303 of 386 min); ADV-099 already listed,MOVED_FORWARD
ST/2355/2017,KL-002355-2017,ARGUMENTS,2026-11-04,14:39,14:45,14:39,15:09,ADV-988,9.23,Not reached on Tue 27 Oct; earliest day with room. Wed 04 Nov has room (255 of 386 min),ADJOURNED
ST/2833/2017,KL-002833-2017,ARGUMENTS,2026-11-04,14:45,14:52,14:45,15:15,ADV-1037,9.23,Not reached on Tue 27 Oct; earliest day with room. Wed 04 Nov has room (261 of 386 min),ADJOURNED
ST/669/2017,KL-000669-2017,ARGUMENTS,2026-11-04,14:52,14:58,14:52,15:22,ADV-537,9.46,Not reached on Wed 28 Oct; earliest day with room. Wed 04 Nov has room (308 of 386 min),ADJOURNED
ST/906/2020,KL-000906-2020,ARGUMENTS,2026-11-04,14:58,15:05,14:58,15:28,ADV-962,6.29,Not reached on Tue 27 Oct; earliest day with room. Wed 04 Nov has room (267 of 386 min),ADJOURNED
ST/2435/2021,KL-002435-2021,JUDGEMENT,2026-11-04,15:05,15:37,15:05,15:35,ADV-663,4.90,Judgement → reference gap 21 days. Wed 04 Nov has room (30 of 386 min),DISPOSED
ST/2645/2021,KL-002645-2021,JUDGEMENT,2026-11-04,15:37,16:09,15:37,16:07,ADV-769,4.90,Judgement → reference gap 21 days. Wed 04 Nov has room (59 of 386 min),DISPOSED
ST/2846/2021,KL-002846-2021,JUDGEMENT,2026-11-04,16:09,16:42,16:09,16:39,ADV-203,4.90,Judgement → reference gap 21 days. Wed 04 Nov has room (89 of 386 min),DISPOSED
ST/2991/2021,KL-002991-2021,JUDGEMENT,2026-11-04,16:42,17:14,16:42,17:12,ADV-063,4.90,Judgement → reference gap 21 days. Wed 04 Nov has room (119 of 386 min),DISPOSED
ST/245/2022,KL-000245-2022,JUDGEMENT,2026-11-04,17:14,17:46,17:14,17:44,ADV-919,4.10,Judgement → reference gap 21 days. Wed 04 Nov has room (149 of 386 min),ADJOURNED
ST/1684/2022,KL-001684-2022,APPLICATION_REVIEW,2026-11-05,10:00,10:10,10:00,10:10,ADV-088,4.44,"4+ year case due within 30 days, application review likely to proceed (85%), 4.4 years old",MOVED_FORWARD
ST/1736/2022,KL-001736-2022,APPLICATION_REVIEW,2026-11-05,10:10,10:19,10:10,10:20,ADV-528,4.44,"4+ year case due within 30 days, application review likely to proceed (85%), 4.4 years old",MOVED_FORWARD
ST/1980/2022,KL-001980-2022,APPLICATION_REVIEW,2026-11-05,10:19,10:29,10:19,10:29,ADV-767,4.44,"4+ year case due within 30 days, application review likely to proceed (85%), 4.4 years old",ADJOURNED
ST/484/2022,KL-000484-2022,APPLICATION_REVIEW,2026-11-05,10:29,10:39,10:29,10:39,ADV-291,4.44,Application review → reference gap 5 days. Thu 05 Nov has room (276 of 386 min),MOVED_FORWARD
ST/518/2022,KL-000518-2022,EVIDENCE_COMPLAINANT,2026-11-05,10:39,10:51,10:39,11:09,ADV-1138,4.68,"4+ year case due within 30 days, 4.7 years old, waiting 42 days",ADJOURNED
ST/619/2022,KL-000619-2022,EVIDENCE_COMPLAINANT,2026-11-05,10:51,11:03,10:51,11:21,ADV-549,4.68,"4+ year case due within 30 days, 4.7 years old, waiting 42 days",ADJOURNED
ST/1035/2022,KL-001035-2022,EVIDENCE_COMPLAINANT,2026-11-05,11:03,11:15,11:03,11:33,ADV-537,4.68,"4+ year case due within 30 days, 4.7 years old, waiting 42 days",ADJOURNED
ST/190/2017,KL-000190-2017,EVIDENCE_ACCUSED,2026-11-05,11:15,11:23,11:15,11:45,ADV-1051,9.23,Defence evidence → reference gap 14 days. Thu 05 Nov has room (247 of 386 min),ADJOURNED
ST/226/2017,KL-000226-2017,EVIDENCE_ACCUSED,2026-11-05,11:23,11:31,11:23,11:53,ADV-973,9.23,Defence evidence → reference gap 14 days. Thu 05 Nov has room (239 of 386 min),ADJOURNED
ST/1842/2020,KL-001842-2020,EVIDENCE_COMPLAINANT,2026-11-05,11:31,11:43,11:31,12:01,ADV-157,6.66,Complainant evidence → reference gap 14 days. Thu 05 Nov has room (257 of 386 min),ADJOURNED
ST/1633/2020,KL-001633-2020,EVIDENCE_COMPLAINANT,2026-11-05,11:43,11:53,11:43,12:13,ADV-347,6.66,Complainant evidence → reference gap 14 days. Thu 05 Nov has room (195 of 386 min),ADJOURNED
ST/977/2020,KL-000977-2020,EVIDENCE_COMPLAINANT,2026-11-05,11:53,12:04,11:53,12:23,ADV-812,6.66,Complainant evidence → reference gap 14 days. Thu 05 Nov has room (267 of 386 min),MOVED_FORWARD
ST/674/2020,KL-000674-2020,EVIDENCE_ACCUSED,2026-11-05,12:04,12:12,12:04,12:34,ADV-001,6.66,Defence evidence → reference gap 14 days. Thu 05 Nov has room (203 of 386 min),ADJOURNED
ST/376/2020,KL-000376-2020,EVIDENCE_ACCUSED,2026-11-05,12:12,12:19,12:12,12:42,ADV-637,6.66,Defence evidence → reference gap 14 days. Thu 05 Nov has room (185 of 386 min),ADJOURNED
ST/513/2021,KL-000513-2021,EVIDENCE_COMPLAINANT,2026-11-05,12:19,12:31,12:19,12:49,ADV-162,4.85,Complainant evidence → reference gap 14 days. Thu 05 Nov has room (231 of 386 min),ADJOURNED
ST/459/2021,KL-000459-2021,EVIDENCE_ACCUSED,2026-11-05,12:31,12:39,12:31,13:01,ADV-1060,4.85,Defence evidence → reference gap 14 days. Thu 05 Nov has room (221 of 386 min),MOVED_FORWARD
ST/1710/2017,KL-001710-2017,JUDGEMENT,2026-11-05,12:39,13:11,12:39,13:09,ADV-538,9.45,Judgement → reference gap 21 days. Thu 05 Nov has room (30 of 386 min),DISPOSED
ST/334/2021,KL-000334-2021,JUDGEMENT,2026-11-05,13:11,13:30,13:11,13:41,ADV-1069,4.99,"4+ year case due within 30 days, judgement likely to proceed (99%), 5.0 years old",DISPOSED
ST/433/2021,KL-000433-2021,JUDGEMENT,2026-11-05,14:00,14:32,14:00,14:30,ADV-262,4.99,"4+ year case due within 30 days, judgement likely to proceed (99%), 5.0 years old",DISPOSED
ST/2411/2016,KL-002411-2016,JUDGEMENT,2026-11-05,14:32,15:05,14:32,15:02,ADV-028,9.99,Judgement → reference gap 21 days. Thu 05 Nov has room (59 of 386 min),DISPOSED
ST/804/2017,KL-000804-2017,ARGUMENTS,2026-11-05,15:05,15:11,15:05,15:35,ADV-028,9.46,Arguments → reference gap 14 days. Thu 05 Nov has room (214 of 386 min); ADV-028 already listed,ADJOURNED
ST/1458/2021,KL-001458-2021,JUDGEMENT,2026-11-05,15:11,15:43,15:11,15:41,ADV-049,4.90,Judgement → reference gap 21 days. Thu 05 Nov has room (119 of 386 min); ADV-049 already listed,DISPOSED
ST/240/2022,KL-000240-2022,JUDGEMENT,2026-11-05,15:43,16:15,15:43,16:13,ADV-049,4.10,Judgement → reference gap 21 days. Thu 05 Nov has room (89 of 386 min),DISPOSED
ST/1853/2021,KL-001853-2021,JUDGEMENT,2026-11-05,16:15,16:48,16:15,16:45,ADV-134,4.90,Judgement → reference gap 21 days. Thu 05 Nov has room (178 of 386 min),DISPOSED
ST/675/2022,KL-000675-2022,JUDGEMENT,2026-11-05,16:48,17:20,16:48,17:18,ADV-815,4.10,Judgement → reference gap 21 days. Thu 05 Nov has room (149 of 386 min),DISPOSED
ST/791/2020,KL-000791-2020,ARGUMENTS,2026-11-05,17:20,17:26,17:20,17:50,ADV-142,6.66,Arguments → reference gap 14 days. Thu 05 Nov has room (208 of 386 min),ADJOURNED
ST/1986/2022,KL-001986-2022,APPLICATION_REVIEW,2026-11-06,10:00,10:10,10:00,10:10,ADV-065,4.44,"4+ year case due within 30 days, application review likely to proceed (85%), 4.4 years old",MOVED_FORWARD
ST/2005/2022,KL-002005-2022,APPLICATION_REVIEW,2026-11-06,10:10,10:19,10:10,10:20,ADV-974,4.44,"4+ year case due within 30 days, application review likely to proceed (85%), 4.4 years old",MOVED_FORWARD
ST/1351/2022,KL-001351-2022,EVIDENCE_COMPLAINANT,2026-11-06,10:19,10:31,10:19,10:49,ADV-767,4.68,"4+ year case due within 30 days, 4.7 years old, waiting 43 days",ADJOURNED
ST/1362/2022,KL-001362-2022,EVIDENCE_COMPLAINANT,2026-11-06,10:31,10:43,10:31,11:01,ADV-989,4.68,"4+ year case due within 30 days, 4.7 years old, waiting 43 days",MOVED_FORWARD
ST/1411/2022,KL-001411-2022,EVIDENCE_COMPLAINANT,2026-11-06,10:43,10:55,10:43,11:13,ADV-152,4.68,"4+ year case due within 30 days, 4.7 years old, waiting 43 days",ADJOURNED
ST/952/2017,KL-000952-2017,EVIDENCE_ACCUSED,2026-11-06,10:55,11:04,10:55,11:25,ADV-277,9.23,Defence evidence → reference gap 14 days. Fri 06 Nov has room (255 of 386 min),ADJOURNED
ST/136/2017,KL-000136-2017,EVIDENCE_ACCUSED,2026-11-06,11:04,11:12,11:04,11:34,ADV-020,9.23,Defence evidence → reference gap 14 days. Fri 06 Nov has room (247 of 386 min),ADJOURNED
ST/802/2017,KL-000802-2017,EVIDENCE_ACCUSED,2026-11-06,11:12,11:21,11:12,11:42,ADV-733,9.23,Defence evidence → reference gap 14 days. Fri 06 Nov has room (268 of 386 min),ADJOURNED
ST/1779/2017,KL-001779-2017,EVIDENCE_ACCUSED,2026-11-06,11:21,11:28,11:21,11:51,ADV-135,9.23,Defence evidence → reference gap 14 days. Fri 06 Nov has room (276 of 386 min),ADJOURNED
ST/1690/2020,KL-001690-2020,EVIDENCE_COMPLAINANT,2026-11-06,11:28,11:41,11:28,11:58,ADV-912,6.67,Complainant evidence → reference gap 14 days. Fri 06 Nov has room (287 of 386 min),ADJOURNED
ST/891/2020,KL-000891-2020,EVIDENCE_COMPLAINANT,2026-11-06,11:41,11:53,11:41,12:11,ADV-715,6.67,Complainant evidence → reference gap 14 days. Fri 06 Nov has room (213 of 386 min),ADJOURNED
ST/2082/2020,KL-002082-2020,EVIDENCE_COMPLAINANT,2026-11-06,11:53,12:04,11:53,12:23,ADV-640,6.67,Complainant evidence → reference gap 14 days. Fri 06 Nov has room (223 of 386 min),ADJOURNED
ST/2472/2020,KL-002472-2020,EVIDENCE_COMPLAINANT,2026-11-06,12:04,12:16,12:04,12:34,ADV-580,6.67,Complainant evidence → reference gap 14 days. Fri 06 Nov has room (298 of 386 min),ADJOURNED
ST/590/2021,KL-000590-2021,EVIDENCE_COMPLAINANT,2026-11-06,12:16,12:27,12:16,12:46,ADV-1147,4.85,Complainant evidence → reference gap 14 days. Fri 06 Nov has room (196 of 386 min),ADJOURNED
ST/650/2021,KL-000650-2021,EVIDENCE_COMPLAINANT,2026-11-06,12:27,12:38,12:27,12:57,ADV-930,4.85,Complainant evidence → reference gap 14 days. Fri 06 Nov has room (239 of 386 min),ADJOURNED
ST/477/2021,KL-000477-2021,EVIDENCE_ACCUSED,2026-11-06,12:38,12:46,12:38,13:08,ADV-691,4.85,Defence evidence → reference gap 14 days. Fri 06 Nov has room (186 of 386 min),ADJOURNED
ST/482/2021,KL-000482-2021,JUDGEMENT,2026-11-06,12:46,13:18,12:46,13:16,ADV-310,5.00,"4+ year case due within 30 days, judgement likely to proceed (99%), 5.0 years old",DISPOSED
ST/1743/2021,KL-001743-2021,JUDGEMENT,2026-11-06,13:18,13:30,13:18,13:48,ADV-540,4.90,Judgement → reference gap 21 days. Fri 06 Nov has room (30 of 386 min),DISPOSED
ST/2004/2021,KL-002004-2021,JUDGEMENT,2026-11-06,14:00,14:32,14:00,14:30,ADV-861,4.90,Judgement → reference gap 21 days. Fri 06 Nov has room (59 of 386 min),DISPOSED
ST/2180/2021,KL-002180-2021,JUDGEMENT,2026-11-06,14:32,15:05,14:32,15:02,ADV-507,4.90,Not reached on Fri 30 Oct; earliest day with room. Fri 06 Nov has room (334 of 386 min),DISPOSED
ST/2113/2017,KL-002113-2017,ARGUMENTS,2026-11-06,15:05,15:11,15:05,15:35,ADV-1251,9.47,Not reached on Fri 30 Oct; earliest day with room. Fri 06 Nov has room (340 of 386 min),MOVED_FORWARD
ST/2383/2017,KL-002383-2017,ARGUMENTS,2026-11-06,15:11,15:17,15:11,15:41,ADV-490,9.47,Not reached on Fri 30 Oct; earliest day with room. Fri 06 Nov has room (345 of 386 min),ADJOURNED
ST/2842/2020,KL-002842-2020,ARGUMENTS,2026-11-06,15:17,15:24,15:17,15:47,ADV-1260,6.29,Not reached on Fri 30 Oct; earliest day with room. Fri 06 Nov has room (351 of 386 min),ADJOURNED
ST/509/2021,KL-000509-2021,ARGUMENTS,2026-11-06,15:24,15:30,15:24,15:54,ADV-074,5.76,Not reached on Fri 30 Oct; earliest day with room. Fri 06 Nov has room (357 of 386 min),ADJOURNED
ST/343/2022,KL-000343-2022,JUDGEMENT,2026-11-06,15:30,16:02,15:30,16:00,ADV-125,4.11,Judgement → reference gap 21 days. Fri 06 Nov has room (89 of 386 min),DISPOSED
ST/825/2022,KL-000825-2022,JUDGEMENT,2026-11-06,16:02,16:35,16:02,16:32,ADV-749,4.11,Judgement → reference gap 21 days. Fri 06 Nov has room (119 of 386 min),DISPOSED
ST/996/2022,KL-000996-2022,JUDGEMENT,2026-11-06,16:35,17:07,16:35,17:05,ADV-423,4.11,Judgement → reference gap 21 days. Fri 06 Nov has room (149 of 386 min),DISPOSED
ST/1200/2022,KL-001200-2022,JUDGEMENT,2026-11-06,17:07,17:39,17:07,17:37,ADV-301,4.11,Judgement → reference gap 21 days. Fri 06 Nov has room (178 of 386 min),DISPOSED
ST/333/2017,KL-000333-2017,ARGUMENTS,2026-11-06,17:39,17:46,17:39,18:09,ADV-313,9.23,Arguments → reference gap 14 days. Fri 06 Nov has room (202 of 386 min),ADJOURNED
ST/1823/2017,KL-001823-2017,ARGUMENTS,2026-11-06,17:46,17:53,17:46,18:16,ADV-1145,9.23,Arguments → reference gap 14 days. Fri 06 Nov has room (304 of 386 min),ADJOURNED
ST/239/2017,KL-000239-2017,ARGUMENTS,2026-11-06,17:53,17:59,17:53,18:23,ADV-1113,9.23,Arguments → reference gap 14 days. Fri 06 Nov has room (261 of 386 min),ADJOURNED
ST/1788/2020,KL-001788-2020,ARGUMENTS,2026-11-06,17:59,18:05,17:59,18:29,ADV-014,6.67,Arguments → reference gap 14 days. Fri 06 Nov has room (229 of 386 min),ADJOURNED
ST/2206/2022,KL-002206-2022,APPLICATION_REVIEW,2026-11-10,10:00,10:10,10:00,10:10,ADV-576,4.45,"4+ year case due within 30 days, application review likely to proceed (85%), 4.5 years old",ADJOURNED
ST/97/2017,KL-000097-2017,REPORTS,2026-11-10,10:10,10:14,10:10,10:20,ADV-221,8.98,Reports → reference gap 45 days. Tue 10 Nov has room (4 of 386 min),ADJOURNED
ST/401/2017,KL-000401-2017,REPORTS,2026-11-10,10:14,10:18,10:14,10:24,ADV-1026,9.72,"4+ year case due within 30 days, 9.7 years old, waiting 47 days",ADJOURNED
ST/1456/2022,KL-001456-2022,EVIDENCE_COMPLAINANT,2026-11-10,10:18,10:29,10:18,10:48,ADV-085,4.69,"4+ year case due within 30 days, 4.7 years old, waiting 47 days",ADJOURNED
ST/1838/2017,KL-001838-2017,EVIDENCE_ACCUSED,2026-11-10,10:29,10:38,10:29,10:59,ADV-085,9.24,Defence evidence → reference gap 14 days. Tue 10 Nov has room (124 of 386 min); ADV-085 already listed,ADJOURNED
ST/2309/2017,KL-002309-2017,EVIDENCE_ACCUSED,2026-11-10,10:38,10:46,10:38,11:08,ADV-085,9.24,Defence evidence → reference gap 14 days. Tue 10 Nov has room (184 of 386 min); ADV-085 already listed,ADJOURNED
ST/1470/2022,KL-001470-2022,EVIDENCE_COMPLAINANT,2026-11-10,10:46,10:58,10:46,11:16,ADV-944,4.69,"4+ year case due within 30 days, 4.7 years old, waiting 47 days",MOVED_FORWARD
ST/1615/2022,KL-001615-2022,EVIDENCE_COMPLAINANT,2026-11-10,10:58,11:10,10:58,11:28,ADV-706,4.69,"4+ year case due within 30 days, 4.7 years old, waiting 47 days",ADJOURNED
ST/1476/2017,KL-001476-2017,EVIDENCE_ACCUSED,2026-11-10,11:10,11:19,11:10,11:40,ADV-404,9.24,Defence evidence → reference gap 14 days. Tue 10 Nov has room (102 of 386 min),ADJOURNED
ST/307/2017,KL-000307-2017,EVIDENCE_ACCUSED,2026-11-10,11:19,11:27,11:19,11:49,ADV-348,9.24,Defence evidence → reference gap 14 days. Tue 10 Nov has room (109 of 386 min),ADJOURNED
ST/928/2017,KL-000928-2017,EVIDENCE_ACCUSED,2026-11-10,11:27,11:35,11:27,11:57,ADV-194,9.24,Defence evidence → reference gap 14 days. Tue 10 Nov has room (94 of 386 min),ADJOURNED
ST/1186/2017,KL-001186-2017,EVIDENCE_ACCUSED,2026-11-10,11:35,11:43,11:35,12:05,ADV-721,9.24,Defence evidence → reference gap 14 days. Tue 10 Nov has room (117 of 386 min),ADJOURNED
ST/2340/2020,KL-002340-2020,EVIDENCE_COMPLAINANT,2026-11-10,11:43,11:56,11:43,12:13,ADV-589,6.68,Complainant evidence → reference gap 14 days. Tue 10 Nov has room (75 of 386 min),MOVED_FORWARD
ST/1738/2020,KL-001738-2020,EVIDENCE_COMPLAINANT,2026-11-10,11:56,12:08,11:56,12:26,ADV-462,6.68,Complainant evidence → reference gap 14 days. Tue 10 Nov has room (195 of 386 min),ADJOURNED
ST/1093/2021,KL-001093-2021,EVIDENCE_COMPLAINANT,2026-11-10,12:08,12:21,12:08,12:38,ADV-462,4.86,Complainant evidence → reference gap 14 days. Tue 10 Nov has room (225 of 386 min); ADV-462 already listed,ADJOURNED
ST/2321/2020,KL-002321-2020,EVIDENCE_COMPLAINANT,2026-11-10,12:21,12:32,12:21,12:51,ADV-397,6.68,Complainant evidence → reference gap 14 days. Tue 10 Nov has room (135 of 386 min),MOVED_FORWARD
ST/2453/2020,KL-002453-2020,EVIDENCE_COMPLAINANT,2026-11-10,12:32,12:44,12:32,13:02,ADV-1063,6.68,Complainant evidence → reference gap 14 days. Tue 10 Nov has room (206 of 386 min),MOVED_FORWARD
ST/951/2020,KL-000951-2020,EVIDENCE_ACCUSED,2026-11-10,12:44,12:52,12:44,13:14,ADV-476,6.68,Defence evidence → reference gap 14 days. Tue 10 Nov has room (142 of 386 min),MOVED_FORWARD
ST/223/2020,KL-000223-2020,EVIDENCE_ACCUSED,2026-11-10,12:52,13:00,12:52,13:22,ADV-978,6.31,Defence evidence → reference gap 14 days. Tue 10 Nov has room (214 of 386 min),MOVED_FORWARD
ST/723/2021,KL-000723-2021,EVIDENCE_COMPLAINANT,2026-11-10,13:00,13:13,13:00,13:30,ADV-947,4.86,Complainant evidence → reference gap 14 days. Tue 10 Nov has room (86 of 386 min),ADJOURNED
ST/963/2021,KL-000963-2021,EVIDENCE_COMPLAINANT,2026-11-10,13:13,13:25,13:13,13:43,ADV-828,4.86,Complainant evidence → reference gap 14 days. Tue 10 Nov has room (176 of 386 min),ADJOURNED
ST/856/2021,KL-000856-2021,EVIDENCE_COMPLAINANT,2026-11-10,13:25,13:30,13:25,13:55,ADV-897,4.86,Complainant evidence → reference gap 14 days. Tue 10 Nov has room (165 of 386 min),MOVED_FORWARD
ST/524/2021,KL-000524-2021,JUDGEMENT,2026-11-10,14:00,14:32,14:00,14:30,ADV-214,5.01,"4+ year case due within 30 days, judgement likely to proceed (99%), 5.0 years old",DISPOSED
ST/553/2021,KL-000553-2021,JUDGEMENT,2026-11-10,14:32,15:05,14:32,15:02,ADV-1183,5.01,"4+ year case due within 30 days, judgement likely to proceed (99%), 5.0 years old",DISPOSED
ST/605/2021,KL-000605-2021,JUDGEMENT,2026-11-10,15:05,15:37,15:05,15:35,ADV-1166,5.01,"4+ year case due within 30 days, judgement likely to proceed (99%), 5.0 years old",DISPOSED
ST/1211/2022,KL-001211-2022,JUDGEMENT,2026-11-10,15:37,16:09,15:37,16:07,ADV-191,4.12,Judgement → reference gap 21 days. Tue 10 Nov has room (33 of 386 min),ADJOURNED
ST/2052/2017,KL-002052-2017,ARGUMENTS,2026-11-10,16:09,16:16,16:09,16:39,ADV-191,9.24,Arguments → reference gap 14 days. Tue 10 Nov has room (155 of 386 min); ADV-191 already listed,NOT_REACHED
ST/1290/2022,KL-001290-2022,JUDGEMENT,2026-11-10,16:16,16:48,16:16,16:46,ADV-389,4.12,Judgement → reference gap 21 days. Tue 10 Nov has room (63 of 386 min),NOT_REACHED
ST/1601/2017,KL-001601-2017,ARGUMENTS,2026-11-10,16:48,16:55,16:48,17:18,ADV-1246,9.24,Arguments → reference gap 14 days. Tue 10 Nov has room (148 of 386 min),NOT_REACHED
ST/2127/2017,KL-002127-2017,ARGUMENTS,2026-11-10,16:55,17:01,16:55,17:25,ADV-313,9.24,Arguments → reference gap 14 days. Tue 10 Nov has room (231 of 386 min),NOT_REACHED
ST/2708/2017,KL-002708-2017,ARGUMENTS,2026-11-10,17:01,17:08,17:01,17:31,ADV-405,9.24,Arguments → reference gap 14 days. Tue 10 Nov has room (237 of 386 min),NOT_REACHED
ST/2266/2020,KL-002266-2020,ARGUMENTS,2026-11-10,17:08,17:14,17:08,17:38,ADV-1119,6.68,Arguments → reference gap 14 days. Tue 10 Nov has room (243 of 386 min),NOT_REACHED
ST/1041/2020,KL-001041-2020,ARGUMENTS,2026-11-10,17:14,17:20,17:14,17:44,ADV-415,6.31,Arguments → reference gap 14 days. Tue 10 Nov has room (249 of 386 min),NOT_REACHED
ST/2236/2022,KL-002236-2022,APPLICATION_REVIEW,2026-11-11,10:00,10:10,10:00,10:10,ADV-1085,4.45,"4+ year case due within 30 days, application review likely to proceed (85%), 4.5 years old",MOVED_FORWARD
ST/2257/2022,KL-002257-2022,APPLICATION_REVIEW,2026-11-11,10:10,10:19,10:10,10:20,ADV-076,4.45,"4+ year case due within 30 days, application review likely to proceed (85%), 4.5 years old",MOVED_FORWARD
ST/1769/2022,KL-001769-2022,EVIDENCE_COMPLAINANT,2026-11-11,10:19,10:31,10:19,10:49,ADV-144,4.69,"4+ year case due within 30 days, 4.7 years old, waiting 48 days",MOVED_FORWARD
ST/1889/2022,KL-001889-2022,EVIDENCE_COMPLAINANT,2026-11-11,10:31,10:43,10:31,11:01,ADV-426,4.69,"4+ year case due within 30 days, 4.7 years old, waiting 48 days",ADJOURNED
ST/2002/2022,KL-002002-2022,EVIDENCE_COMPLAINANT,2026-11-11,10:43,10:55,10:43,11:13,ADV-043,4.69,"4+ year case due within 30 days, 4.7 years old, waiting 48 days",ADJOURNED
ST/2467/2017,KL-002467-2017,EVIDENCE_ACCUSED,2026-11-11,10:55,11:03,10:55,11:25,ADV-043,9.25,Defence evidence → reference gap 14 days. Wed 11 Nov has room (146 of 386 min); ADV-043 already listed,ADJOURNED
ST/217/2021,KL-000217-2021,EVIDENCE_ACCUSED,2026-11-11,11:03,11:11,11:03,11:33,ADV-007,4.90,"4+ year case due within 30 days, 4.9 years old, waiting 48 days",ADJOURNED
ST/642/2017,KL-000642-2017,EVIDENCE_ACCUSED,2026-11-11,11:11,11:20,11:11,11:41,ADV-1170,9.48,Defence evidence → reference gap 14 days. Wed 11 Nov has room (199 of 386 min),ADJOURNED
ST/324/2017,KL-000324-2017,EVIDENCE_ACCUSED,2026-11-11,11:20,11:28,11:20,11:50,ADV-806,9.48,Defence evidence → reference gap 14 days. Wed 11 Nov has room (226 of 386 min),ADJOURNED
ST/840/2017,KL-000840-2017,EVIDENCE_ACCUSED,2026-11-11,11:28,11:37,11:28,11:58,ADV-1201,9.48,Defence evidence → reference gap 14 days. Wed 11 Nov has room (234 of 386 min),ADJOURNED
ST/1948/2017,KL-001948-2017,EVIDENCE_ACCUSED,2026-11-11,11:37,11:46,11:37,12:07,ADV-655,9.48,Defence evidence → reference gap 14 days. Wed 11 Nov has room (241 of 386 min),MOVED_FORWARD
ST/1391/2017,KL-001391-2017,EVIDENCE_ACCUSED,2026-11-11,11:46,11:53,11:46,12:16,ADV-228,9.25,Defence evidence → reference gap 14 days. Wed 11 Nov has room (139 of 386 min),ADJOURNED
ST/2594/2020,KL-002594-2020,EVIDENCE_COMPLAINANT,2026-11-11,11:53,12:06,11:53,12:23,ADV-790,6.68,Complainant evidence → reference gap 14 days. Wed 11 Nov has room (95 of 386 min),ADJOURNED
ST/2033/2020,KL-002033-2020,EVIDENCE_COMPLAINANT,2026-11-11,12:06,12:18,12:06,12:36,ADV-454,6.68,Complainant evidence → reference gap 14 days. Wed 11 Nov has room (105 of 386 min); ADV-454 already listed,MOVED_FORWARD
ST/2306/2020,KL-002306-2020,EVIDENCE_COMPLAINANT,2026-11-11,12:18,12:29,12:18,12:48,ADV-1026,6.68,Complainant evidence → reference gap 14 days. Wed 11 Nov has room (157 of 386 min),ADJOURNED
ST/2502/2020,KL-002502-2020,EVIDENCE_ACCUSED,2026-11-11,12:29,12:37,12:29,12:59,ADV-284,6.68,Defence evidence → reference gap 14 days. Wed 11 Nov has room (164 of 386 min),ADJOURNED
ST/43/2020,KL-000043-2020,EVIDENCE_ACCUSED,2026-11-11,12:37,12:45,12:37,13:07,ADV-414,6.31,Defence evidence → reference gap 14 days. Wed 11 Nov has room (171 of 386 min),ADJOURNED
ST/541/2020,KL-000541-2020,EVIDENCE_ACCUSED,2026-11-11,12:45,12:53,12:45,13:15,ADV-926,6.31,Defence evidence → reference gap 14 days. Wed 11 Nov has room (255 of 386 min),ADJOURNED
ST/1600/2020,KL-001600-2020,EVIDENCE_ACCUSED,2026-11-11,12:53,13:02,12:53,13:23,ADV-920,6.31,Defence evidence → reference gap 14 days. Wed 11 Nov has room (263 of 386 min),ADJOURNED
ST/775/2021,KL-000775-2021,EVIDENCE_COMPLAINANT,2026-11-11,13:02,13:13,13:02,13:32,ADV-542,4.86,Complainant evidence → reference gap 14 days. Wed 11 Nov has room (121 of 386 min),ADJOURNED
ST/865/2021,KL-000865-2021,EVIDENCE_COMPLAINANT,2026-11-11,13:13,13:24,13:13,13:43,ADV-796,4.86,Complainant evidence → reference gap 14 days. Wed 11 Nov has room (132 of 386 min),ADJOURNED
ST/1024/2021,KL-001024-2021,EVIDENCE_COMPLAINANT,2026-11-11,13:24,13:30,13:24,13:54,ADV-362,4.86,Complainant evidence → reference gap 14 days. Wed 11 Nov has room (181 of 386 min),ADJOURNED
ST/1126/2021,KL-001126-2021,EVIDENCE_COMPLAINANT,2026-11-11,14:00,14:11,14:00,14:30,ADV-636,4.86,Complainant evidence → reference gap 14 days. Wed 11 Nov has room (191 of 386 min),MOVED_FORWARD
ST/1144/2021,KL-001144-2021,EVIDENCE_ACCUSED,2026-11-11,14:11,14:19,14:11,14:41,ADV-565,4.86,Defence evidence → reference gap 14 days. Wed 11 Nov has room (218 of 386 min),ADJOURNED
ST/794/2021,KL-000794-2021,JUDGEMENT,2026-11-11,14:19,14:51,14:19,14:49,ADV-827,5.01,"4+ year case due within 30 days, judgement likely to proceed (99%), 5.0 years old",DISPOSED
ST/1025/2021,KL-001025-2021,JUDGEMENT,2026-11-11,14:51,15:24,14:51,15:21,ADV-573,5.01,"4+ year case due within 30 days, judgement likely to proceed (99%), 5.0 years old",DISPOSED
ST/114/2021,KL-000114-2021,JUDGEMENT,2026-11-11,15:24,15:56,15:24,15:54,ADV-1172,4.92,Not reached on Tue 03 Nov; earliest day with room. Wed 11 Nov has room (298 of 386 min),DISPOSED
ST/222/2021,KL-000222-2021,JUDGEMENT,2026-11-11,15:56,16:28,15:56,16:26,ADV-319,4.92,Not reached on Tue 03 Nov; earliest day with room. Wed 11 Nov has room (328 of 386 min),DISPOSED
ST/537/2021,KL-000537-2021,JUDGEMENT,2026-11-11,16:28,17:01,16:28,16:58,ADV-038,4.92,Not reached on Tue 03 Nov; earliest day with room. Wed 11 Nov has room (358 of 386 min),DISPOSED
ST/529/2017,KL-000529-2017,ARGUMENTS,2026-11-11,17:01,17:07,17:01,17:31,ADV-237,9.48,Not reached on Tue 03 Nov; earliest day with room. Wed 11 Nov has room (363 of 386 min),ADJOURNED
ST/153/2017,KL-000153-2017,JUDGEMENT,2026-11-11,17:07,17:33,17:07,17:37,ADV-248,9.48,Judgement → reference gap 21 days. Wed 11 Nov has room (83 of 386 min),ADJOURNED
ST/1540/2022,KL-001540-2022,JUDGEMENT,2026-11-11,17:33,18:05,17:33,18:03,ADV-1096,4.12,Judgement → reference gap 21 days. Wed 11 Nov has room (30 of 386 min),NOT_REACHED
ST/1753/2022,KL-001753-2022,JUDGEMENT,2026-11-11,18:05,18:38,18:05,18:35,ADV-1016,4.12,Judgement → reference gap 21 days. Wed 11 Nov has room (59 of 386 min),NOT_REACHED
ST/442/2017,KL-000442-2017,ARGUMENTS,2026-11-11,18:38,18:44,18:38,19:08,ADV-031,9.25,Arguments → reference gap 14 days. Wed 11 Nov has room (111 of 386 min),NOT_REACHED
ST/943/2017,KL-000943-2017,ARGUMENTS,2026-11-11,18:44,18:50,18:44,19:14,ADV-1170,9.48,Arguments → reference gap 14 days. Wed 11 Nov has room (205 of 386 min); ADV-1170 already listed,NOT_REACHED
ST/2164/2017,KL-002164-2017,ARGUMENTS,2026-11-11,18:50,18:56,18:50,19:20,ADV-1054,9.48,Arguments → reference gap 14 days. Wed 11 Nov has room (247 of 386 min),NOT_REACHED
ST/110/2020,KL-000110-2020,ARGUMENTS,2026-11-11,18:56,19:02,18:56,19:26,ADV-298,6.31,Arguments → reference gap 14 days. Wed 11 Nov has room (210 of 386 min),NOT_REACHED
ST/2155/2020,KL-002155-2020,ARGUMENTS,2026-11-11,19:02,19:08,19:02,19:32,ADV-1010,6.31,Arguments → reference gap 14 days. Wed 11 Nov has room (268 of 386 min),NOT_REACHED
ST/2547/2022,KL-002547-2022,APPLICATION_REVIEW,2026-11-12,10:00,10:10,10:00,10:10,ADV-195,4.46,"4+ year case due within 30 days, application review likely to proceed (85%), 4.5 years old",MOVED_FORWARD
ST/2021/2017,KL-002021-2017,EVIDENCE_ACCUSED,2026-11-12,10:10,10:19,10:10,10:40,ADV-1110,9.25,Defence evidence → reference gap 14 days. Thu 12 Nov has room (97 of 386 min),ADJOURNED
ST/2089/2017,KL-002089-2017,EVIDENCE_ACCUSED,2026-11-12,10:19,10:27,10:19,10:49,ADV-174,9.25,Defence evidence → reference gap 14 days. Thu 12 Nov has room (105 of 386 min),ADJOURNED
ST/2187/2017,KL-002187-2017,EVIDENCE_ACCUSED,2026-11-12,10:27,10:35,10:27,10:57,ADV-1088,9.25,Defence evidence → reference gap 14 days. Thu 12 Nov has room (156 of 386 min); ADV-1088 already listed,ADJOURNED
ST/2997/2017,KL-002997-2017,EVIDENCE_ACCUSED,2026-11-12,10:35,10:43,10:35,11:05,ADV-1077,9.25,Defence evidence → reference gap 14 days. Thu 12 Nov has room (112 of 386 min),ADJOURNED
ST/1170/2017,KL-001170-2017,EVIDENCE_ACCUSED,2026-11-12,10:43,10:51,10:43,11:13,ADV-851,9.48,Defence evidence → reference gap 14 days. Thu 12 Nov has room (163 of 386 min),ADJOURNED
ST/1103/2017,KL-001103-2017,EVIDENCE_ACCUSED,2026-11-12,10:51,10:59,10:51,11:21,ADV-240,9.48,Defence evidence → reference gap 14 days. Thu 12 Nov has room (257 of 386 min),ADJOURNED
ST/1530/2017,KL-001530-2017,EVIDENCE_ACCUSED,2026-11-12,10:59,11:07,10:59,11:29,ADV-709,9.48,Defence evidence → reference gap 14 days. Thu 12 Nov has room (203 of 386 min),ADJOURNED
ST/2799/2020,KL-002799-2020,EVIDENCE_ACCUSED,2026-11-12,11:07,11:15,11:07,11:37,ADV-709,6.31,Defence evidence → reference gap 14 days. Thu 12 Nov has room (210 of 386 min); ADV-709 already listed,ADJOURNED
ST/2101/2017,KL-002101-2017,EVIDENCE_ACCUSED,2026-11-12,11:15,11:22,11:15,11:45,ADV-694,9.48,Defence evidence → reference gap 14 days. Thu 12 Nov has room (264 of 386 min),ADJOURNED
ST/2912/2020,KL-002912-2020,EVIDENCE_COMPLAINANT,2026-11-12,11:22,11:35,11:22,11:52,ADV-424,6.68,Complainant evidence → reference gap 14 days. Thu 12 Nov has room (124 of 386 min),ADJOURNED
ST/2816/2020,KL-002816-2020,EVIDENCE_ACCUSED,2026-11-12,11:35,11:43,11:35,12:05,ADV-073,6.68,Defence evidence → reference gap 14 days. Thu 12 Nov has room (171 of 386 min),ADJOURNED
ST/2742/2020,KL-002742-2020,EVIDENCE_ACCUSED,2026-11-12,11:43,11:51,11:43,12:13,ADV-784,6.68,Defence evidence → reference gap 14 days. Thu 12 Nov has room (131 of 386 min),MOVED_FORWARD
ST/892/2020,KL-000892-2020,EVIDENCE_ACCUSED,2026-11-12,11:51,11:59,11:51,12:21,ADV-1167,6.31,Defence evidence → reference gap 14 days. Thu 12 Nov has room (218 of 386 min),ADJOURNED
ST/2707/2020,KL-002707-2020,EVIDENCE_ACCUSED,2026-11-12,11:59,12:08,11:59,12:29,ADV-519,6.31,Defence evidence → reference gap 14 days. Thu 12 Nov has room (272 of 386 min),ADJOURNED
ST/982/2020,KL-000982-2020,EVIDENCE_ACCUSED,2026-11-12,12:08,12:15,12:08,12:38,ADV-112,6.31,Defence evidence → reference gap 14 days. Thu 12 Nov has room (225 of 386 min),MOVED_FORWARD
ST/105/2022,KL-000105-2022,EVIDENCE_COMPLAINANT,2026-11-12,12:15,12:31,12:15,12:45,ADV-884,4.46,Complainant evidence → reference gap 14 days. Thu 12 Nov has room (186 of 386 min),ADJOURNED
ST/135/2022,KL-000135-2022,EVIDENCE_COMPLAINANT,2026-11-12,12:31,12:47,12:31,13:01,ADV-896,4.46,Complainant evidence → reference gap 14 days. Thu 12 Nov has room (239 of 386 min),ADJOURNED
ST/1125/2021,KL-001125-2021,EVIDENCE_COMPLAINANT,2026-11-12,12:47,12:59,12:47,13:17,ADV-994,4.87,Complainant evidence → reference gap 14 days. Thu 12 Nov has room (148 of 386 min),ADJOURNED
ST/206/2021,KL-000206-2021,EVIDENCE_ACCUSED,2026-11-12,12:59,13:08,12:59,13:29,ADV-854,5.77,Defence evidence → reference gap 14 days. Thu 12 Nov has room (280 of 386 min),ADJOURNED
ST/1163/2021,KL-001163-2021,EVIDENCE_COMPLAINANT,2026-11-12,13:08,13:19,13:08,13:38,ADV-710,4.87,Complainant evidence → reference gap 14 days. Thu 12 Nov has room (196 of 386 min); ADV-710 already listed,MOVED_FORWARD
ST/1500/2021,KL-001500-2021,EVIDENCE_COMPLAINANT,2026-11-12,13:19,13:30,13:19,13:49,ADV-436,4.87,Complainant evidence → reference gap 14 days. Thu 12 Nov has room (250 of 386 min),ADJOURNED
ST/833/2021,KL-000833-2021,JUDGEMENT,2026-11-12,14:00,14:32,14:00,14:30,ADV-1019,4.92,Not reached on Tue 03 Nov; earliest day with room. Thu 12 Nov has room (315 of 386 min),DISPOSED
ST/2243/2021,KL-002243-2021,JUDGEMENT,2026-11-12,14:32,15:05,14:32,15:02,ADV-1146,4.92,Not reached on Tue 03 Nov; earliest day with room. Thu 12 Nov has room (345 of 386 min),DISPOSED
ST/2845/2021,KL-002845-2021,JUDGEMENT,2026-11-12,15:05,15:37,15:05,15:35,ADV-1101,4.92,Not reached on Tue 03 Nov; earliest day with room. Thu 12 Nov has room (375 of 386 min),DISPOSED
ST/1631/2021,KL-001631-2021,JUDGEMENT,2026-11-12,15:37,16:09,15:37,16:07,ADV-187,5.77,Judgement → reference gap 21 days. Thu 12 Nov has room (59 of 386 min),DISPOSED
ST/1755/2022,KL-001755-2022,JUDGEMENT,2026-11-12,16:09,16:42,16:09,16:39,ADV-268,4.12,Judgement → reference gap 21 days. Thu 12 Nov has room (30 of 386 min),DISPOSED
ST/2128/2022,KL-002128-2022,JUDGEMENT,2026-11-12,16:42,17:14,16:42,17:12,ADV-651,4.12,Judgement → reference gap 21 days. Thu 12 Nov has room (89 of 386 min),DISPOSED
ST/1367/2017,KL-001367-2017,ARGUMENTS,2026-11-12,17:14,17:20,17:14,17:44,ADV-210,9.25,Arguments → reference gap 14 days. Thu 12 Nov has room (137 of 386 min),ADJOURNED
ST/1507/2017,KL-001507-2017,ARGUMENTS,2026-11-12,17:20,17:26,17:20,17:50,ADV-366,9.48,Arguments → reference gap 14 days. Thu 12 Nov has room (286 of 386 min),MOVED_FORWARD
ST/2557/2022,KL-002557-2022,APPLICATION_REVIEW,2026-11-13,10:00,10:10,10:00,10:10,ADV-128,4.46,"4+ year case due within 30 days, application review likely to proceed (85%), 4.5 years old",MOVED_FORWARD
ST/2671/2022,KL-002671-2022,APPLICATION_REVIEW,2026-11-13,10:10,10:19,10:10,10:20,ADV-446,4.46,"4+ year case due within 30 days, application review likely to proceed (85%), 4.5 years old",MOVED_FORWARD
ST/1980/2022,KL-001980-2022,APPLICATION_REVIEW,2026-11-13,10:19,10:29,10:19,10:29,ADV-767,4.46,Application review → reference gap 5 days. Fri 13 Nov has room (325 of 386 min),MOVED_FORWARD
ST/2129/2022,KL-002129-2022,EVIDENCE_COMPLAINANT,2026-11-13,10:29,10:41,10:29,10:59,ADV-853,4.70,"4+ year case due within 30 days, 4.7 years old, waiting 50 days",MOVED_FORWARD
ST/2232/2022,KL-002232-2022,EVIDENCE_COMPLAINANT,2026-11-13,10:41,10:53,10:41,11:11,ADV-623,4.70,"4+ year case due within 30 days, 4.7 years old, waiting 50 days",ADJOURNED
ST/1354/2017,KL-001354-2017,EVIDENCE_ACCUSED,2026-11-13,10:53,11:02,10:53,11:23,ADV-521,9.49,Defence evidence → reference gap 14 days. Fri 13 Nov has room (152 of 386 min),ADJOURNED
ST/1045/2020,KL-001045-2020,EVIDENCE_ACCUSED,2026-11-13,11:02,11:09,11:02,11:32,ADV-521,6.31,Defence evidence → reference gap 14 days. Fri 13 Nov has room (159 of 386 min); ADV-521 already listed,ADJOURNED
ST/2776/2017,KL-002776-2017,EVIDENCE_ACCUSED,2026-11-13,11:09,11:17,11:09,11:39,ADV-1187,9.25,Defence evidence → reference gap 14 days. Fri 13 Nov has room (144 of 386 min),MOVED_FORWARD
ST/1708/2017,KL-001708-2017,EVIDENCE_ACCUSED,2026-11-13,11:17,11:26,11:17,11:47,ADV-691,9.49,Defence evidence → reference gap 14 days. Fri 13 Nov has room (222 of 386 min),ADJOURNED
ST/1705/2017,KL-001705-2017,EVIDENCE_ACCUSED,2026-11-13,11:26,11:34,11:26,11:56,ADV-927,9.49,Defence evidence → reference gap 14 days. Fri 13 Nov has room (167 of 386 min),ADJOURNED
ST/2531/2017,KL-002531-2017,EVIDENCE_ACCUSED,2026-11-13,11:34,11:42,11:34,12:04,ADV-746,9.49,Defence evidence → reference gap 14 days. Fri 13 Nov has room (274 of 386 min),ADJOURNED
ST/2957/2020,KL-002957-2020,EVIDENCE_COMPLAINANT,2026-11-13,11:42,11:54,11:42,12:12,ADV-275,6.69,Complainant evidence → reference gap 14 days. Fri 13 Nov has room (130 of 386 min),MOVED_FORWARD
ST/86/2020,KL-000086-2020,EVIDENCE_ACCUSED,2026-11-13,11:54,12:02,11:54,12:24,ADV-455,6.31,Defence evidence → reference gap 14 days. Fri 13 Nov has room (174 of 386 min),ADJOURNED
ST/1064/2020,KL-001064-2020,EVIDENCE_ACCUSED,2026-11-13,12:02,12:10,12:02,12:32,ADV-650,6.31,Defence evidence → reference gap 14 days. Fri 13 Nov has room (182 of 386 min),ADJOURNED
ST/1194/2020,KL-001194-2020,EVIDENCE_ACCUSED,2026-11-13,12:10,12:18,12:10,12:40,ADV-050,6.31,Defence evidence → reference gap 14 days. Fri 13 Nov has room (137 of 386 min),ADJOURNED
ST/1348/2020,KL-001348-2020,EVIDENCE_ACCUSED,2026-11-13,12:18,12:27,12:18,12:48,ADV-192,6.31,Defence evidence → reference gap 14 days. Fri 13 Nov has room (230 of 386 min),ADJOURNED
ST/1317/2020,KL-001317-2020,EVIDENCE_ACCUSED,2026-11-13,12:27,12:35,12:27,12:57,ADV-1234,6.31,Defence evidence → reference gap 14 days. Fri 13 Nov has room (189 of 386 min),ADJOURNED
ST/1539/2020,KL-001539-2020,EVIDENCE_ACCUSED,2026-11-13,12:35,12:43,12:35,13:05,ADV-1051,6.31,Defence evidence → reference gap 14 days. Fri 13 Nov has room (237 of 386 min),ADJOURNED
ST/2774/2020,KL-002774-2020,EVIDENCE_ACCUSED,2026-11-13,12:43,12:50,12:43,13:13,ADV-031,6.31,Defence evidence → reference gap 14 days. Fri 13 Nov has room (281 of 386 min),ADJOURNED
ST/261/2022,KL-000261-2022,EVIDENCE_COMPLAINANT,2026-11-13,12:50,13:06,12:50,13:20,ADV-549,4.46,Complainant evidence → reference gap 14 days. Fri 13 Nov has room (204 of 386 min),ADJOURNED
ST/559/2022,KL-000559-2022,EVIDENCE_COMPLAINANT,2026-11-13,13:06,13:22,13:06,13:36,ADV-212,4.46,Complainant evidence → reference gap 14 days. Fri 13 Nov has room (259 of 386 min),MOVED_FORWARD
ST/211/2021,KL-000211-2021,EVIDENCE_ACCUSED,2026-11-13,13:22,13:30,13:22,13:52,ADV-1211,5.78,Defence evidence → reference gap 14 days. Fri 13 Nov has room (244 of 386 min),ADJOURNED
ST/1548/2021,KL-001548-2021,EVIDENCE_COMPLAINANT,2026-11-13,13:30,14:00,13:30,14:00,ADV-1062,4.87,Complainant evidence → reference gap 14 days. Fri 13 Nov has room (214 of 386 min),MOVED_FORWARD
ST/1844/2021,KL-001844-2021,EVIDENCE_ACCUSED,2026-11-13,14:00,14:08,14:00,14:30,ADV-250,4.87,Defence evidence → reference gap 14 days. Fri 13 Nov has room (266 of 386 min),ADJOURNED
ST/1040/2021,KL-001040-2021,JUDGEMENT,2026-11-13,14:08,14:40,14:08,14:38,ADV-471,5.02,"4+ year case due within 30 days, judgement likely to proceed (99%), 5.0 years old",DISPOSED
ST/2578/2021,KL-002578-2021,JUDGEMENT,2026-11-13,14:40,15:13,14:40,15:10,ADV-1179,4.92,Not reached on Tue 03 Nov; earliest day with room. Fri 13 Nov has room (316 of 386 min),DISPOSED
ST/1555/2021,KL-001555-2021,JUDGEMENT,2026-11-13,15:13,15:45,15:13,15:43,ADV-894,4.92,Judgement → reference gap 21 days. Fri 13 Nov has room (59 of 386 min),DISPOSED
ST/1982/2022,KL-001982-2022,JUDGEMENT,2026-11-13,15:45,16:17,15:45,16:15,ADV-1209,4.13,Judgement → reference gap 21 days. Fri 13 Nov has room (30 of 386 min),DISPOSED
ST/2179/2022,KL-002179-2022,JUDGEMENT,2026-11-13,16:17,16:50,16:17,16:47,ADV-110,4.13,Judgement → reference gap 21 days. Fri 13 Nov has room (89 of 386 min),DISPOSED
ST/2359/2022,KL-002359-2022,JUDGEMENT,2026-11-13,16:50,17:22,16:50,17:20,ADV-084,4.13,Judgement → reference gap 21 days. Fri 13 Nov has room (119 of 386 min),ADJOURNED
ST/1261/2021,KL-001261-2021,ARGUMENTS,2026-11-13,17:22,17:28,17:22,17:52,ADV-285,5.78,Arguments → reference gap 14 days. Fri 13 Nov has room (286 of 386 min),NOT_REACHED
ST/2702/2022,KL-002702-2022,APPLICATION_REVIEW,2026-11-16,10:00,10:10,10:00,10:10,ADV-480,4.47,"4+ year case due within 30 days, application review likely to proceed (85%), 4.5 years old",MOVED_FORWARD
ST/2725/2022,KL-002725-2022,APPLICATION_REVIEW,2026-11-16,10:10,10:19,10:10,10:20,ADV-271,4.47,"4+ year case due within 30 days, application review likely to proceed (85%), 4.5 years old",MOVED_FORWARD
ST/2312/2022,KL-002312-2022,EVIDENCE_COMPLAINANT,2026-11-16,10:19,10:31,10:19,10:49,ADV-1168,4.71,"4+ year case due within 30 days, 4.7 years old, waiting 53 days",ADJOURNED
ST/2331/2022,KL-002331-2022,EVIDENCE_COMPLAINANT,2026-11-16,10:31,10:43,10:31,11:01,ADV-710,4.71,"4+ year case due within 30 days, 4.7 years old, waiting 53 days",ADJOURNED
ST/2373/2022,KL-002373-2022,EVIDENCE_COMPLAINANT,2026-11-16,10:43,10:55,10:43,11:13,ADV-454,4.71,"4+ year case due within 30 days, 4.7 years old, waiting 53 days",ADJOURNED
ST/1564/2017,KL-001564-2017,EVIDENCE_ACCUSED,2026-11-16,10:55,11:04,10:55,11:25,ADV-238,9.49,Defence evidence → reference gap 14 days. Mon 16 Nov has room (105 of 386 min),ADJOURNED
ST/1155/2017,KL-001155-2017,EVIDENCE_ACCUSED,2026-11-16,11:04,11:12,11:04,11:34,ADV-286,9.26,Defence evidence → reference gap 14 days. Mon 16 Nov has room (97 of 386 min),ADJOURNED
ST/2036/2021,KL-002036-2021,EVIDENCE_COMPLAINANT,2026-11-16,11:12,11:24,11:12,11:42,ADV-286,4.88,Complainant evidence → reference gap 14 days. Mon 16 Nov has room (195 of 386 min); ADV-286 already listed,ADJOURNED
ST/2633/2017,KL-002633-2017,EVIDENCE_ACCUSED,2026-11-16,11:24,11:32,11:24,11:54,ADV-657,9.49,Defence evidence → reference gap 14 days. Mon 16 Nov has room (112 of 386 min),MOVED_FORWARD
ST/2305/2017,KL-002305-2017,EVIDENCE_ACCUSED,2026-11-16,11:32,11:40,11:32,12:02,ADV-295,9.49,Defence evidence → reference gap 14 days. Mon 16 Nov has room (155 of 386 min),ADJOURNED
ST/2820/2020,KL-002820-2020,EVIDENCE_ACCUSED,2026-11-16,11:40,11:48,11:40,12:10,ADV-716,6.32,Defence evidence → reference gap 14 days. Mon 16 Nov has room (119 of 386 min),ADJOURNED
ST/1595/2020,KL-001595-2020,EVIDENCE_ACCUSED,2026-11-16,11:48,11:56,11:48,12:18,ADV-778,6.32,Defence evidence → reference gap 14 days. Mon 16 Nov has room (162 of 386 min),ADJOURNED
ST/639/2022,KL-000639-2022,EVIDENCE_COMPLAINANT,2026-11-16,11:56,12:12,11:56,12:26,ADV-105,4.47,Complainant evidence → reference gap 14 days. Mon 16 Nov has room (147 of 386 min),ADJOURNED
ST/716/2022,KL-000716-2022,EVIDENCE_COMPLAINANT,2026-11-16,12:12,12:29,12:12,12:42,ADV-362,4.47,Complainant evidence → reference gap 14 days. Mon 16 Nov has room (184 of 386 min),ADJOURNED
ST/380/2021,KL-000380-2021,EVIDENCE_ACCUSED,2026-11-16,12:29,12:36,12:29,12:59,ADV-498,5.79,Defence evidence → reference gap 14 days. Mon 16 Nov has room (127 of 386 min),MOVED_FORWARD
ST/209/2021,KL-000209-2021,EVIDENCE_ACCUSED,2026-11-16,12:36,12:44,12:36,13:06,ADV-530,5.79,Defence evidence → reference gap 14 days. Mon 16 Nov has room (169 of 386 min),ADJOURNED
ST/618/2021,KL-000618-2021,EVIDENCE_ACCUSED,2026-11-16,12:44,12:52,12:44,13:14,ADV-516,5.79,Defence evidence → reference gap 14 days. Mon 16 Nov has room (208 of 386 min),ADJOURNED
ST/1231/2021,KL-001231-2021,JUDGEMENT,2026-11-16,12:52,13:25,12:52,13:22,ADV-093,5.02,"4+ year case due within 30 days, judgement likely to proceed (99%), 5.0 years old",DISPOSED
ST/1264/2021,KL-001264-2021,JUDGEMENT,2026-11-16,13:25,13:30,13:25,13:55,ADV-954,5.02,"4+ year case due within 30 days, judgement likely to proceed (99%), 5.0 years old",DISPOSED
ST/1587/2021,KL-001587-2021,JUDGEMENT,2026-11-16,14:00,14:32,14:00,14:30,ADV-271,5.02,"4+ year case due within 30 days, judgement likely to proceed (99%), 5.0 years old",DISPOSED
ST/1603/2021,KL-001603-2021,JUDGEMENT,2026-11-16,14:32,15:05,14:32,15:02,ADV-395,5.02,"4+ year case due within 30 days, judgement likely to proceed (99%), 5.0 years old",DISPOSED
ST/599/2022,KL-000599-2022,JUDGEMENT,2026-11-16,15:05,15:37,15:05,15:35,ADV-359,4.13,Judgement → reference gap 21 days. Mon 16 Nov has room (30 of 386 min),DISPOSED
ST/2721/2022,KL-002721-2022,JUDGEMENT,2026-11-16,15:37,16:09,15:37,16:07,ADV-1235,4.13,Judgement → reference gap 21 days. Mon 16 Nov has room (59 of 386 min),DISPOSED
ST/2898/2022,KL-002898-2022,JUDGEMENT,2026-11-16,16:09,16:42,16:09,16:39,ADV-1207,4.13,Judgement → reference gap 21 days. Mon 16 Nov has room (89 of 386 min),DISPOSED
ST/1951/2017,KL-001951-2017,ARGUMENTS,2026-11-16,16:42,16:48,16:42,17:12,ADV-417,9.49,Arguments → reference gap 14 days. Mon 16 Nov has room (132 of 386 min),ADJOURNED
ST/87/2020,KL-000087-2020,ARGUMENTS,2026-11-16,16:48,16:54,16:48,17:18,ADV-229,6.69,Arguments → reference gap 14 days. Mon 16 Nov has room (201 of 386 min),ADJOURNED
ST/2333/2021,KL-002333-2021,ARGUMENTS,2026-11-16,16:54,17:00,16:54,17:24,ADV-493,5.79,Arguments → reference gap 14 days. Mon 16 Nov has room (214 of 386 min),ADJOURNED
ST/2801/2022,KL-002801-2022,APPLICATION_REVIEW,2026-11-17,10:00,10:10,10:00,10:10,ADV-157,4.47,"4+ year case due within 30 days, application review likely to proceed (85%), 4.5 years old",MOVED_FORWARD
ST/486/2017,KL-000486-2017,REPORTS,2026-11-17,10:10,10:14,10:10,10:20,ADV-035,9.00,"4+ year case due within 30 days, 9.0 years old, waiting 54 days",ADJOURNED
ST/510/2017,KL-000510-2017,REPORTS,2026-11-17,10:14,10:18,10:14,10:24,ADV-441,9.00,"4+ year case due within 30 days, 9.0 years old, waiting 54 days",ADJOURNED
ST/2206/2022,KL-002206-2022,APPLICATION_REVIEW,2026-11-17,10:18,10:27,10:18,10:28,ADV-576,4.47,Application review → reference gap 5 days. Tue 17 Nov has room (257 of 386 min),ADJOURNED
ST/2440/2022,KL-002440-2022,EVIDENCE_COMPLAINANT,2026-11-17,10:27,10:39,10:27,10:57,ADV-702,4.71,"4+ year case due within 30 days, 4.7 years old, waiting 54 days",ADJOURNED
ST/2525/2022,KL-002525-2022,EVIDENCE_COMPLAINANT,2026-11-17,10:39,10:51,10:39,11:09,ADV-773,4.71,"4+ year case due within 30 days, 4.7 years old, waiting 54 days",ADJOURNED
ST/2705/2022,KL-002705-2022,EVIDENCE_COMPLAINANT,2026-11-17,10:51,11:03,10:51,11:21,ADV-393,4.71,"4+ year case due within 30 days, 4.7 years old, waiting 54 days",ADJOURNED
ST/2114/2017,KL-002114-2017,EVIDENCE_ACCUSED,2026-11-17,11:03,11:10,11:03,11:33,ADV-032,9.50,Defence evidence → reference gap 14 days. Tue 17 Nov has room (113 of 386 min),ADJOURNED
ST/218/2020,KL-000218-2020,EVIDENCE_COMPLAINANT,2026-11-17,11:10,11:20,11:10,11:40,ADV-542,6.70,Complainant evidence → reference gap 14 days. Tue 17 Nov has room (164 of 386 min),MOVED_FORWARD
ST/2141/2020,KL-002141-2020,EVIDENCE_ACCUSED,2026-11-17,11:20,11:29,11:20,11:50,ADV-476,6.32,Defence evidence → reference gap 14 days. Tue 17 Nov has room (121 of 386 min),ADJOURNED
ST/692/2022,KL-000692-2022,EVIDENCE_COMPLAINANT,2026-11-17,11:29,11:45,11:29,11:59,ADV-790,4.47,Complainant evidence → reference gap 14 days. Tue 17 Nov has room (144 of 386 min),MOVED_FORWARD
ST/1254/2022,KL-001254-2022,EVIDENCE_COMPLAINANT,2026-11-17,11:45,12:01,11:45,12:15,ADV-428,4.47,Complainant evidence → reference gap 14 days. Tue 17 Nov has room (187 of 386 min),ADJOURNED
ST/1011/2021,KL-001011-2021,EVIDENCE_ACCUSED,2026-11-17,12:01,12:10,12:01,12:31,ADV-445,5.79,Defence evidence → reference gap 14 days. Tue 17 Nov has room (129 of 386 min),ADJOURNED
ST/1599/2021,KL-001599-2021,EVIDENCE_COMPLAINANT,2026-11-17,12:10,12:22,12:10,12:40,ADV-1204,4.88,Complainant evidence → reference gap 14 days. Tue 17 Nov has room (106 of 386 min),ADJOURNED
ST/1701/2021,KL-001701-2021,EVIDENCE_ACCUSED,2026-11-17,12:22,12:30,12:22,12:52,ADV-1120,5.79,Defence evidence → reference gap 14 days. Tue 17 Nov has room (172 of 386 min),ADJOURNED
ST/1863/2021,KL-001863-2021,EVIDENCE_COMPLAINANT,2026-11-17,12:30,12:43,12:30,13:00,ADV-1124,4.88,Complainant evidence → reference gap 14 days. Tue 17 Nov has room (155 of 386 min),MOVED_FORWARD
ST/2621/2021,KL-002621-2021,EVIDENCE_COMPLAINANT,2026-11-17,12:43,12:55,12:43,13:13,ADV-028,4.88,Complainant evidence → reference gap 14 days. Tue 17 Nov has room (198 of 386 min),ADJOURNED
ST/2418/2021,KL-002418-2021,EVIDENCE_ACCUSED,2026-11-17,12:55,13:02,12:55,13:25,ADV-215,5.79,Defence evidence → reference gap 14 days. Tue 17 Nov has room (218 of 386 min),ADJOURNED
ST/36/2022,KL-000036-2022,EVIDENCE_ACCUSED,2026-11-17,13:02,13:10,13:02,13:32,ADV-1205,4.71,Defence evidence → reference gap 14 days. Tue 17 Nov has room (205 of 386 min),ADJOURNED
ST/1923/2021,KL-001923-2021,JUDGEMENT,2026-11-17,13:10,13:30,13:10,13:40,ADV-700,5.03,"4+ year case due within 30 days, judgement likely to proceed (99%), 5.0 years old",DISPOSED
ST/1971/2021,KL-001971-2021,JUDGEMENT,2026-11-17,14:00,14:32,14:00,14:30,ADV-1078,5.03,"4+ year case due within 30 days, judgement likely to proceed (99%), 5.0 years old",DISPOSED
ST/1987/2021,KL-001987-2021,JUDGEMENT,2026-11-17,14:32,15:05,14:32,15:02,ADV-1218,5.03,"4+ year case due within 30 days, judgement likely to proceed (99%), 5.0 years old",DISPOSED
ST/2337/2021,KL-002337-2021,JUDGEMENT,2026-11-17,15:05,15:37,15:05,15:35,ADV-932,4.93,Not reached on Tue 03 Nov; earliest day with room. Tue 17 Nov has room (248 of 386 min); ADV-932 already listed,DISPOSED
ST/1290/2022,KL-001290-2022,JUDGEMENT,2026-11-17,15:37,16:09,15:37,16:07,ADV-389,4.14,Not reached on Tue 10 Nov; earliest day with room. Tue 17 Nov has room (293 of 386 min),DISPOSED
ST/2052/2017,KL-002052-2017,ARGUMENTS,2026-11-17,16:09,16:16,16:09,16:39,ADV-191,9.26,Not reached on Tue 10 Nov; earliest day with room. Tue 17 Nov has room (263 of 386 min),ADJOURNED
ST/2829/2022,KL-002829-2022,JUDGEMENT,2026-11-17,16:16,16:48,16:16,16:46,ADV-149,4.14,Judgement → reference gap 21 days. Tue 17 Nov has room (30 of 386 min),DISPOSED
ST/2907/2022,KL-002907-2022,JUDGEMENT,2026-11-17,16:48,17:20,16:48,17:18,ADV-591,4.14,Judgement → reference gap 21 days. Tue 17 Nov has room (59 of 386 min),DISPOSED
ST/2917/2022,KL-002917-2022,JUDGEMENT,2026-11-17,17:20,17:53,17:20,17:50,ADV-410,4.14,Judgement → reference gap 21 days. Tue 17 Nov has room (89 of 386 min),DISPOSED
ST/2894/2017,KL-002894-2017,ARGUMENTS,2026-11-17,17:53,17:59,17:53,18:23,ADV-409,9.50,Arguments → reference gap 14 days. Tue 17 Nov has room (95 of 386 min),ADJOURNED
ST/2895/2021,KL-002895-2021,ARGUMENTS,2026-11-17,17:59,18:05,17:59,18:29,ADV-679,5.79,Arguments → reference gap 14 days. Tue 17 Nov has room (211 of 386 min),ADJOURNED
ST/2809/2022,KL-002809-2022,APPLICATION_REVIEW,2026-11-18,10:00,10:10,10:00,10:10,ADV-608,4.47,"4+ year case due within 30 days, application review likely to proceed (85%), 4.5 years old",MOVED_FORWARD
ST/2711/2022,KL-002711-2022,EVIDENCE_COMPLAINANT,2026-11-18,10:10,10:22,10:10,10:40,ADV-345,4.71,"4+ year case due within 30 days, 4.7 years old, waiting 55 days",ADJOURNED
ST/2795/2022,KL-002795-2022,EVIDENCE_COMPLAINANT,2026-11-18,10:22,10:34,10:22,10:52,ADV-509,4.71,"4+ year case due within 30 days, 4.7 years old, waiting 55 days",ADJOURNED
ST/2804/2022,KL-002804-2022,EVIDENCE_COMPLAINANT,2026-11-18,10:34,10:45,10:34,11:04,ADV-1174,4.71,"4+ year case due within 30 days, 4.7 years old, waiting 55 days",ADJOURNED
ST/2693/2017,KL-002693-2017,EVIDENCE_ACCUSED,2026-11-18,10:45,10:54,10:45,11:15,ADV-1117,9.50,Defence evidence → reference gap 14 days. Wed 18 Nov has room (75 of 386 min),ADJOURNED
ST/172/2020,KL-000172-2020,EVIDENCE_COMPLAINANT,2026-11-18,10:54,11:06,10:54,11:24,ADV-1183,6.70,Complainant evidence → reference gap 14 days. Wed 18 Nov has room (210 of 386 min),ADJOURNED
ST/10/2020,KL-000010-2020,EVIDENCE_ACCUSED,2026-11-18,11:06,11:14,11:06,11:36,ADV-1024,6.70,Defence evidence → reference gap 14 days. Wed 18 Nov has room (82 of 386 min),ADJOURNED
ST/359/2020,KL-000359-2020,EVIDENCE_ACCUSED,2026-11-18,11:14,11:21,11:14,11:44,ADV-237,6.70,Defence evidence → reference gap 14 days. Wed 18 Nov has room (127 of 386 min),ADJOURNED
ST/133/2020,KL-000133-2020,EVIDENCE_ACCUSED,2026-11-18,11:21,11:29,11:21,11:51,ADV-958,6.70,Defence evidence → reference gap 14 days. Wed 18 Nov has room (174 of 386 min),ADJOURNED
ST/700/2020,KL-000700-2020,EVIDENCE_ACCUSED,2026-11-18,11:29,11:37,11:29,11:59,ADV-958,6.70,Defence evidence → reference gap 14 days. Wed 18 Nov has room (224 of 386 min); ADV-958 already listed,ADJOURNED
ST/581/2020,KL-000581-2020,EVIDENCE_ACCUSED,2026-11-18,11:37,11:45,11:37,12:07,ADV-1111,6.70,Defence evidence → reference gap 14 days. Wed 18 Nov has room (217 of 386 min),ADJOURNED
ST/745/2022,KL-000745-2022,EVIDENCE_COMPLAINANT,2026-11-18,11:45,12:01,11:45,12:15,ADV-305,4.47,Complainant evidence → reference gap 14 days. Wed 18 Nov has room (110 of 386 min),ADJOURNED
ST/1133/2022,KL-001133-2022,EVIDENCE_COMPLAINANT,2026-11-18,12:01,12:17,12:01,12:31,ADV-921,4.47,Complainant evidence → reference gap 14 days. Wed 18 Nov has room (148 of 386 min),MOVED_FORWARD
ST/1578/2022,KL-001578-2022,EVIDENCE_COMPLAINANT,2026-11-18,12:17,12:33,12:17,12:47,ADV-252,4.47,Complainant evidence → reference gap 14 days. Wed 18 Nov has room (189 of 386 min),ADJOURNED
ST/1429/2021,KL-001429-2021,EVIDENCE_ACCUSED,2026-11-18,12:33,12:41,12:33,13:03,ADV-972,5.79,Defence evidence → reference gap 14 days. Wed 18 Nov has room (95 of 386 min),MOVED_FORWARD
ST/2919/2021,KL-002919-2021,EVIDENCE_COMPLAINANT,2026-11-18,12:41,12:53,12:41,13:11,ADV-859,4.88,Complainant evidence → reference gap 14 days. Wed 18 Nov has room (167 of 386 min),ADJOURNED
ST/2149/2021,KL-002149-2021,EVIDENCE_COMPLAINANT,2026-11-18,12:53,13:05,12:53,13:23,ADV-467,4.88,Complainant evidence → reference gap 14 days. Wed 18 Nov has room (120 of 386 min),MOVED_FORWARD
ST/1657/2021,KL-001657-2021,EVIDENCE_ACCUSED,2026-11-18,13:05,13:13,13:05,13:35,ADV-168,4.88,Defence evidence → reference gap 14 days. Wed 18 Nov has room (67 of 386 min),MOVED_FORWARD
ST/279/2022,KL-000279-2022,EVIDENCE_COMPLAINANT,2026-11-18,13:13,13:24,13:13,13:43,ADV-1252,4.71,Complainant evidence → reference gap 14 days. Wed 18 Nov has room (199 of 386 min),ADJOURNED
ST/2457/2021,KL-002457-2021,EVIDENCE_ACCUSED,2026-11-18,13:24,13:30,13:24,13:54,ADV-202,4.88,Defence evidence → reference gap 14 days. Wed 18 Nov has room (155 of 386 min),ADJOURNED
ST/2081/2021,KL-002081-2021,JUDGEMENT,2026-11-18,14:00,14:32,14:00,14:30,ADV-399,5.03,"4+ year case due within 30 days, judgement likely to proceed (99%), 5.0 years old",DISPOSED
ST/2288/2021,KL-002288-2021,JUDGEMENT,2026-11-18,14:32,15:05,14:32,15:02,ADV-1088,5.03,"4+ year case due within 30 days, judgement likely to proceed (99%), 5.0 years old",DISPOSED
ST/2326/2021,KL-002326-2021,JUDGEMENT,2026-11-18,15:05,15:37,15:05,15:35,ADV-497,5.03,"4+ year case due within 30 days, judgement likely to proceed (99%), 5.0 years old",DISPOSED
ST/1540/2022,KL-001540-2022,JUDGEMENT,2026-11-18,15:37,16:09,15:37,16:07,ADV-1096,4.14,Not reached on Wed 11 Nov; earliest day with room. Wed 18 Nov has room (284 of 386 min),DISPOSED
ST/1601/2017,KL-001601-2017,ARGUMENTS,2026-11-18,16:09,16:16,16:09,16:39,ADV-1246,9.26,Not reached on Tue 10 Nov; earliest day with room. Wed 18 Nov has room (230 of 386 min),ADJOURNED
ST/442/2017,KL-000442-2017,ARGUMENTS,2026-11-18,16:16,16:22,16:16,16:46,ADV-031,9.26,Not reached on Wed 11 Nov; earliest day with room. Wed 18 Nov has room (289 of 386 min),ADJOURNED
ST/2127/2017,KL-002127-2017,ARGUMENTS,2026-11-18,16:22,16:29,16:22,16:52,ADV-313,9.26,Not reached on Tue 10 Nov; earliest day with room. Wed 18 Nov has room (236 of 386 min),ADJOURNED
ST/2708/2017,KL-002708-2017,ARGUMENTS,2026-11-18,16:29,16:35,16:29,16:59,ADV-405,9.26,Not reached on Tue 10 Nov; earliest day with room. Wed 18 Nov has room (242 of 386 min),ADJOURNED
ST/943/2017,KL-000943-2017,ARGUMENTS,2026-11-18,16:35,16:41,16:35,17:05,ADV-1170,9.50,Not reached on Wed 11 Nov; earliest day with room. Wed 18 Nov has room (295 of 386 min),ADJOURNED
ST/2164/2017,KL-002164-2017,ARGUMENTS,2026-11-18,16:41,16:47,16:41,17:11,ADV-1054,9.50,Not reached on Wed 11 Nov; earliest day with room. Wed 18 Nov has room (301 of 386 min),ADJOURNED
ST/2266/2020,KL-002266-2020,ARGUMENTS,2026-11-18,16:47,16:53,16:47,17:17,ADV-1119,6.70,Not reached on Tue 10 Nov; earliest day with room. Wed 18 Nov has room (248 of 386 min),ADJOURNED
ST/1041/2020,KL-001041-2020,ARGUMENTS,2026-11-18,16:53,17:00,16:53,17:23,ADV-415,6.33,Not reached on Tue 10 Nov; earliest day with room. Wed 18 Nov has room (254 of 386 min),ADJOURNED
ST/110/2020,KL-000110-2020,ARGUMENTS,2026-11-18,17:00,17:06,17:00,17:30,ADV-298,6.33,Not reached on Wed 11 Nov; earliest day with room. Wed 18 Nov has room (306 of 386 min),MOVED_FORWARD
ST/2155/2020,KL-002155-2020,ARGUMENTS,2026-11-18,17:06,17:12,17:06,17:36,ADV-1010,6.33,Not reached on Wed 11 Nov; earliest day with room. Wed 18 Nov has room (312 of 386 min),ADJOURNED
ST/2012/2021,KL-002012-2021,JUDGEMENT,2026-11-18,17:12,17:44,17:12,17:42,ADV-068,5.00,Judgement → reference gap 21 days. Wed 18 Nov has room (59 of 386 min),DISPOSED
ST/1171/2022,KL-001171-2022,JUDGEMENT,2026-11-18,17:44,18:17,17:44,18:14,ADV-470,4.14,Judgement → reference gap 21 days. Wed 18 Nov has room (30 of 386 min),DISPOSED
ST/2796/2017,KL-002796-2017,ARGUMENTS,2026-11-18,18:17,18:23,18:17,18:47,ADV-258,9.50,Arguments → reference gap 14 days. Wed 18 Nov has room (133 of 386 min),ADJOURNED
ST/292/2021,KL-000292-2021,ARGUMENTS,2026-11-18,18:23,18:29,18:23,18:53,ADV-585,5.79,Arguments → reference gap 14 days. Wed 18 Nov has room (88 of 386 min),NOT_REACHED
ST/2832/2022,KL-002832-2022,APPLICATION_REVIEW,2026-11-19,10:00,10:10,10:00,10:10,ADV-196,4.48,"4+ year case due within 30 days, application review likely to proceed (85%), 4.5 years old",MOVED_FORWARD
ST/2899/2022,KL-002899-2022,APPLICATION_REVIEW,2026-11-19,10:10,10:19,10:10,10:20,ADV-819,4.48,"4+ year case due within 30 days, application review likely to proceed (85%), 4.5 years old",ADJOURNED
ST/511/2017,KL-000511-2017,REPORTS,2026-11-19,10:19,10:23,10:19,10:29,ADV-1224,9.74,"4+ year case due within 30 days, 9.7 years old, waiting 56 days",ADJOURNED
ST/148/2017,KL-000148-2017,REPORTS,2026-11-19,10:23,10:27,10:23,10:33,ADV-1055,9.00,Reports → reference gap 45 days. Thu 19 Nov has room (4 of 386 min),ADJOURNED
ST/2888/2022,KL-002888-2022,EVIDENCE_COMPLAINANT,2026-11-19,10:27,10:39,10:27,10:57,ADV-213,4.71,"4+ year case due within 30 days, 4.7 years old, waiting 56 days",ADJOURNED
ST/2964/2022,KL-002964-2022,EVIDENCE_COMPLAINANT,2026-11-19,10:39,10:51,10:39,11:09,ADV-351,4.71,"4+ year case due within 30 days, 4.7 years old, waiting 56 days",ADJOURNED
ST/2982/2022,KL-002982-2022,EVIDENCE_COMPLAINANT,2026-11-19,10:51,11:03,10:51,11:21,ADV-997,4.71,"4+ year case due within 30 days, 4.7 years old, waiting 56 days",ADJOURNED
ST/226/2017,KL-000226-2017,EVIDENCE_ACCUSED,2026-11-19,11:03,11:11,11:03,11:33,ADV-973,9.27,Defence evidence → reference gap 14 days. Thu 19 Nov has room (223 of 386 min),ADJOURNED
ST/588/2020,KL-000588-2020,EVIDENCE_COMPLAINANT,2026-11-19,11:11,11:24,11:11,11:41,ADV-869,6.70,Complainant evidence → reference gap 14 days. Thu 19 Nov has room (171 of 386 min),ADJOURNED
ST/243/2020,KL-000243-2020,EVIDENCE_ACCUSED,2026-11-19,11:24,11:32,11:24,11:54,ADV-1131,6.70,Defence evidence → reference gap 14 days. Thu 19 Nov has room (134 of 386 min),ADJOURNED
ST/910/2020,KL-000910-2020,EVIDENCE_ACCUSED,2026-11-19,11:32,11:39,11:32,12:02,ADV-1142,6.70,Defence evidence → reference gap 14 days. Thu 19 Nov has room (178 of 386 min),ADJOURNED
ST/977/2020,KL-000977-2020,EVIDENCE_ACCUSED,2026-11-19,11:39,11:46,11:39,12:09,ADV-812,6.70,Defence evidence → reference gap 14 days. Thu 19 Nov has room (230 of 386 min),ADJOURNED
ST/1012/2022,KL-001012-2022,EVIDENCE_COMPLAINANT,2026-11-19,11:46,12:02,11:46,12:16,ADV-1116,4.48,Complainant evidence → reference gap 14 days. Thu 19 Nov has room (72 of 386 min),ADJOURNED
ST/71/2022,KL-000071-2022,EVIDENCE_COMPLAINANT,2026-11-19,12:02,12:18,12:02,12:32,ADV-533,4.48,Complainant evidence → reference gap 14 days. Thu 19 Nov has room (114 of 386 min),ADJOURNED
ST/2439/2021,KL-002439-2021,EVIDENCE_ACCUSED,2026-11-19,12:18,12:26,12:18,12:48,ADV-533,4.88,Defence evidence → reference gap 14 days. Thu 19 Nov has room (121 of 386 min); ADV-533 already listed,ADJOURNED
ST/1461/2022,KL-001461-2022,EVIDENCE_COMPLAINANT,2026-11-19,12:26,12:43,12:26,12:56,ADV-130,4.48,Complainant evidence → reference gap 14 days. Thu 19 Nov has room (149 of 386 min),ADJOURNED
ST/1684/2022,KL-001684-2022,EVIDENCE_COMPLAINANT,2026-11-19,12:43,12:59,12:43,13:13,ADV-088,4.48,Complainant evidence → reference gap 14 days. Thu 19 Nov has room (206 of 386 min),ADJOURNED
ST/1459/2021,KL-001459-2021,EVIDENCE_ACCUSED,2026-11-19,12:59,13:07,12:59,13:29,ADV-147,5.79,Defence evidence → reference gap 14 days. Thu 19 Nov has room (91 of 386 min),ADJOURNED
ST/2492/2021,KL-002492-2021,EVIDENCE_ACCUSED,2026-11-19,13:07,13:16,13:07,13:37,ADV-987,5.79,Defence evidence → reference gap 14 days. Thu 19 Nov has room (99 of 386 min); ADV-987 already listed,ADJOURNED
ST/2168/2021,KL-002168-2021,EVIDENCE_COMPLAINANT,2026-11-19,13:16,13:28,13:16,13:46,ADV-246,4.88,Complainant evidence → reference gap 14 days. Thu 19 Nov has room (84 of 386 min),ADJOURNED
ST/513/2021,KL-000513-2021,EVIDENCE_COMPLAINANT,2026-11-19,13:28,13:30,13:28,13:58,ADV-162,4.88,Complainant evidence → reference gap 14 days. Thu 19 Nov has room (241 of 386 min),MOVED_FORWARD
ST/45/2022,KL-000045-2022,EVIDENCE_COMPLAINANT,2026-11-19,14:00,14:11,14:00,14:30,ADV-239,4.71,Complainant evidence → reference gap 14 days. Thu 19 Nov has room (159 of 386 min),ADJOURNED
ST/518/2022,KL-000518-2022,EVIDENCE_COMPLAINANT,2026-11-19,14:11,14:22,14:11,14:41,ADV-1138,4.71,Complainant evidence → reference gap 14 days. Thu 19 Nov has room (216 of 386 min),ADJOURNED
ST/69/2021,KL-000069-2021,EVIDENCE_ACCUSED,2026-11-19,14:22,14:30,14:22,14:52,ADV-188,4.92,Defence evidence → reference gap 14 days. Thu 19 Nov has room (185 of 386 min),ADJOURNED
ST/2334/2021,KL-002334-2021,JUDGEMENT,2026-11-19,14:30,15:02,14:30,15:00,ADV-1128,5.03,"4+ year case due within 30 days, judgement likely to proceed (99%), 5.0 years old",DISPOSED
ST/2372/2021,KL-002372-2021,JUDGEMENT,2026-11-19,15:02,15:35,15:02,15:32,ADV-932,5.03,"4+ year case due within 30 days, judgement likely to proceed (99%), 5.0 years old",DISPOSED
ST/1753/2022,KL-001753-2022,JUDGEMENT,2026-11-19,15:35,16:07,15:35,16:05,ADV-1016,4.14,Not reached on Wed 11 Nov; earliest day with room. Thu 19 Nov has room (270 of 386 min),DISPOSED
ST/2785/2017,KL-002785-2017,JUDGEMENT,2026-11-19,16:07,16:33,16:07,16:37,ADV-718,9.50,Judgement → reference gap 21 days. Thu 19 Nov has room (58 of 386 min),DISPOSED
ST/871/2021,KL-000871-2021,JUDGEMENT,2026-11-19,16:33,17:06,16:33,17:03,ADV-058,4.94,Judgement → reference gap 21 days. Thu 19 Nov has room (33 of 386 min),DISPOSED
ST/906/2020,KL-000906-2020,ARGUMENTS,2026-11-19,17:06,17:12,17:06,17:36,ADV-962,6.33,Arguments → reference gap 14 days. Thu 19 Nov has room (191 of 386 min),ADJOURNED
ST/127/2021,KL-000127-2021,ARGUMENTS,2026-11-19,17:12,17:18,17:12,17:42,ADV-1049,4.92,Arguments → reference gap 14 days. Thu 19 Nov has room (127 of 386 min),ADJOURNED
ST/566/2017,KL-000566-2017,REPORTS,2026-11-20,10:00,10:04,10:00,10:10,ADV-329,9.00,"4+ year case due within 30 days, 9.0 years old, waiting 57 days",ADJOURNED
ST/593/2017,KL-000593-2017,REPORTS,2026-11-20,10:04,10:08,10:04,10:14,ADV-1241,9.00,"4+ year case due within 30 days, 9.0 years old, waiting 57 days",MOVED_FORWARD
ST/626/2017,KL-000626-2017,REPORTS,2026-11-20,10:08,10:12,10:08,10:18,ADV-937,9.00,"4+ year case due within 30 days, 9.0 years old, waiting 57 days",ADJOURNED
ST/161/2017,KL-000161-2017,REPORTS,2026-11-20,10:12,10:16,10:12,10:22,ADV-150,9.75,Reports → reference gap 45 days. Fri 20 Nov has room (4 of 386 min),ADJOURNED
ST/189/2017,KL-000189-2017,REPORTS,2026-11-20,10:16,10:19,10:16,10:26,ADV-075,9.00,Reports → reference gap 45 days. Fri 20 Nov has room (7 of 386 min),DISPOSED
ST/659/2021,KL-000659-2021,EVIDENCE_ACCUSED,2026-11-20,10:19,10:28,10:19,10:49,ADV-422,4.92,"4+ year case due within 30 days, 4.9 years old, waiting 57 days",ADJOURNED
ST/899/2021,KL-000899-2021,EVIDENCE_ACCUSED,2026-11-20,10:28,10:36,10:28,10:58,ADV-383,4.92,"4+ year case due within 30 days, 4.9 years old, waiting 57 days",ADJOURNED
ST/1022/2021,KL-001022-2021,EVIDENCE_ACCUSED,2026-11-20,10:36,10:44,10:36,11:06,ADV-060,4.92,"4+ year case due within 30 days, 4.9 years old, waiting 57 days",ADJOURNED
ST/1027/2021,KL-001027-2021,EVIDENCE_ACCUSED,2026-11-20,10:44,10:52,10:44,11:14,ADV-265,4.92,"4+ year case due within 30 days, 4.9 years old, waiting 57 days",ADJOURNED
ST/952/2017,KL-000952-2017,EVIDENCE_ACCUSED,2026-11-20,10:52,11:01,10:52,11:22,ADV-277,9.27,Defence evidence → reference gap 14 days. Fri 20 Nov has room (223 of 386 min),ADJOURNED
ST/802/2017,KL-000802-2017,EVIDENCE_ACCUSED,2026-11-20,11:01,11:09,11:01,11:31,ADV-733,9.27,Defence evidence → reference gap 14 days. Fri 20 Nov has room (231 of 386 min),ADJOURNED
ST/826/2020,KL-000826-2020,EVIDENCE_COMPLAINANT,2026-11-20,11:09,11:20,11:09,11:39,ADV-1139,6.70,Complainant evidence → reference gap 14 days. Fri 20 Nov has room (134 of 386 min),MOVED_FORWARD
ST/891/2020,KL-000891-2020,EVIDENCE_COMPLAINANT,2026-11-20,11:20,11:31,11:20,11:50,ADV-715,6.70,Complainant evidence → reference gap 14 days. Fri 20 Nov has room (241 of 386 min),ADJOURNED
ST/1633/2020,KL-001633-2020,EVIDENCE_COMPLAINANT,2026-11-20,11:31,11:41,11:31,12:01,ADV-347,6.70,Complainant evidence → reference gap 14 days. Fri 20 Nov has room (187 of 386 min),ADJOURNED
ST/674/2020,KL-000674-2020,EVIDENCE_ACCUSED,2026-11-20,11:41,11:49,11:41,12:11,ADV-001,6.70,Defence evidence → reference gap 14 days. Fri 20 Nov has room (195 of 386 min),ADJOURNED
ST/1414/2022,KL-001414-2022,EVIDENCE_COMPLAINANT,2026-11-20,11:49,12:06,11:49,12:19,ADV-905,4.48,Complainant evidence → reference gap 14 days. Fri 20 Nov has room (73 of 386 min),ADJOURNED
ST/1617/2022,KL-001617-2022,EVIDENCE_COMPLAINANT,2026-11-20,12:06,12:22,12:06,12:36,ADV-369,4.48,Complainant evidence → reference gap 14 days. Fri 20 Nov has room (113 of 386 min),ADJOURNED
ST/1736/2022,KL-001736-2022,EVIDENCE_COMPLAINANT,2026-11-20,12:22,12:38,12:22,12:52,ADV-528,4.48,Complainant evidence → reference gap 14 days. Fri 20 Nov has room (168 of 386 min),ADJOURNED
ST/1621/2021,KL-001621-2021,EVIDENCE_ACCUSED,2026-11-20,12:38,12:46,12:38,13:08,ADV-779,5.80,Defence evidence → reference gap 14 days. Fri 20 Nov has room (15 of 386 min),ADJOURNED
ST/1986/2022,KL-001986-2022,EVIDENCE_COMPLAINANT,2026-11-20,12:46,13:02,12:46,13:16,ADV-065,4.48,Complainant evidence → reference gap 14 days. Fri 20 Nov has room (215 of 386 min),ADJOURNED
ST/1123/2021,KL-001123-2021,EVIDENCE_ACCUSED,2026-11-20,13:02,13:11,13:02,13:32,ADV-1242,5.80,Defence evidence → reference gap 14 days. Fri 20 Nov has room (53 of 386 min),ADJOURNED
ST/1502/2021,KL-001502-2021,EVIDENCE_ACCUSED,2026-11-20,13:11,13:19,13:11,13:41,ADV-673,5.80,Defence evidence → reference gap 14 days. Fri 20 Nov has room (91 of 386 min); ADV-673 already listed,MOVED_FORWARD
ST/2826/2021,KL-002826-2021,EVIDENCE_COMPLAINANT,2026-11-20,13:19,13:30,13:19,13:49,ADV-673,4.89,Complainant evidence → reference gap 14 days. Fri 20 Nov has room (83 of 386 min),ADJOURNED
ST/2301/2021,KL-002301-2021,EVIDENCE_ACCUSED,2026-11-20,14:00,14:08,14:00,14:30,ADV-085,5.80,Defence evidence → reference gap 14 days. Fri 20 Nov has room (99 of 386 min),ADJOURNED
ST/387/2022,KL-000387-2022,EVIDENCE_COMPLAINANT,2026-11-20,14:08,14:19,14:08,14:38,ADV-976,4.72,Complainant evidence → reference gap 14 days. Fri 20 Nov has room (124 of 386 min),MOVED_FORWARD
ST/619/2022,KL-000619-2022,EVIDENCE_COMPLAINANT,2026-11-20,14:19,14:30,14:19,14:49,ADV-549,4.72,Complainant evidence → reference gap 14 days. Fri 20 Nov has room (178 of 386 min),ADJOURNED
ST/93/2021,KL-000093-2021,EVIDENCE_ACCUSED,2026-11-20,14:30,14:38,14:30,15:00,ADV-907,4.89,Defence evidence → reference gap 14 days. Fri 20 Nov has room (141 of 386 min),ADJOURNED
ST/477/2021,KL-000477-2021,EVIDENCE_ACCUSED,2026-11-20,14:38,14:46,14:38,15:08,ADV-691,4.89,Defence evidence → reference gap 14 days. Fri 20 Nov has room (249 of 386 min),ADJOURNED
ST/2406/2021,KL-002406-2021,JUDGEMENT,2026-11-20,14:46,15:18,14:46,15:16,ADV-489,5.03,"4+ year case due within 30 days, judgement likely to proceed (99%), 5.0 years old",DISPOSED
ST/2424/2021,KL-002424-2021,JUDGEMENT,2026-11-20,15:18,15:51,15:18,15:48,ADV-312,5.03,"4+ year case due within 30 days, judgement likely to proceed (99%), 5.0 years old",DISPOSED
ST/2610/2021,KL-002610-2021,JUDGEMENT,2026-11-20,15:51,16:23,15:51,16:21,ADV-150,5.03,"4+ year case due within 30 days, judgement likely to proceed (99%), 5.0 years old",DISPOSED
ST/1261/2021,KL-001261-2021,ARGUMENTS,2026-11-20,16:23,16:29,16:23,16:53,ADV-285,5.80,Not reached on Fri 13 Nov; earliest day with room. Fri 20 Nov has room (260 of 386 min),ADJOURNED
ST/1919/2021,KL-001919-2021,JUDGEMENT,2026-11-20,16:29,17:01,16:29,16:59,ADV-1064,4.94,Judgement → reference gap 21 days. Fri 20 Nov has room (45 of 386 min),DISPOSED
ST/2355/2017,KL-002355-2017,ARGUMENTS,2026-11-20,17:01,17:08,17:01,17:31,ADV-988,9.27,Arguments → reference gap 14 days. Fri 20 Nov has room (147 of 386 min),ADJOURNED
ST/2833/2017,KL-002833-2017,ARGUMENTS,2026-11-20,17:08,17:14,17:08,17:38,ADV-1037,9.27,Arguments → reference gap 14 days. Fri 20 Nov has room (153 of 386 min),ADJOURNED
ST/1823/2017,KL-001823-2017,ARGUMENTS,2026-11-20,17:14,17:21,17:14,17:44,ADV-1145,9.27,Arguments → reference gap 14 days. Fri 20 Nov has room (255 of 386 min),ADJOURNED
ST/1882/2021,KL-001882-2021,ARGUMENTS,2026-11-20,17:21,17:28,17:21,17:51,ADV-1258,5.80,Arguments → reference gap 14 days. Fri 20 Nov has room (58 of 386 min),ADJOURNED
ST/459/2021,KL-000459-2021,ARGUMENTS,2026-11-20,17:28,17:34,17:28,17:58,ADV-1060,4.89,Arguments → reference gap 14 days. Fri 20 Nov has room (200 of 386 min),ADJOURNED
ST/637/2017,KL-000637-2017,REPORTS,2026-11-23,10:00,10:04,10:00,10:10,ADV-682,9.01,"4+ year case due within 30 days, 9.0 years old, waiting 60 days",ADJOURNED
ST/691/2017,KL-000691-2017,REPORTS,2026-11-23,10:04,10:08,10:04,10:14,ADV-507,9.75,"4+ year case due within 30 days, 9.8 years old, waiting 60 days",ADJOURNED
ST/719/2017,KL-000719-2017,REPORTS,2026-11-23,10:08,10:12,10:08,10:18,ADV-860,9.01,"4+ year case due within 30 days, 9.0 years old, waiting 60 days",ADJOURNED
ST/810/2017,KL-000810-2017,REPORTS,2026-11-23,10:12,10:16,10:12,10:22,ADV-765,9.75,"4+ year case due within 30 days, 9.8 years old, waiting 60 days",ADJOURNED
ST/820/2017,KL-000820-2017,REPORTS,2026-11-23,10:16,10:19,10:16,10:26,ADV-1126,9.75,"4+ year case due within 30 days, 9.8 years old, waiting 60 days",ADJOURNED
ST/854/2017,KL-000854-2017,REPORTS,2026-11-23,10:19,10:23,10:19,10:29,ADV-444,9.01,"4+ year case due within 30 days, 9.0 years old, waiting 60 days",ADJOURNED
ST/1047/2017,KL-001047-2017,REPORTS,2026-11-23,10:23,10:27,10:23,10:33,ADV-570,9.01,"4+ year case due within 30 days, 9.0 years old, waiting 60 days",ADJOURNED
ST/1056/2017,KL-001056-2017,REPORTS,2026-11-23,10:27,10:31,10:27,10:37,ADV-477,9.75,"4+ year case due within 30 days, 9.8 years old, waiting 60 days",ADJOURNED
ST/326/2017,KL-000326-2017,REPORTS,2026-11-23,10:31,10:35,10:31,10:41,ADV-987,9.01,Reports → reference gap 45 days. Mon 23 Nov has room (4 of 386 min),ADJOURNED
ST/327/2017,KL-000327-2017,REPORTS,2026-11-23,10:35,10:39,10:35,10:45,ADV-203,9.01,Reports → reference gap 45 days. Mon 23 Nov has room (7 of 386 min),ADJOURNED
ST/347/2017,KL-000347-2017,REPORTS,2026-11-23,10:39,10:43,10:39,10:49,ADV-760,9.75,Reports → reference gap 45 days. Mon 23 Nov has room (11 of 386 min),ADJOURNED
ST/1055/2021,KL-001055-2021,EVIDENCE_ACCUSED,2026-11-23,10:43,10:51,10:43,11:13,ADV-008,4.93,"4+ year case due within 30 days, 4.9 years old, waiting 60 days",MOVED_FORWARD
ST/1215/2021,KL-001215-2021,EVIDENCE_ACCUSED,2026-11-23,10:51,10:59,10:51,11:21,ADV-864,4.93,"4+ year case due within 30 days, 4.9 years old, waiting 60 days",ADJOURNED
ST/1253/2021,KL-001253-2021,EVIDENCE_ACCUSED,2026-11-23,10:59,11:07,10:59,11:29,ADV-1236,4.93,"4+ year case due within 30 days, 4.9 years old, waiting 60 days",MOVED_FORWARD
ST/1571/2021,KL-001571-2021,EVIDENCE_ACCUSED,2026-11-23,11:07,11:15,11:07,11:37,ADV-872,4.93,"4+ year case due within 30 days, 4.9 years old, waiting 60 days",ADJOURNED
ST/1588/2021,KL-001588-2021,EVIDENCE_ACCUSED,2026-11-23,11:15,11:24,11:15,11:45,ADV-388,4.93,"4+ year case due within 30 days, 4.9 years old, waiting 60 days",ADJOURNED
ST/1834/2021,KL-001834-2021,EVIDENCE_ACCUSED,2026-11-23,11:24,11:32,11:24,11:54,ADV-299,4.93,"4+ year case due within 30 days, 4.9 years old, waiting 60 days",ADJOURNED
ST/1911/2021,KL-001911-2021,EVIDENCE_ACCUSED,2026-11-23,11:32,11:40,11:32,12:02,ADV-1193,4.93,"4+ year case due within 30 days, 4.9 years old, waiting 60 days",MOVED_FORWARD
ST/1953/2021,KL-001953-2021,EVIDENCE_ACCUSED,2026-11-23,11:40,11:48,11:40,12:10,ADV-987,4.93,"4+ year case due within 30 days, 4.9 years old, waiting 60 days",ADJOURNED
ST/2025/2021,KL-002025-2021,EVIDENCE_ACCUSED,2026-11-23,11:48,11:56,11:48,12:18,ADV-1099,4.93,"4+ year case due within 30 days, 4.9 years old, waiting 60 days",ADJOURNED
ST/190/2017,KL-000190-2017,EVIDENCE_ACCUSED,2026-11-23,11:56,12:05,11:56,12:26,ADV-1051,9.28,Defence evidence → reference gap 14 days. Mon 23 Nov has room (62 of 386 min),ADJOURNED
ST/1779/2017,KL-001779-2017,EVIDENCE_ACCUSED,2026-11-23,12:05,12:13,12:05,12:35,ADV-135,9.28,Defence evidence → reference gap 14 days. Mon 23 Nov has room (117 of 386 min),ADJOURNED
ST/2472/2020,KL-002472-2020,EVIDENCE_COMPLAINANT,2026-11-23,12:13,12:25,12:13,12:43,ADV-580,6.71,Complainant evidence → reference gap 14 days. Mon 23 Nov has room (128 of 386 min),ADJOURNED
ST/1842/2020,KL-001842-2020,EVIDENCE_COMPLAINANT,2026-11-23,12:25,12:36,12:25,12:55,ADV-157,6.71,Complainant evidence → reference gap 14 days. Mon 23 Nov has room (72 of 386 min),ADJOURNED
ST/376/2020,KL-000376-2020,EVIDENCE_ACCUSED,2026-11-23,12:36,12:43,12:36,13:06,ADV-637,6.71,Defence evidence → reference gap 14 days. Mon 23 Nov has room (79 of 386 min),ADJOURNED
ST/484/2022,KL-000484-2022,EVIDENCE_COMPLAINANT,2026-11-23,12:43,12:59,12:43,13:13,ADV-291,4.49,Complainant evidence → reference gap 14 days. Mon 23 Nov has room (54 of 386 min),ADJOURNED
ST/2005/2022,KL-002005-2022,EVIDENCE_COMPLAINANT,2026-11-23,12:59,13:16,12:59,13:29,ADV-974,4.49,Complainant evidence → reference gap 14 days. Mon 23 Nov has room (99 of 386 min),MOVED_FORWARD
ST/1884/2021,KL-001884-2021,EVIDENCE_COMPLAINANT,2026-11-23,13:16,13:27,13:16,13:46,ADV-203,4.90,Complainant evidence → reference gap 14 days. Mon 23 Nov has room (21 of 386 min); ADV-203 already listed,MOVED_FORWARD
ST/297/2021,KL-000297-2021,EVIDENCE_COMPLAINANT,2026-11-23,13:27,13:30,13:27,13:57,ADV-267,4.90,Complainant evidence → reference gap 14 days. Mon 23 Nov has room (32 of 386 min),MOVED_FORWARD
ST/1411/2022,KL-001411-2022,EVIDENCE_COMPLAINANT,2026-11-23,14:00,14:11,14:00,14:30,ADV-152,4.73,Complainant evidence → reference gap 14 days. Mon 23 Nov has room (110 of 386 min); ADV-152 already listed,ADJOURNED
ST/361/2021,KL-000361-2021,EVIDENCE_ACCUSED,2026-11-23,14:11,14:19,14:11,14:41,ADV-1241,4.90,Defence evidence → reference gap 14 days. Mon 23 Nov has room (39 of 386 min); ADV-1241 already listed,ADJOURNED
ST/2945/2021,KL-002945-2021,JUDGEMENT,2026-11-23,14:19,14:52,14:19,14:49,ADV-320,5.04,"4+ year case due within 30 days, judgement likely to proceed (99%), 5.0 years old",DISPOSED
ST/2984/2021,KL-002984-2021,JUDGEMENT,2026-11-23,14:52,15:24,14:52,15:22,ADV-1036,5.04,"4+ year case due within 30 days, judgement likely to proceed (99%), 5.0 years old",DISPOSED
ST/276/2022,KL-000276-2022,JUDGEMENT,2026-11-23,15:24,15:56,15:24,15:54,ADV-1164,4.25,"4+ year case due within 30 days, judgement likely to proceed (99%), waiting 60 days",DISPOSED
ST/282/2022,KL-000282-2022,JUDGEMENT,2026-11-23,15:56,16:29,15:56,16:26,ADV-951,4.25,"4+ year case due within 30 days, judgement likely to proceed (99%), waiting 60 days",DISPOSED
ST/444/2022,KL-000444-2022,JUDGEMENT,2026-11-23,16:29,17:01,16:29,16:59,ADV-278,4.25,"4+ year case due within 30 days, judgement likely to proceed (99%), waiting 60 days",ADJOURNED
ST/804/2017,KL-000804-2017,ARGUMENTS,2026-11-23,17:01,17:07,17:01,17:31,ADV-028,9.51,Arguments → reference gap 14 days. Mon 23 Nov has room (85 of 386 min),NOT_REACHED
ST/1788/2020,KL-001788-2020,ARGUMENTS,2026-11-23,17:07,17:13,17:07,17:37,ADV-014,6.71,Arguments → reference gap 14 days. Mon 23 Nov has room (140 of 386 min),NOT_REACHED
ST/509/2021,KL-000509-2021,ARGUMENTS,2026-11-23,17:13,17:19,17:13,17:43,ADV-074,5.80,Arguments → reference gap 14 days. Mon 23 Nov has room (134 of 386 min),NOT_REACHED
ST/1088/2017,KL-001088-2017,REPORTS,2026-11-24,10:00,10:04,10:00,10:10,ADV-1171,9.76,"4+ year case due within 30 days, 9.8 years old, waiting 61 days",ADJOURNED
ST/1112/2017,KL-001112-2017,REPORTS,2026-11-24,10:04,10:08,10:04,10:14,ADV-605,9.02,"4+ year case due within 30 days, 9.0 years old, waiting 61 days",ADJOURNED
ST/1117/2017,KL-001117-2017,REPORTS,2026-11-24,10:08,10:12,10:08,10:18,ADV-024,9.76,"4+ year case due within 30 days, 9.8 years old, waiting 61 days",ADJOURNED
ST/1169/2017,KL-001169-2017,REPORTS,2026-11-24,10:12,10:16,10:12,10:22,ADV-639,9.76,"4+ year case due within 30 days, 9.8 years old, waiting 61 days",ADJOURNED
ST/1265/2017,KL-001265-2017,REPORTS,2026-11-24,10:16,10:19,10:16,10:26,ADV-756,9.02,"4+ year case due within 30 days, 9.0 years old, waiting 61 days",ADJOURNED
ST/1288/2017,KL-001288-2017,REPORTS,2026-11-24,10:19,10:23,10:19,10:29,ADV-1017,9.02,"4+ year case due within 30 days, 9.0 years old, waiting 61 days",ADJOURNED
ST/2206/2022,KL-002206-2022,APPLICATION_REVIEW,2026-11-24,10:23,10:33,10:23,10:33,ADV-576,4.49,Application review → reference gap 5 days. Tue 24 Nov has room (162 of 386 min),ADJOURNED
ST/2479/2021,KL-002479-2021,EVIDENCE_ACCUSED,2026-11-24,10:33,10:41,10:33,11:03,ADV-118,4.93,"4+ year case due within 30 days, 4.9 years old, waiting 61 days",ADJOURNED
ST/2591/2021,KL-002591-2021,EVIDENCE_ACCUSED,2026-11-24,10:41,10:49,10:41,11:11,ADV-103,4.93,"4+ year case due within 30 days, 4.9 years old, waiting 61 days",ADJOURNED
ST/2669/2021,KL-002669-2021,EVIDENCE_ACCUSED,2026-11-24,10:49,10:58,10:49,11:19,ADV-956,4.93,"4+ year case due within 30 days, 4.9 years old, waiting 61 days",MOVED_FORWARD
ST/2856/2021,KL-002856-2021,EVIDENCE_ACCUSED,2026-11-24,10:58,11:06,10:58,11:28,ADV-742,4.93,"4+ year case due within 30 days, 4.9 years old, waiting 61 days",ADJOURNED
ST/166/2022,KL-000166-2022,EVIDENCE_ACCUSED,2026-11-24,11:06,11:14,11:06,11:36,ADV-507,4.26,"4+ year case due within 30 days, waiting 61 days, 4.3 years old",MOVED_FORWARD
ST/514/2022,KL-000514-2022,EVIDENCE_ACCUSED,2026-11-24,11:14,11:23,11:14,11:44,ADV-178,4.26,"4+ year case due within 30 days, waiting 61 days, 4.3 years old",ADJOURNED
ST/741/2022,KL-000741-2022,EVIDENCE_ACCUSED,2026-11-24,11:23,11:31,11:23,11:53,ADV-284,4.26,"4+ year case due within 30 days, waiting 61 days, 4.3 years old",ADJOURNED
ST/849/2022,KL-000849-2022,EVIDENCE_ACCUSED,2026-11-24,11:31,11:40,11:31,12:01,ADV-933,4.26,"4+ year case due within 30 days, waiting 61 days, 4.3 years old",MOVED_FORWARD
ST/136/2017,KL-000136-2017,EVIDENCE_ACCUSED,2026-11-24,11:40,11:48,11:40,12:10,ADV-020,9.28,Defence evidence → reference gap 14 days. Tue 24 Nov has room (72 of 386 min),ADJOURNED
ST/1838/2017,KL-001838-2017,EVIDENCE_ACCUSED,2026-11-24,11:48,11:57,11:48,12:18,ADV-085,9.28,Defence evidence → reference gap 14 days. Tue 24 Nov has room (118 of 386 min); ADV-085 already listed,MOVED_FORWARD
ST/2309/2017,KL-002309-2017,EVIDENCE_ACCUSED,2026-11-24,11:57,12:05,11:57,12:27,ADV-085,9.28,Defence evidence → reference gap 14 days. Tue 24 Nov has room (126 of 386 min); ADV-085 already listed,ADJOURNED
ST/1456/2022,KL-001456-2022,EVIDENCE_COMPLAINANT,2026-11-24,12:05,12:16,12:05,12:35,ADV-085,4.73,Complainant evidence → reference gap 14 days. Tue 24 Nov has room (110 of 386 min),ADJOURNED
ST/1186/2017,KL-001186-2017,EVIDENCE_ACCUSED,2026-11-24,12:16,12:24,12:16,12:46,ADV-721,9.28,Defence evidence → reference gap 14 days. Tue 24 Nov has room (133 of 386 min),ADJOURNED
ST/1690/2020,KL-001690-2020,EVIDENCE_COMPLAINANT,2026-11-24,12:24,12:36,12:24,12:54,ADV-912,6.72,Complainant evidence → reference gap 14 days. Tue 24 Nov has room (83 of 386 min),ADJOURNED
ST/2453/2020,KL-002453-2020,EVIDENCE_ACCUSED,2026-11-24,12:36,12:44,12:36,13:06,ADV-1063,6.72,Defence evidence → reference gap 14 days. Tue 24 Nov has room (140 of 386 min),ADJOURNED
ST/1035/2022,KL-001035-2022,EVIDENCE_COMPLAINANT,2026-11-24,12:44,12:56,12:44,13:14,ADV-537,4.73,Complainant evidence → reference gap 14 days. Tue 24 Nov has room (41 of 386 min); ADV-537 already listed,MOVED_FORWARD
ST/590/2021,KL-000590-2021,EVIDENCE_COMPLAINANT,2026-11-24,12:56,13:08,12:56,13:26,ADV-1147,4.90,Complainant evidence → reference gap 14 days. Tue 24 Nov has room (94 of 386 min),MOVED_FORWARD
ST/1351/2022,KL-001351-2022,EVIDENCE_COMPLAINANT,2026-11-24,13:08,13:19,13:08,13:38,ADV-767,4.73,Complainant evidence → reference gap 14 days. Tue 24 Nov has room (57 of 386 min),ADJOURNED
ST/1362/2022,KL-001362-2022,EVIDENCE_ACCUSED,2026-11-24,13:19,13:27,13:19,13:49,ADV-989,4.73,Defence evidence → reference gap 14 days. Tue 24 Nov has room (64 of 386 min),MOVED_FORWARD
ST/856/2021,KL-000856-2021,EVIDENCE_ACCUSED,2026-11-24,13:27,13:30,13:27,13:57,ADV-897,4.90,Defence evidence → reference gap 14 days. Tue 24 Nov has room (153 of 386 min),ADJOURNED
ST/644/2022,KL-000644-2022,JUDGEMENT,2026-11-24,14:00,14:32,14:00,14:30,ADV-620,4.26,"4+ year case due within 30 days, judgement likely to proceed (99%), waiting 61 days",DISPOSED
ST/651/2022,KL-000651-2022,JUDGEMENT,2026-11-24,14:32,15:05,14:32,15:02,ADV-152,4.26,"4+ year case due within 30 days, judgement likely to proceed (99%), waiting 61 days",DISPOSED
ST/729/2022,KL-000729-2022,JUDGEMENT,2026-11-24,15:05,15:37,15:05,15:35,ADV-430,4.26,"4+ year case due within 30 days, judgement likely to proceed (99%), waiting 61 days",DISPOSED
ST/1031/2022,KL-001031-2022,JUDGEMENT,2026-11-24,15:37,16:09,15:37,16:07,ADV-683,4.26,"4+ year case due within 30 days, judgement likely to proceed (99%), waiting 61 days",DISPOSED
ST/1146/2022,KL-001146-2022,JUDGEMENT,2026-11-24,16:09,16:42,16:09,16:39,ADV-353,4.26,"4+ year case due within 30 days, judgement likely to proceed (99%), waiting 61 days",ADJOURNED
ST/38/2021,KL-000038-2021,JUDGEMENT,2026-11-24,16:42,17:14,16:42,17:12,ADV-195,5.05,Judgement → reference gap 21 days. Tue 24 Nov has room (30 of 386 min),NOT_REACHED
ST/333/2017,KL-000333-2017,ARGUMENTS,2026-11-24,17:14,17:21,17:14,17:44,ADV-313,9.28,Arguments → reference gap 14 days. Tue 24 Nov has room (100 of 386 min),NOT_REACHED
ST/791/2020,KL-000791-2020,ARGUMENTS,2026-11-24,17:21,17:27,17:21,17:51,ADV-142,6.72,Arguments → reference gap 14 days. Tue 24 Nov has room (47 of 386 min),NOT_REACHED
ST/223/2020,KL-000223-2020,ARGUMENTS,2026-11-24,17:27,17:33,17:27,17:57,ADV-978,6.34,Arguments → reference gap 14 days. Tue 24 Nov has room (146 of 386 min),NOT_REACHED
ST/1291/2017,KL-001291-2017,REPORTS,2026-11-25,10:00,10:04,10:00,10:10,ADV-086,9.02,"4+ year case due within 30 days, 9.0 years old, waiting 62 days",ADJOURNED
ST/1308/2017,KL-001308-2017,REPORTS,2026-11-25,10:04,10:08,10:04,10:14,ADV-1008,9.02,"4+ year case due within 30 days, 9.0 years old, waiting 62 days",ADJOURNED
ST/1336/2017,KL-001336-2017,REPORTS,2026-11-25,10:08,10:12,10:08,10:18,ADV-537,9.76,"4+ year case due within 30 days, 9.8 years old, waiting 62 days",ADJOURNED
ST/1346/2017,KL-001346-2017,REPORTS,2026-11-25,10:12,10:16,10:12,10:22,ADV-634,9.76,"4+ year case due within 30 days, 9.8 years old, waiting 62 days",ADJOURNED
ST/1386/2017,KL-001386-2017,REPORTS,2026-11-25,10:16,10:19,10:16,10:26,ADV-909,9.02,"4+ year case due within 30 days, 9.0 years old, waiting 62 days",MOVED_FORWARD
ST/1422/2017,KL-001422-2017,REPORTS,2026-11-25,10:19,10:23,10:19,10:29,ADV-1260,9.76,"4+ year case due within 30 days, 9.8 years old, waiting 62 days",ADJOURNED
ST/1479/2017,KL-001479-2017,REPORTS,2026-11-25,10:23,10:27,10:23,10:33,ADV-1096,9.02,"4+ year case due within 30 days, 9.0 years old, waiting 62 days",ADJOURNED
ST/867/2022,KL-000867-2022,EVIDENCE_ACCUSED,2026-11-25,10:27,10:36,10:27,10:57,ADV-658,4.26,"4+ year case due within 30 days, waiting 62 days, 4.3 years old",MOVED_FORWARD
ST/885/2022,KL-000885-2022,EVIDENCE_ACCUSED,2026-11-25,10:36,10:44,10:36,11:06,ADV-205,4.26,"4+ year case due within 30 days, waiting 62 days, 4.3 years old",ADJOURNED
ST/1426/2022,KL-001426-2022,EVIDENCE_ACCUSED,2026-11-25,10:44,10:53,10:44,11:14,ADV-1100,4.26,"4+ year case due within 30 days, waiting 62 days, 4.3 years old",ADJOURNED
ST/1535/2022,KL-001535-2022,EVIDENCE_ACCUSED,2026-11-25,10:53,11:01,10:53,11:23,ADV-038,4.26,"4+ year case due within 30 days, waiting 62 days, 4.3 years old",ADJOURNED
ST/1574/2022,KL-001574-2022,EVIDENCE_ACCUSED,2026-11-25,11:01,11:10,11:01,11:31,ADV-1119,4.26,"4+ year case due within 30 days, waiting 62 days, 4.3 years old",MOVED_FORWARD
ST/1843/2022,KL-001843-2022,EVIDENCE_ACCUSED,2026-11-25,11:10,11:18,11:10,11:40,ADV-124,4.26,"4+ year case due within 30 days, waiting 62 days, 4.3 years old",ADJOURNED
ST/1964/2022,KL-001964-2022,EVIDENCE_ACCUSED,2026-11-25,11:18,11:27,11:18,11:48,ADV-296,4.26,"4+ year case due within 30 days, waiting 62 days, 4.3 years old",ADJOURNED
ST/1476/2017,KL-001476-2017,EVIDENCE_ACCUSED,2026-11-25,11:27,11:35,11:27,11:57,ADV-404,9.28,Defence evidence → reference gap 14 days. Wed 25 Nov has room (84 of 386 min),ADJOURNED
ST/324/2017,KL-000324-2017,EVIDENCE_ACCUSED,2026-11-25,11:35,11:44,11:35,12:05,ADV-806,9.52,Defence evidence → reference gap 14 days. Wed 25 Nov has room (146 of 386 min),ADJOURNED
ST/928/2017,KL-000928-2017,EVIDENCE_ACCUSED,2026-11-25,11:44,11:52,11:44,12:14,ADV-194,9.28,Defence evidence → reference gap 14 days. Wed 25 Nov has room (92 of 386 min),ADJOURNED
ST/1738/2020,KL-001738-2020,EVIDENCE_COMPLAINANT,2026-11-25,11:52,12:05,11:52,12:22,ADV-462,6.72,Complainant evidence → reference gap 14 days. Wed 25 Nov has room (104 of 386 min),ADJOURNED
ST/1093/2021,KL-001093-2021,EVIDENCE_COMPLAINANT,2026-11-25,12:05,12:18,12:05,12:35,ADV-462,4.90,Complainant evidence → reference gap 14 days. Wed 25 Nov has room (115 of 386 min); ADV-462 already listed,ADJOURNED
ST/2306/2020,KL-002306-2020,EVIDENCE_COMPLAINANT,2026-11-25,12:18,12:29,12:18,12:48,ADV-1026,6.72,Complainant evidence → reference gap 14 days. Wed 25 Nov has room (162 of 386 min),MOVED_FORWARD
ST/541/2020,KL-000541-2020,EVIDENCE_ACCUSED,2026-11-25,12:29,12:37,12:29,12:59,ADV-926,6.35,Defence evidence → reference gap 14 days. Wed 25 Nov has room (170 of 386 min),MOVED_FORWARD
ST/2257/2022,KL-002257-2022,EVIDENCE_COMPLAINANT,2026-11-25,12:37,12:53,12:37,13:07,ADV-076,4.49,Complainant evidence → reference gap 14 days. Wed 25 Nov has room (130 of 386 min),ADJOURNED
ST/650/2021,KL-000650-2021,EVIDENCE_COMPLAINANT,2026-11-25,12:53,13:04,12:53,13:23,ADV-930,4.90,Complainant evidence → reference gap 14 days. Wed 25 Nov has room (70 of 386 min); ADV-930 already listed,ADJOURNED
ST/775/2021,KL-000775-2021,EVIDENCE_COMPLAINANT,2026-11-25,13:04,13:14,13:04,13:34,ADV-542,4.90,Complainant evidence → reference gap 14 days. Wed 25 Nov has room (179 of 386 min),MOVED_FORWARD
ST/217/2021,KL-000217-2021,EVIDENCE_ACCUSED,2026-11-25,13:14,13:22,13:14,13:44,ADV-007,4.94,Defence evidence → reference gap 14 days. Wed 25 Nov has room (138 of 386 min),ADJOURNED
ST/1126/2021,KL-001126-2021,EVIDENCE_ACCUSED,2026-11-25,13:22,13:30,13:22,13:52,ADV-636,4.90,Defence evidence → reference gap 14 days. Wed 25 Nov has room (186 of 386 min),ADJOURNED
ST/1244/2022,KL-001244-2022,JUDGEMENT,2026-11-25,14:00,14:32,14:00,14:30,ADV-042,4.26,"4+ year case due within 30 days, judgement likely to proceed (99%), waiting 62 days",DISPOSED
ST/1492/2022,KL-001492-2022,JUDGEMENT,2026-11-25,14:32,15:05,14:32,15:02,ADV-249,4.26,"4+ year case due within 30 days, judgement likely to proceed (99%), waiting 62 days",DISPOSED
ST/1517/2022,KL-001517-2022,JUDGEMENT,2026-11-25,15:05,15:37,15:05,15:35,ADV-444,4.26,"4+ year case due within 30 days, judgement likely to proceed (99%), waiting 62 days",DISPOSED
ST/1808/2022,KL-001808-2022,JUDGEMENT,2026-11-25,15:37,16:09,15:37,16:07,ADV-1125,4.26,"4+ year case due within 30 days, judgement likely to proceed (99%), waiting 62 days",DISPOSED
ST/292/2021,KL-000292-2021,ARGUMENTS,2026-11-25,16:09,16:16,16:09,16:39,ADV-585,5.81,Not reached on Wed 18 Nov; earliest day with room. Wed 25 Nov has room (192 of 386 min),ADJOURNED
ST/1105/2017,KL-001105-2017,JUDGEMENT,2026-11-25,16:16,16:43,16:16,16:46,ADV-099,9.28,Judgement → reference gap 21 days. Wed 25 Nov has room (25 of 386 min),DISPOSED
ST/245/2022,KL-000245-2022,JUDGEMENT,2026-11-25,16:43,17:15,16:43,17:13,ADV-919,4.16,Judgement → reference gap 21 days. Wed 25 Nov has room (61 of 386 min),DISPOSED
ST/669/2017,KL-000669-2017,ARGUMENTS,2026-11-25,17:15,17:22,17:15,17:45,ADV-537,9.52,Arguments → reference gap 14 days. Wed 25 Nov has room (31 of 386 min); ADV-537 already listed,ADJOURNED
ST/1948/2017,KL-001948-2017,ARGUMENTS,2026-11-25,17:22,17:28,17:22,17:52,ADV-655,9.52,Arguments → reference gap 14 days. Wed 25 Nov has room (152 of 386 min),ADJOURNED
ST/2842/2020,KL-002842-2020,ARGUMENTS,2026-11-25,17:28,17:34,17:28,17:58,ADV-1260,6.35,Arguments → reference gap 14 days. Wed 25 Nov has room (76 of 386 min); ADV-1260 already listed,ADJOURNED
ST/1545/2017,KL-001545-2017,REPORTS,2026-11-26,10:00,10:04,10:00,10:10,ADV-563,9.02,"4+ year case due within 30 days, 9.0 years old, waiting 63 days",ADJOURNED
ST/1559/2017,KL-001559-2017,REPORTS,2026-11-26,10:04,10:08,10:04,10:14,ADV-946,9.76,"4+ year case due within 30 days, 9.8 years old, waiting 63 days",ADJOURNED
ST/1609/2017,KL-001609-2017,REPORTS,2026-11-26,10:08,10:12,10:08,10:18,ADV-1100,9.02,"4+ year case due within 30 days, 9.0 years old, waiting 63 days",ADJOURNED
ST/1817/2017,KL-001817-2017,REPORTS,2026-11-26,10:12,10:16,10:12,10:22,ADV-1100,9.02,"4+ year case due within 30 days, 9.0 years old, waiting 63 days",ADJOURNED
ST/1620/2017,KL-001620-2017,REPORTS,2026-11-26,10:16,10:19,10:16,10:26,ADV-1132,9.76,"4+ year case due within 30 days, 9.8 years old, waiting 63 days",ADJOURNED
ST/1626/2017,KL-001626-2017,REPORTS,2026-11-26,10:19,10:23,10:19,10:29,ADV-485,9.76,"4+ year case due within 30 days, 9.8 years old, waiting 63 days",ADJOURNED
ST/1656/2017,KL-001656-2017,REPORTS,2026-11-26,10:23,10:27,10:23,10:33,ADV-250,9.02,"4+ year case due within 30 days, 9.0 years old, waiting 63 days",ADJOURNED
ST/2899/2022,KL-002899-2022,APPLICATION_REVIEW,2026-11-26,10:27,10:37,10:27,10:37,ADV-819,4.50,Application review → reference gap 5 days. Thu 26 Nov has room (226 of 386 min),MOVED_FORWARD
ST/1965/2022,KL-001965-2022,EVIDENCE_ACCUSED,2026-11-26,10:37,10:45,10:37,11:07,ADV-1191,4.26,"4+ year case due within 30 days, waiting 63 days, 4.3 years old",ADJOURNED
ST/2159/2022,KL-002159-2022,EVIDENCE_ACCUSED,2026-11-26,10:45,10:54,10:45,11:15,ADV-174,4.26,"4+ year case due within 30 days, waiting 63 days, 4.3 years old",ADJOURNED
ST/2089/2017,KL-002089-2017,EVIDENCE_ACCUSED,2026-11-26,10:54,11:02,10:54,11:24,ADV-174,9.29,Defence evidence → reference gap 14 days. Thu 26 Nov has room (168 of 386 min); ADV-174 already listed,ADJOURNED
ST/2196/2022,KL-002196-2022,EVIDENCE_ACCUSED,2026-11-26,11:02,11:11,11:02,11:32,ADV-513,4.26,"4+ year case due within 30 days, waiting 63 days, 4.3 years old",ADJOURNED
ST/2338/2022,KL-002338-2022,EVIDENCE_ACCUSED,2026-11-26,11:11,11:19,11:11,11:41,ADV-725,4.26,"4+ year case due within 30 days, waiting 63 days, 4.3 years old",MOVED_FORWARD
ST/2516/2022,KL-002516-2022,EVIDENCE_ACCUSED,2026-11-26,11:19,11:28,11:19,11:49,ADV-881,4.26,"4+ year case due within 30 days, waiting 63 days, 4.3 years old",ADJOURNED
ST/2684/2022,KL-002684-2022,EVIDENCE_ACCUSED,2026-11-26,11:28,11:36,11:28,11:58,ADV-546,4.26,"4+ year case due within 30 days, waiting 63 days, 4.3 years old",ADJOURNED
ST/2873/2022,KL-002873-2022,EVIDENCE_ACCUSED,2026-11-26,11:36,11:45,11:36,12:06,ADV-930,4.26,"4+ year case due within 30 days, waiting 63 days, 4.3 years old",ADJOURNED
ST/2021/2017,KL-002021-2017,EVIDENCE_ACCUSED,2026-11-26,11:45,11:54,11:45,12:15,ADV-1110,9.29,Defence evidence → reference gap 14 days. Thu 26 Nov has room (160 of 386 min),MOVED_FORWARD
ST/307/2017,KL-000307-2017,EVIDENCE_ACCUSED,2026-11-26,11:54,12:02,11:54,12:24,ADV-348,9.29,Defence evidence → reference gap 14 days. Thu 26 Nov has room (49 of 386 min),DISPOSED
ST/2467/2017,KL-002467-2017,EVIDENCE_ACCUSED,2026-11-26,12:02,12:10,12:02,12:32,ADV-043,9.29,Defence evidence → reference gap 14 days. Thu 26 Nov has room (108 of 386 min); ADV-043 already listed,ADJOURNED
ST/2002/2022,KL-002002-2022,EVIDENCE_COMPLAINANT,2026-11-26,12:10,12:21,12:10,12:40,ADV-043,4.73,Complainant evidence → reference gap 14 days. Thu 26 Nov has room (100 of 386 min),MOVED_FORWARD
ST/1391/2017,KL-001391-2017,EVIDENCE_ACCUSED,2026-11-26,12:21,12:28,12:21,12:51,ADV-228,9.29,Defence evidence → reference gap 14 days. Thu 26 Nov has room (115 of 386 min),ADJOURNED
ST/1530/2017,KL-001530-2017,EVIDENCE_ACCUSED,2026-11-26,12:28,12:36,12:28,12:58,ADV-709,9.52,Defence evidence → reference gap 14 days. Thu 26 Nov has room (175 of 386 min),ADJOURNED
ST/2799/2020,KL-002799-2020,EVIDENCE_ACCUSED,2026-11-26,12:36,12:44,12:36,13:06,ADV-709,6.35,Defence evidence → reference gap 14 days. Thu 26 Nov has room (182 of 386 min); ADV-709 already listed,ADJOURNED
ST/2082/2020,KL-002082-2020,EVIDENCE_COMPLAINANT,2026-11-26,12:44,12:56,12:44,13:14,ADV-640,6.72,Complainant evidence → reference gap 14 days. Thu 26 Nov has room (11 of 386 min),ADJOURNED
ST/2340/2020,KL-002340-2020,EVIDENCE_ACCUSED,2026-11-26,12:56,13:04,12:56,13:26,ADV-589,6.72,Defence evidence → reference gap 14 days. Thu 26 Nov has room (56 of 386 min),ADJOURNED
ST/2321/2020,KL-002321-2020,EVIDENCE_ACCUSED,2026-11-26,13:04,13:12,13:04,13:34,ADV-397,6.72,Defence evidence → reference gap 14 days. Thu 26 Nov has room (64 of 386 min); ADV-397 already listed,ADJOURNED
ST/2502/2020,KL-002502-2020,EVIDENCE_ACCUSED,2026-11-26,13:12,13:19,13:12,13:42,ADV-284,6.72,Defence evidence → reference gap 14 days. Thu 26 Nov has room (121 of 386 min),ADJOURNED
ST/1600/2020,KL-001600-2020,EVIDENCE_ACCUSED,2026-11-26,13:19,13:27,13:19,13:49,ADV-920,6.35,Defence evidence → reference gap 14 days. Thu 26 Nov has room (136 of 386 min),ADJOURNED
ST/892/2020,KL-000892-2020,EVIDENCE_ACCUSED,2026-11-26,13:27,13:30,13:27,13:57,ADV-1167,6.35,Defence evidence → reference gap 14 days. Thu 26 Nov has room (190 of 386 min),ADJOURNED
ST/43/2020,KL-000043-2020,EVIDENCE_ACCUSED,2026-11-26,14:00,14:08,14:00,14:30,ADV-414,6.35,Defence evidence → reference gap 14 days. Thu 26 Nov has room (128 of 386 min),ADJOURNED
ST/2236/2022,KL-002236-2022,EVIDENCE_COMPLAINANT,2026-11-26,14:08,14:24,14:08,14:38,ADV-1085,4.50,Complainant evidence → reference gap 14 days. Thu 26 Nov has room (90 of 386 min),ADJOURNED
ST/105/2022,KL-000105-2022,EVIDENCE_COMPLAINANT,2026-11-26,14:24,14:39,14:24,14:54,ADV-884,4.50,Complainant evidence → reference gap 14 days. Thu 26 Nov has room (204 of 386 min),ADJOURNED
ST/723/2021,KL-000723-2021,EVIDENCE_COMPLAINANT,2026-11-26,14:39,14:51,14:39,15:09,ADV-947,4.90,Complainant evidence → reference gap 14 days. Thu 26 Nov has room (75 of 386 min),MOVED_FORWARD
ST/1615/2022,KL-001615-2022,EVIDENCE_COMPLAINANT,2026-11-26,14:51,15:04,14:51,15:21,ADV-706,4.73,Complainant evidence → reference gap 14 days. Thu 26 Nov has room (41 of 386 min),ADJOURNED
ST/1024/2021,KL-001024-2021,EVIDENCE_COMPLAINANT,2026-11-26,15:04,15:15,15:04,15:34,ADV-362,4.90,Complainant evidence → reference gap 14 days. Thu 26 Nov has room (146 of 386 min),MOVED_FORWARD
ST/1470/2022,KL-001470-2022,EVIDENCE_ACCUSED,2026-11-26,15:15,15:23,15:15,15:45,ADV-944,4.73,Defence evidence → reference gap 14 days. Thu 26 Nov has room (30 of 386 min),MOVED_FORWARD
ST/1163/2021,KL-001163-2021,EVIDENCE_ACCUSED,2026-11-26,15:23,15:31,15:23,15:53,ADV-710,4.90,Defence evidence → reference gap 14 days. Thu 26 Nov has room (211 of 386 min),ADJOURNED
ST/1932/2022,KL-001932-2022,JUDGEMENT,2026-11-26,15:31,16:03,15:31,16:01,ADV-925,4.26,"4+ year case due within 30 days, judgement likely to proceed (99%), waiting 63 days",DISPOSED
ST/2156/2022,KL-002156-2022,JUDGEMENT,2026-11-26,16:03,16:35,16:03,16:33,ADV-1083,4.26,"4+ year case due within 30 days, judgement likely to proceed (99%), waiting 63 days",DISPOSED
ST/2178/2022,KL-002178-2022,JUDGEMENT,2026-11-26,16:35,17:08,16:35,17:05,ADV-569,4.26,"4+ year case due within 30 days, judgement likely to proceed (99%), waiting 63 days",DISPOSED
ST/2383/2017,KL-002383-2017,ARGUMENTS,2026-11-26,17:08,17:14,17:08,17:38,ADV-490,9.52,Arguments → reference gap 14 days. Thu 26 Nov has room (17 of 386 min),MOVED_FORWARD
ST/239/2017,KL-000239-2017,ARGUMENTS,2026-11-26,17:14,17:21,17:14,17:44,ADV-1113,9.29,Arguments → reference gap 14 days. Thu 26 Nov has room (23 of 386 min),ADJOURNED
ST/529/2017,KL-000529-2017,ARGUMENTS,2026-11-26,17:21,17:27,17:21,17:51,ADV-237,9.52,Arguments → reference gap 14 days. Thu 26 Nov has room (152 of 386 min),MOVED_FORWARD
ST/1367/2017,KL-001367-2017,ARGUMENTS,2026-11-26,17:27,17:34,17:27,17:57,ADV-210,9.29,Arguments → reference gap 14 days. Thu 26 Nov has room (217 of 386 min),ADJOURNED
ST/1877/2017,KL-001877-2017,REPORTS,2026-11-27,10:00,10:04,10:00,10:10,ADV-520,9.02,"4+ year case due within 30 days, 9.0 years old, waiting 64 days",ADJOURNED
ST/1998/2017,KL-001998-2017,REPORTS,2026-11-27,10:04,10:08,10:04,10:14,ADV-1033,9.77,"4+ year case due within 30 days, 9.8 years old, waiting 64 days",ADJOURNED
ST/2046/2017,KL-002046-2017,REPORTS,2026-11-27,10:08,10:12,10:08,10:18,ADV-464,9.77,"4+ year case due within 30 days, 9.8 years old, waiting 64 days",ADJOURNED
ST/2173/2017,KL-002173-2017,REPORTS,2026-11-27,10:12,10:16,10:12,10:22,ADV-1093,9.77,"4+ year case due within 30 days, 9.8 years old, waiting 64 days",ADJOURNED
ST/49/2022,KL-000049-2022,EVIDENCE_ACCUSED,2026-11-27,10:16,10:24,10:16,10:46,ADV-214,4.63,"4+ year case due within 30 days, 4.6 years old, waiting 64 days",ADJOURNED
ST/257/2022,KL-000257-2022,EVIDENCE_ACCUSED,2026-11-27,10:24,10:32,10:24,10:54,ADV-218,4.63,"4+ year case due within 30 days, 4.6 years old, waiting 64 days",ADJOURNED
ST/283/2022,KL-000283-2022,EVIDENCE_ACCUSED,2026-11-27,10:32,10:40,10:32,11:02,ADV-1222,4.63,"4+ year case due within 30 days, 4.6 years old, waiting 64 days",ADJOURNED
ST/312/2022,KL-000312-2022,EVIDENCE_ACCUSED,2026-11-27,10:40,10:48,10:40,11:10,ADV-507,4.63,"4+ year case due within 30 days, 4.6 years old, waiting 64 days",ADJOURNED
ST/416/2022,KL-000416-2022,EVIDENCE_ACCUSED,2026-11-27,10:48,10:56,10:48,11:18,ADV-520,4.63,"4+ year case due within 30 days, 4.6 years old, waiting 64 days",ADJOURNED
ST/840/2017,KL-000840-2017,EVIDENCE_ACCUSED,2026-11-27,10:56,11:05,10:56,11:26,ADV-1201,9.52,Defence evidence → reference gap 14 days. Fri 27 Nov has room (74 of 386 min),MOVED_FORWARD
ST/642/2017,KL-000642-2017,EVIDENCE_ACCUSED,2026-11-27,11:05,11:13,11:05,11:35,ADV-1170,9.52,Defence evidence → reference gap 14 days. Fri 27 Nov has room (66 of 386 min),ADJOURNED
ST/2531/2017,KL-002531-2017,EVIDENCE_ACCUSED,2026-11-27,11:13,11:22,11:13,11:43,ADV-746,9.52,Defence evidence → reference gap 14 days. Fri 27 Nov has room (215 of 386 min),ADJOURNED
ST/1170/2017,KL-001170-2017,EVIDENCE_ACCUSED,2026-11-27,11:22,11:29,11:22,11:52,ADV-851,9.52,Defence evidence → reference gap 14 days. Fri 27 Nov has room (131 of 386 min),ADJOURNED
ST/2594/2020,KL-002594-2020,EVIDENCE_COMPLAINANT,2026-11-27,11:29,11:42,11:29,11:59,ADV-790,6.72,Complainant evidence → reference gap 14 days. Fri 27 Nov has room (86 of 386 min),MOVED_FORWARD
ST/2912/2020,KL-002912-2020,EVIDENCE_COMPLAINANT,2026-11-27,11:42,11:55,11:42,12:12,ADV-424,6.72,Complainant evidence → reference gap 14 days. Fri 27 Nov has room (143 of 386 min),ADJOURNED
ST/2033/2020,KL-002033-2020,EVIDENCE_ACCUSED,2026-11-27,11:55,12:03,11:55,12:25,ADV-454,6.72,Defence evidence → reference gap 14 days. Fri 27 Nov has room (93 of 386 min); ADV-454 already listed,ADJOURNED
ST/1064/2020,KL-001064-2020,EVIDENCE_ACCUSED,2026-11-27,12:03,12:11,12:03,12:33,ADV-650,6.35,Defence evidence → reference gap 14 days. Fri 27 Nov has room (223 of 386 min),ADJOURNED
ST/1539/2020,KL-001539-2020,EVIDENCE_ACCUSED,2026-11-27,12:11,12:19,12:11,12:41,ADV-1051,6.35,Defence evidence → reference gap 14 days. Fri 27 Nov has room (231 of 386 min),DISPOSED
ST/2547/2022,KL-002547-2022,EVIDENCE_COMPLAINANT,2026-11-27,12:19,12:36,12:19,12:49,ADV-195,4.50,Complainant evidence → reference gap 14 days. Fri 27 Nov has room (124 of 386 min),ADJOURNED
ST/1980/2022,KL-001980-2022,EVIDENCE_COMPLAINANT,2026-11-27,12:36,12:52,12:36,13:06,ADV-767,4.50,Complainant evidence → reference gap 14 days. Fri 27 Nov has room (202 of 386 min),ADJOURNED
ST/2557/2022,KL-002557-2022,EVIDENCE_COMPLAINANT,2026-11-27,12:52,13:08,12:52,13:22,ADV-128,4.50,Complainant evidence → reference gap 14 days. Fri 27 Nov has room (187 of 386 min),ADJOURNED
ST/963/2021,KL-000963-2021,EVIDENCE_COMPLAINANT,2026-11-27,13:08,13:19,13:08,13:38,ADV-828,4.91,Complainant evidence → reference gap 14 days. Fri 27 Nov has room (41 of 386 min),ADJOURNED
ST/206/2021,KL-000206-2021,EVIDENCE_ACCUSED,2026-11-27,13:19,13:27,13:19,13:49,ADV-854,5.82,Defence evidence → reference gap 14 days. Fri 27 Nov has room (172 of 386 min),ADJOURNED
ST/1125/2021,KL-001125-2021,EVIDENCE_COMPLAINANT,2026-11-27,13:27,13:30,13:27,13:57,ADV-994,4.91,Complainant evidence → reference gap 14 days. Fri 27 Nov has room (165 of 386 min),MOVED_FORWARD
ST/211/2021,KL-000211-2021,EVIDENCE_ACCUSED,2026-11-27,14:00,14:08,14:00,14:30,ADV-1211,5.82,Defence evidence → reference gap 14 days. Fri 27 Nov has room (238 of 386 min),ADJOURNED
ST/865/2021,KL-000865-2021,EVIDENCE_COMPLAINANT,2026-11-27,14:08,14:18,14:08,14:38,ADV-796,4.91,Complainant evidence → reference gap 14 days. Fri 27 Nov has room (102 of 386 min),ADJOURNED
ST/1889/2022,KL-001889-2022,EVIDENCE_COMPLAINANT,2026-11-27,14:18,14:29,14:18,14:48,ADV-426,4.74,Complainant evidence → reference gap 14 days. Fri 27 Nov has room (58 of 386 min),MOVED_FORWARD
ST/1144/2021,KL-001144-2021,EVIDENCE_ACCUSED,2026-11-27,14:29,14:37,14:29,14:59,ADV-565,4.91,Defence evidence → reference gap 14 days. Fri 27 Nov has room (109 of 386 min),ADJOURNED
ST/1769/2022,KL-001769-2022,EVIDENCE_ACCUSED,2026-11-27,14:37,14:45,14:37,15:07,ADV-144,4.74,Defence evidence → reference gap 14 days. Fri 27 Nov has room (48 of 386 min),ADJOURNED
ST/1844/2021,KL-001844-2021,EVIDENCE_ACCUSED,2026-11-27,14:45,14:52,14:45,15:15,ADV-250,4.91,Defence evidence → reference gap 14 days. Fri 27 Nov has room (245 of 386 min); ADV-250 already listed,ADJOURNED
ST/2416/2022,KL-002416-2022,JUDGEMENT,2026-11-27,14:52,15:25,14:52,15:22,ADV-290,4.27,"4+ year case due within 30 days, judgement likely to proceed (99%), waiting 64 days",DISPOSED
ST/2686/2022,KL-002686-2022,JUDGEMENT,2026-11-27,15:25,15:57,15:25,15:55,ADV-553,4.27,"4+ year case due within 30 days, judgement likely to proceed (99%), waiting 64 days",DISPOSED
ST/2844/2022,KL-002844-2022,JUDGEMENT,2026-11-27,15:57,16:29,15:57,16:27,ADV-010,4.27,"4+ year case due within 30 days, judgement likely to proceed (99%), waiting 64 days",DISPOSED
ST/2113/2017,KL-002113-2017,JUDGEMENT,2026-11-27,16:29,16:56,16:29,16:59,ADV-1251,9.52,Judgement → reference gap 21 days. Fri 27 Nov has room (24 of 386 min),DISPOSED
ST/2776/2017,KL-002776-2017,ARGUMENTS,2026-11-27,16:56,17:02,16:56,17:26,ADV-1187,9.29,Arguments → reference gap 14 days. Fri 27 Nov has room (208 of 386 min),ADJOURNED
ST/951/2020,KL-000951-2020,ARGUMENTS,2026-11-27,17:02,17:08,17:02,17:32,ADV-476,6.72,Arguments → reference gap 14 days. Fri 27 Nov has room (30 of 386 min),ADJOURNED
ST/2742/2020,KL-002742-2020,ARGUMENTS,2026-11-27,17:08,17:14,17:08,17:38,ADV-784,6.72,Arguments → reference gap 14 days. Fri 27 Nov has room (149 of 386 min),ADJOURNED
ST/982/2020,KL-000982-2020,ARGUMENTS,2026-11-27,17:14,17:20,17:14,17:44,ADV-112,6.35,Arguments → reference gap 14 days. Fri 27 Nov has room (154 of 386 min),ADJOURNED
ST/2175/2017,KL-002175-2017,REPORTS,2026-11-30,10:00,10:04,10:00,10:10,ADV-258,9.03,"4+ year case due within 30 days, 9.0 years old, waiting 67 days",ADJOURNED
ST/2209/2017,KL-002209-2017,REPORTS,2026-11-30,10:04,10:08,10:04,10:14,ADV-619,9.03,"4+ year case due within 30 days, 9.0 years old, waiting 67 days",ADJOURNED
ST/2218/2017,KL-002218-2017,REPORTS,2026-11-30,10:08,10:12,10:08,10:18,ADV-840,9.77,"4+ year case due within 30 days, 9.8 years old, waiting 67 days",ADJOURNED
ST/2260/2017,KL-002260-2017,REPORTS,2026-11-30,10:12,10:16,10:12,10:22,ADV-305,9.77,"4+ year case due within 30 days, 9.8 years old, waiting 67 days",ADJOURNED
ST/2262/2017,KL-002262-2017,REPORTS,2026-11-30,10:16,10:19,10:16,10:26,ADV-104,9.77,"4+ year case due within 30 days, 9.8 years old, waiting 67 days",ADJOURNED
ST/2293/2017,KL-002293-2017,REPORTS,2026-11-30,10:19,10:23,10:19,10:29,ADV-428,9.03,"4+ year case due within 30 days, 9.0 years old, waiting 67 days",DISPOSED
ST/641/2022,KL-000641-2022,EVIDENCE_ACCUSED,2026-11-30,10:23,10:32,10:23,10:53,ADV-910,4.64,"4+ year case due within 30 days, 4.6 years old, waiting 67 days",ADJOURNED
ST/711/2022,KL-000711-2022,EVIDENCE_ACCUSED,2026-11-30,10:32,10:40,10:32,11:02,ADV-454,4.64,"4+ year case due within 30 days, 4.6 years old, waiting 67 days",ADJOURNED
ST/2373/2022,KL-002373-2022,EVIDENCE_COMPLAINANT,2026-11-30,10:40,10:51,10:40,11:10,ADV-454,4.74,Complainant evidence → reference gap 14 days. Mon 30 Nov has room (157 of 386 min); ADV-454 already listed,ADJOURNED
ST/736/2022,KL-000736-2022,EVIDENCE_ACCUSED,2026-11-30,10:51,10:59,10:51,11:21,ADV-257,4.64,"4+ year case due within 30 days, 4.6 years old, waiting 67 days",ADJOURNED
ST/1071/2022,KL-001071-2022,EVIDENCE_ACCUSED,2026-11-30,10:59,11:07,10:59,11:29,ADV-123,4.64,"4+ year case due within 30 days, 4.6 years old, waiting 67 days",ADJOURNED
ST/1132/2022,KL-001132-2022,EVIDENCE_ACCUSED,2026-11-30,11:07,11:15,11:07,11:37,ADV-1172,4.64,"4+ year case due within 30 days, 4.6 years old, waiting 67 days",ADJOURNED
ST/1274/2022,KL-001274-2022,EVIDENCE_ACCUSED,2026-11-30,11:15,11:23,11:15,11:45,ADV-397,4.64,"4+ year case due within 30 days, 4.6 years old, waiting 67 days",ADJOURNED
ST/2187/2017,KL-002187-2017,EVIDENCE_ACCUSED,2026-11-30,11:23,11:32,11:23,11:53,ADV-1088,9.30,Defence evidence → reference gap 14 days. Mon 30 Nov has room (8 of 386 min),MOVED_FORWARD
ST/2997/2017,KL-002997-2017,EVIDENCE_ACCUSED,2026-11-30,11:32,11:40,11:32,12:02,ADV-1077,9.30,Defence evidence → reference gap 14 days. Mon 30 Nov has room (15 of 386 min),ADJOURNED
ST/1705/2017,KL-001705-2017,EVIDENCE_ACCUSED,2026-11-30,11:40,11:48,11:40,12:10,ADV-927,9.53,Defence evidence → reference gap 14 days. Mon 30 Nov has room (95 of 386 min),ADJOURNED
ST/2101/2017,KL-002101-2017,EVIDENCE_ACCUSED,2026-11-30,11:48,11:56,11:48,12:18,ADV-694,9.53,Defence evidence → reference gap 14 days. Mon 30 Nov has room (22 of 386 min),ADJOURNED
ST/2816/2020,KL-002816-2020,EVIDENCE_ACCUSED,2026-11-30,11:56,12:04,11:56,12:26,ADV-073,6.73,Defence evidence → reference gap 14 days. Mon 30 Nov has room (29 of 386 min),ADJOURNED
ST/2957/2020,KL-002957-2020,EVIDENCE_ACCUSED,2026-11-30,12:04,12:11,12:04,12:34,ADV-275,6.73,Defence evidence → reference gap 14 days. Mon 30 Nov has room (103 of 386 min),ADJOURNED
ST/2707/2020,KL-002707-2020,EVIDENCE_ACCUSED,2026-11-30,12:11,12:20,12:11,12:41,ADV-519,6.36,Defence evidence → reference gap 14 days. Mon 30 Nov has room (37 of 386 min),ADJOURNED
ST/1348/2020,KL-001348-2020,EVIDENCE_ACCUSED,2026-11-30,12:20,12:28,12:20,12:50,ADV-192,6.36,Defence evidence → reference gap 14 days. Mon 30 Nov has room (110 of 386 min),DISPOSED
ST/135/2022,KL-000135-2022,EVIDENCE_COMPLAINANT,2026-11-30,12:28,12:44,12:28,12:58,ADV-896,4.51,Complainant evidence → reference gap 14 days. Mon 30 Nov has room (52 of 386 min),ADJOURNED
ST/261/2022,KL-000261-2022,EVIDENCE_COMPLAINANT,2026-11-30,12:44,13:00,12:44,13:14,ADV-549,4.51,Complainant evidence → reference gap 14 days. Mon 30 Nov has room (125 of 386 min),MOVED_FORWARD
ST/2671/2022,KL-002671-2022,EVIDENCE_COMPLAINANT,2026-11-30,13:00,13:16,13:00,13:30,ADV-446,4.51,Complainant evidence → reference gap 14 days. Mon 30 Nov has room (77 of 386 min),ADJOURNED
ST/716/2022,KL-000716-2022,EVIDENCE_COMPLAINANT,2026-11-30,13:16,13:30,13:16,13:46,ADV-362,4.51,Complainant evidence → reference gap 14 days. Mon 30 Nov has room (170 of 386 min),MOVED_FORWARD
ST/2232/2022,KL-002232-2022,EVIDENCE_COMPLAINANT,2026-11-30,14:00,14:12,14:00,14:30,ADV-623,4.74,Complainant evidence → reference gap 14 days. Mon 30 Nov has room (88 of 386 min),MOVED_FORWARD
ST/1500/2021,KL-001500-2021,EVIDENCE_COMPLAINANT,2026-11-30,14:12,14:23,14:12,14:42,ADV-436,4.91,Complainant evidence → reference gap 14 days. Mon 30 Nov has room (62 of 386 min),ADJOURNED
ST/2312/2022,KL-002312-2022,EVIDENCE_COMPLAINANT,2026-11-30,14:23,14:35,14:23,14:53,ADV-1168,4.74,Complainant evidence → reference gap 14 days. Mon 30 Nov has room (136 of 386 min),MOVED_FORWARD
ST/2331/2022,KL-002331-2022,EVIDENCE_COMPLAINANT,2026-11-30,14:35,14:46,14:35,15:05,ADV-710,4.74,Complainant evidence → reference gap 14 days. Mon 30 Nov has room (146 of 386 min),ADJOURNED
ST/2958/2022,KL-002958-2022,JUDGEMENT,2026-11-30,14:46,15:18,14:46,15:16,ADV-903,4.27,"4+ year case due within 30 days, judgement likely to proceed (99%), waiting 67 days",DISPOSED
ST/195/2022,KL-000195-2022,JUDGEMENT,2026-11-30,15:18,15:51,15:18,15:48,ADV-933,4.33,"4+ year case due within 30 days, judgement likely to proceed (99%), waiting 67 days",DISPOSED
ST/274/2022,KL-000274-2022,JUDGEMENT,2026-11-30,15:51,16:23,15:51,16:21,ADV-509,4.33,"4+ year case due within 30 days, judgement likely to proceed (99%), waiting 67 days",DISPOSED
ST/293/2022,KL-000293-2022,JUDGEMENT,2026-11-30,16:23,16:55,16:23,16:53,ADV-300,4.33,"4+ year case due within 30 days, judgement likely to proceed (99%), waiting 67 days",DISPOSED
ST/340/2022,KL-000340-2022,JUDGEMENT,2026-11-30,16:55,17:28,16:55,17:25,ADV-1093,4.33,"4+ year case due within 30 days, judgement likely to proceed (99%), waiting 67 days",DISPOSED
ST/804/2017,KL-000804-2017,ARGUMENTS,2026-11-30,17:28,17:34,17:28,17:58,ADV-028,9.53,Not reached on Mon 23 Nov; earliest day with room. Mon 30 Nov has room (176 of 386 min),ADJOURNED
ST/1788/2020,KL-001788-2020,ARGUMENTS,2026-11-30,17:34,17:40,17:34,18:04,ADV-014,6.73,Not reached on Mon 23 Nov; earliest day with room. Mon 30 Nov has room (182 of 386 min),MOVED_FORWARD
ST/509/2021,KL-000509-2021,ARGUMENTS,2026-11-30,17:40,17:46,17:40,18:10,ADV-074,5.82,Not reached on Mon 23 Nov; earliest day with room. Mon 30 Nov has room (188 of 386 min),ADJOURNED
ST/2376/2017,KL-002376-2017,REPORTS,2026-12-01,10:00,10:04,10:00,10:10,ADV-846,9.78,"4+ year case due within 30 days, 9.8 years old, waiting 68 days",ADJOURNED
ST/2520/2017,KL-002520-2017,REPORTS,2026-12-01,10:04,10:08,10:04,10:14,ADV-662,9.78,"4+ year case due within 30 days, 9.8 years old, waiting 68 days",ADJOURNED
ST/2617/2017,KL-002617-2017,REPORTS,2026-12-01,10:08,10:12,10:08,10:18,ADV-1005,9.78,"4+ year case due within 30 days, 9.8 years old, waiting 68 days",MOVED_FORWARD
ST/2641/2017,KL-002641-2017,REPORTS,2026-12-01,10:12,10:16,10:12,10:22,ADV-949,9.03,"4+ year case due within 30 days, 9.0 years old, waiting 68 days",ADJOURNED
ST/2755/2017,KL-002755-2017,REPORTS,2026-12-01,10:16,10:19,10:16,10:26,ADV-182,9.78,"4+ year case due within 30 days, 9.8 years old, waiting 68 days",ADJOURNED
ST/2768/2017,KL-002768-2017,REPORTS,2026-12-01,10:19,10:23,10:19,10:29,ADV-415,9.78,"4+ year case due within 30 days, 9.8 years old, waiting 68 days",ADJOURNED
ST/2206/2022,KL-002206-2022,APPLICATION_REVIEW,2026-12-01,10:23,10:33,10:23,10:33,ADV-576,4.51,Application review → reference gap 5 days. Tue 01 Dec has room (192 of 386 min),ADJOURNED
ST/1298/2022,KL-001298-2022,EVIDENCE_ACCUSED,2026-12-01,10:33,10:41,10:33,11:03,ADV-971,4.64,"4+ year case due within 30 days, 4.6 years old, waiting 68 days",ADJOURNED
ST/1306/2022,KL-001306-2022,EVIDENCE_ACCUSED,2026-12-01,10:41,10:49,10:41,11:11,ADV-971,4.64,"4+ year case due within 30 days, 4.6 years old, waiting 68 days",ADJOURNED
ST/1327/2022,KL-001327-2022,EVIDENCE_ACCUSED,2026-12-01,10:49,10:58,10:49,11:19,ADV-1072,4.64,"4+ year case due within 30 days, 4.6 years old, waiting 68 days",MOVED_FORWARD
ST/1329/2022,KL-001329-2022,EVIDENCE_ACCUSED,2026-12-01,10:58,11:06,10:58,11:28,ADV-061,4.64,"4+ year case due within 30 days, 4.6 years old, waiting 68 days",MOVED_FORWARD
ST/1424/2022,KL-001424-2022,EVIDENCE_ACCUSED,2026-12-01,11:06,11:14,11:06,11:36,ADV-574,4.64,"4+ year case due within 30 days, 4.6 years old, waiting 68 days",ADJOURNED
ST/1427/2022,KL-001427-2022,EVIDENCE_ACCUSED,2026-12-01,11:14,11:22,11:14,11:44,ADV-325,4.64,"4+ year case due within 30 days, 4.6 years old, waiting 68 days",ADJOURNED
ST/1613/2022,KL-001613-2022,EVIDENCE_ACCUSED,2026-12-01,11:22,11:30,11:22,11:52,ADV-992,4.64,"4+ year case due within 30 days, 4.6 years old, waiting 68 days",ADJOURNED
ST/1668/2022,KL-001668-2022,EVIDENCE_ACCUSED,2026-12-01,11:30,11:38,11:30,12:00,ADV-175,4.64,"4+ year case due within 30 days, 4.6 years old, waiting 68 days",ADJOURNED
ST/1103/2017,KL-001103-2017,EVIDENCE_ACCUSED,2026-12-01,11:38,11:47,11:38,12:08,ADV-240,9.54,Defence evidence → reference gap 14 days. Tue 01 Dec has room (37 of 386 min); ADV-240 already listed,ADJOURNED
ST/1354/2017,KL-001354-2017,EVIDENCE_ACCUSED,2026-12-01,11:47,11:55,11:47,12:17,ADV-521,9.54,Defence evidence → reference gap 14 days. Tue 01 Dec has room (52 of 386 min),ADJOURNED
ST/1045/2020,KL-001045-2020,EVIDENCE_ACCUSED,2026-12-01,11:55,12:02,11:55,12:25,ADV-521,6.36,Defence evidence → reference gap 14 days. Tue 01 Dec has room (59 of 386 min); ADV-521 already listed,ADJOURNED
ST/1564/2017,KL-001564-2017,EVIDENCE_ACCUSED,2026-12-01,12:02,12:11,12:02,12:32,ADV-238,9.54,Defence evidence → reference gap 14 days. Tue 01 Dec has room (106 of 386 min); ADV-238 already listed,ADJOURNED
ST/86/2020,KL-000086-2020,EVIDENCE_ACCUSED,2026-12-01,12:11,12:19,12:11,12:41,ADV-455,6.36,Defence evidence → reference gap 14 days. Tue 01 Dec has room (67 of 386 min),ADJOURNED
ST/1317/2020,KL-001317-2020,EVIDENCE_ACCUSED,2026-12-01,12:19,12:27,12:19,12:49,ADV-1234,6.36,Defence evidence → reference gap 14 days. Tue 01 Dec has room (74 of 386 min),ADJOURNED
ST/2820/2020,KL-002820-2020,EVIDENCE_ACCUSED,2026-12-01,12:27,12:34,12:27,12:57,ADV-716,6.36,Defence evidence → reference gap 14 days. Tue 01 Dec has room (118 of 386 min),ADJOURNED
ST/2702/2022,KL-002702-2022,EVIDENCE_COMPLAINANT,2026-12-01,12:34,12:50,12:34,13:04,ADV-480,4.51,Complainant evidence → reference gap 14 days. Tue 01 Dec has room (98 of 386 min),MOVED_FORWARD
ST/2801/2022,KL-002801-2022,EVIDENCE_COMPLAINANT,2026-12-01,12:50,13:06,12:50,13:20,ADV-157,4.51,Complainant evidence → reference gap 14 days. Tue 01 Dec has room (146 of 386 min),MOVED_FORWARD
ST/1254/2022,KL-001254-2022,EVIDENCE_COMPLAINANT,2026-12-01,13:06,13:22,13:06,13:36,ADV-428,4.51,Complainant evidence → reference gap 14 days. Tue 01 Dec has room (171 of 386 min); ADV-428 already listed,MOVED_FORWARD
ST/209/2021,KL-000209-2021,EVIDENCE_ACCUSED,2026-12-01,13:22,13:30,13:22,13:52,ADV-530,5.83,Defence evidence → reference gap 14 days. Tue 01 Dec has room (131 of 386 min),ADJOURNED
ST/2705/2022,KL-002705-2022,EVIDENCE_COMPLAINANT,2026-12-01,13:30,14:00,13:30,14:00,ADV-393,4.75,Complainant evidence → reference gap 14 days. Tue 01 Dec has room (158 of 386 min),ADJOURNED
ST/559/2022,KL-000559-2022,EVIDENCE_ACCUSED,2026-12-01,14:00,14:10,14:00,14:30,ADV-212,4.51,Defence evidence → reference gap 14 days. Tue 01 Dec has room (83 of 386 min),ADJOURNED
ST/2129/2022,KL-002129-2022,EVIDENCE_ACCUSED,2026-12-01,14:10,14:18,14:10,14:40,ADV-853,4.75,Defence evidence → reference gap 14 days. Tue 01 Dec has room (45 of 386 min),ADJOURNED
ST/448/2022,KL-000448-2022,JUDGEMENT,2026-12-01,14:18,14:50,14:18,14:48,ADV-711,4.33,"4+ year case due within 30 days, judgement likely to proceed (99%), waiting 68 days",DISPOSED
ST/515/2022,KL-000515-2022,JUDGEMENT,2026-12-01,14:50,15:23,14:50,15:20,ADV-332,4.33,"4+ year case due within 30 days, judgement likely to proceed (99%), waiting 68 days",DISPOSED
ST/671/2022,KL-000671-2022,JUDGEMENT,2026-12-01,15:23,15:55,15:23,15:53,ADV-182,4.33,"4+ year case due within 30 days, judgement likely to proceed (99%), waiting 68 days",DISPOSED
ST/683/2022,KL-000683-2022,JUDGEMENT,2026-12-01,15:55,16:27,15:55,16:25,ADV-272,4.33,"4+ year case due within 30 days, judgement likely to proceed (99%), waiting 68 days",DISPOSED
ST/38/2021,KL-000038-2021,JUDGEMENT,2026-12-01,16:27,17:00,16:27,16:57,ADV-195,5.07,Not reached on Tue 24 Nov; earliest day with room. Tue 01 Dec has room (222 of 386 min),DISPOSED
ST/333/2017,KL-000333-2017,ARGUMENTS,2026-12-01,17:00,17:06,17:00,17:30,ADV-313,9.30,Not reached on Tue 24 Nov; earliest day with room. Tue 01 Dec has room (228 of 386 min),ADJOURNED
ST/791/2020,KL-000791-2020,ARGUMENTS,2026-12-01,17:06,17:13,17:06,17:36,ADV-142,6.74,Not reached on Tue 24 Nov; earliest day with room. Tue 01 Dec has room (234 of 386 min),ADJOURNED
ST/223/2020,KL-000223-2020,ARGUMENTS,2026-12-01,17:13,17:19,17:13,17:43,ADV-978,6.36,Not reached on Tue 24 Nov; earliest day with room. Tue 01 Dec has room (240 of 386 min),ADJOURNED
ST/1211/2022,KL-001211-2022,JUDGEMENT,2026-12-01,17:19,17:51,17:19,17:49,ADV-191,4.18,Judgement → reference gap 21 days. Tue 01 Dec has room (30 of 386 min),DISPOSED
ST/2052/2017,KL-002052-2017,ARGUMENTS,2026-12-01,17:51,17:58,17:51,18:21,ADV-191,9.30,Arguments → reference gap 14 days. Tue 01 Dec has room (178 of 386 min); ADV-191 already listed,ADJOURNED
ST/2633/2017,KL-002633-2017,ARGUMENTS,2026-12-01,17:58,18:04,17:58,18:28,ADV-657,9.54,Arguments → reference gap 14 days. Tue 01 Dec has room (111 of 386 min),ADJOURNED
ST/380/2021,KL-000380-2021,ARGUMENTS,2026-12-01,18:04,18:10,18:04,18:34,ADV-498,5.83,Arguments → reference gap 14 days. Tue 01 Dec has room (124 of 386 min),ADJOURNED
ST/2895/2021,KL-002895-2021,ARGUMENTS,2026-12-01,18:10,18:16,18:10,18:40,ADV-679,5.83,Arguments → reference gap 14 days. Tue 01 Dec has room (183 of 386 min),NOT_REACHED
ST/2882/2017,KL-002882-2017,REPORTS,2026-12-02,10:00,10:04,10:00,10:10,ADV-1244,9.04,"4+ year case due within 30 days, 9.0 years old, waiting 69 days",MOVED_FORWARD
ST/2956/2017,KL-002956-2017,REPORTS,2026-12-02,10:04,10:08,10:04,10:14,ADV-895,9.78,"4+ year case due within 30 days, 9.8 years old, waiting 69 days",ADJOURNED
ST/32/2020,KL-000032-2020,REPORTS,2026-12-02,10:08,10:12,10:08,10:18,ADV-344,6.74,"4+ year case due within 30 days, 6.7 years old, waiting 69 days",ADJOURNED
ST/1813/2022,KL-001813-2022,EVIDENCE_ACCUSED,2026-12-02,10:12,10:20,10:12,10:42,ADV-664,4.64,"4+ year case due within 30 days, 4.6 years old, waiting 69 days",ADJOURNED
ST/2034/2022,KL-002034-2022,EVIDENCE_ACCUSED,2026-12-02,10:20,10:28,10:20,10:50,ADV-184,4.64,"4+ year case due within 30 days, 4.6 years old, waiting 69 days",ADJOURNED
ST/2112/2022,KL-002112-2022,EVIDENCE_ACCUSED,2026-12-02,10:28,10:36,10:28,10:58,ADV-873,4.64,"4+ year case due within 30 days, 4.6 years old, waiting 69 days",ADJOURNED
ST/2280/2022,KL-002280-2022,EVIDENCE_ACCUSED,2026-12-02,10:36,10:44,10:36,11:06,ADV-250,4.64,"4+ year case due within 30 days, 4.6 years old, waiting 69 days",MOVED_FORWARD
ST/2438/2022,KL-002438-2022,EVIDENCE_ACCUSED,2026-12-02,10:44,10:52,10:44,11:14,ADV-016,4.64,"4+ year case due within 30 days, 4.6 years old, waiting 69 days",ADJOURNED
ST/1155/2017,KL-001155-2017,EVIDENCE_ACCUSED,2026-12-02,10:52,11:01,10:52,11:22,ADV-286,9.30,Defence evidence → reference gap 14 days. Wed 02 Dec has room (67 of 386 min),MOVED_FORWARD
ST/2036/2021,KL-002036-2021,EVIDENCE_COMPLAINANT,2026-12-02,11:01,11:14,11:01,11:31,ADV-286,4.92,Complainant evidence → reference gap 14 days. Wed 02 Dec has room (79 of 386 min); ADV-286 already listed,ADJOURNED
ST/2114/2017,KL-002114-2017,EVIDENCE_ACCUSED,2026-12-02,11:14,11:21,11:14,11:44,ADV-032,9.54,Defence evidence → reference gap 14 days. Wed 02 Dec has room (115 of 386 min),ADJOURNED
ST/700/2020,KL-000700-2020,EVIDENCE_ACCUSED,2026-12-02,11:21,11:29,11:21,11:51,ADV-958,6.74,Defence evidence → reference gap 14 days. Wed 02 Dec has room (178 of 386 min); ADV-958 already listed,ADJOURNED
ST/133/2020,KL-000133-2020,EVIDENCE_ACCUSED,2026-12-02,11:29,11:36,11:29,11:59,ADV-958,6.74,Defence evidence → reference gap 14 days. Wed 02 Dec has room (171 of 386 min),ADJOURNED
ST/1194/2020,KL-001194-2020,EVIDENCE_ACCUSED,2026-12-02,11:36,11:44,11:36,12:06,ADV-050,6.37,Defence evidence → reference gap 14 days. Wed 02 Dec has room (31 of 386 min),DISPOSED
ST/1595/2020,KL-001595-2020,EVIDENCE_ACCUSED,2026-12-02,11:44,11:52,11:44,12:14,ADV-778,6.37,Defence evidence → reference gap 14 days. Wed 02 Dec has room (86 of 386 min),ADJOURNED
ST/2774/2020,KL-002774-2020,EVIDENCE_ACCUSED,2026-12-02,11:52,11:59,11:52,12:22,ADV-031,6.37,Defence evidence → reference gap 14 days. Wed 02 Dec has room (38 of 386 min),ADJOURNED
ST/2725/2022,KL-002725-2022,EVIDENCE_COMPLAINANT,2026-12-02,11:59,12:15,11:59,12:29,ADV-271,4.51,Complainant evidence → reference gap 14 days. Wed 02 Dec has room (59 of 386 min),ADJOURNED
ST/1578/2022,KL-001578-2022,EVIDENCE_COMPLAINANT,2026-12-02,12:15,12:30,12:15,12:45,ADV-252,4.51,Complainant evidence → reference gap 14 days. Wed 02 Dec has room (192 of 386 min),ADJOURNED
ST/2621/2021,KL-002621-2021,EVIDENCE_COMPLAINANT,2026-12-02,12:30,12:42,12:30,13:00,ADV-028,4.92,Complainant evidence → reference gap 14 days. Wed 02 Dec has room (142 of 386 min),MOVED_FORWARD
ST/2804/2022,KL-002804-2022,EVIDENCE_COMPLAINANT,2026-12-02,12:42,12:54,12:42,13:12,ADV-1174,4.75,Complainant evidence → reference gap 14 days. Wed 02 Dec has room (164 of 386 min),ADJOURNED
ST/1548/2021,KL-001548-2021,EVIDENCE_ACCUSED,2026-12-02,12:54,13:01,12:54,13:24,ADV-1062,4.92,Defence evidence → reference gap 14 days. Wed 02 Dec has room (45 of 386 min),ADJOURNED
ST/2440/2022,KL-002440-2022,EVIDENCE_COMPLAINANT,2026-12-02,13:01,13:13,13:01,13:31,ADV-702,4.75,Complainant evidence → reference gap 14 days. Wed 02 Dec has room (108 of 386 min),ADJOURNED
ST/2711/2022,KL-002711-2022,EVIDENCE_COMPLAINANT,2026-12-02,13:13,13:24,13:13,13:43,ADV-345,4.75,Complainant evidence → reference gap 14 days. Wed 02 Dec has room (152 of 386 min),ADJOURNED
ST/692/2022,KL-000692-2022,EVIDENCE_ACCUSED,2026-12-02,13:24,13:30,13:24,13:54,ADV-790,4.51,Defence evidence → reference gap 14 days. Wed 02 Dec has room (124 of 386 min),ADJOURNED
ST/1863/2021,KL-001863-2021,EVIDENCE_ACCUSED,2026-12-02,14:00,14:08,14:00,14:30,ADV-1124,4.92,Defence evidence → reference gap 14 days. Wed 02 Dec has room (132 of 386 min),ADJOURNED
ST/2457/2021,KL-002457-2021,EVIDENCE_ACCUSED,2026-12-02,14:08,14:16,14:08,14:38,ADV-202,4.92,Defence evidence → reference gap 14 days. Wed 02 Dec has room (199 of 386 min),ADJOURNED
ST/684/2022,KL-000684-2022,JUDGEMENT,2026-12-02,14:16,14:49,14:16,14:46,ADV-719,4.33,"4+ year case due within 30 days, judgement likely to proceed (99%), waiting 69 days",DISPOSED
ST/776/2022,KL-000776-2022,JUDGEMENT,2026-12-02,14:49,15:21,14:49,15:19,ADV-238,4.33,"4+ year case due within 30 days, judgement likely to proceed (99%), waiting 69 days",DISPOSED
ST/1054/2022,KL-001054-2022,JUDGEMENT,2026-12-02,15:21,15:53,15:21,15:51,ADV-1021,4.33,"4+ year case due within 30 days, judgement likely to proceed (99%), waiting 69 days",DISPOSED
ST/1083/2022,KL-001083-2022,JUDGEMENT,2026-12-02,15:53,16:26,15:53,16:23,ADV-970,4.33,"4+ year case due within 30 days, judgement likely to proceed (99%), waiting 69 days",DISPOSED
ST/153/2017,KL-000153-2017,JUDGEMENT,2026-12-02,16:26,16:52,16:26,16:56,ADV-248,9.54,Judgement → reference gap 21 days. Wed 02 Dec has room (24 of 386 min),DISPOSED
ST/1951/2017,KL-001951-2017,ARGUMENTS,2026-12-02,16:52,16:58,16:52,17:22,ADV-417,9.54,Arguments → reference gap 14 days. Wed 02 Dec has room (92 of 386 min),MOVED_FORWARD
ST/2796/2017,KL-002796-2017,ARGUMENTS,2026-12-02,16:58,17:05,16:58,17:28,ADV-258,9.54,Arguments → reference gap 14 days. Wed 02 Dec has room (217 of 386 min),ADJOURNED
ST/442/2017,KL-000442-2017,ARGUMENTS,2026-12-02,17:05,17:11,17:05,17:35,ADV-031,9.30,Arguments → reference gap 14 days. Wed 02 Dec has room (205 of 386 min); ADV-031 already listed,ADJOURNED
ST/87/2020,KL-000087-2020,ARGUMENTS,2026-12-02,17:11,17:18,17:11,17:41,ADV-229,6.74,Arguments → reference gap 14 days. Wed 02 Dec has room (98 of 386 min),ADJOURNED
ST/2266/2020,KL-002266-2020,ARGUMENTS,2026-12-02,17:18,17:24,17:18,17:48,ADV-1119,6.74,Arguments → reference gap 14 days. Wed 02 Dec has room (211 of 386 min),ADJOURNED
ST/78/2020,KL-000078-2020,REPORTS,2026-12-03,10:00,10:04,10:00,10:10,ADV-1027,6.74,"4+ year case due within 30 days, 6.7 years old, waiting 70 days",ADJOURNED
ST/363/2020,KL-000363-2020,REPORTS,2026-12-03,10:04,10:08,10:04,10:14,ADV-059,6.74,"4+ year case due within 30 days, 6.7 years old, waiting 70 days",ADJOURNED
ST/412/2020,KL-000412-2020,REPORTS,2026-12-03,10:08,10:12,10:08,10:18,ADV-1244,6.74,"4+ year case due within 30 days, 6.7 years old, waiting 70 days",ADJOURNED
ST/567/2020,KL-000567-2020,REPORTS,2026-12-03,10:12,10:16,10:12,10:22,ADV-532,6.74,"4+ year case due within 30 days, 6.7 years old, waiting 70 days",ADJOURNED
ST/976/2020,KL-000976-2020,REPORTS,2026-12-03,10:16,10:19,10:16,10:26,ADV-874,6.74,"4+ year case due within 30 days, 6.7 years old, waiting 70 days",ADJOURNED
ST/2468/2022,KL-002468-2022,EVIDENCE_ACCUSED,2026-12-03,10:19,10:28,10:19,10:49,ADV-421,4.65,"4+ year case due within 30 days, 4.6 years old, waiting 70 days",ADJOURNED
ST/2659/2022,KL-002659-2022,EVIDENCE_ACCUSED,2026-12-03,10:28,10:36,10:28,10:58,ADV-658,4.65,"4+ year case due within 30 days, 4.6 years old, waiting 70 days",ADJOURNED
ST/2817/2022,KL-002817-2022,EVIDENCE_ACCUSED,2026-12-03,10:36,10:44,10:36,11:06,ADV-514,4.65,"4+ year case due within 30 days, 4.6 years old, waiting 70 days",ADJOURNED
ST/2932/2022,KL-002932-2022,EVIDENCE_ACCUSED,2026-12-03,10:44,10:52,10:44,11:14,ADV-685,4.65,"4+ year case due within 30 days, 4.6 years old, waiting 70 days",ADJOURNED
ST/241/2022,KL-000241-2022,EVIDENCE_ACCUSED,2026-12-03,10:52,11:01,10:52,11:22,ADV-264,4.21,"4+ year case due within 30 days, waiting 70 days, 4.2 years old",ADJOURNED
ST/1708/2017,KL-001708-2017,EVIDENCE_ACCUSED,2026-12-03,11:01,11:09,11:01,11:31,ADV-691,9.54,Defence evidence → reference gap 14 days. Thu 03 Dec has room (33 of 386 min); ADV-691 already listed,ADJOURNED
ST/2305/2017,KL-002305-2017,EVIDENCE_ACCUSED,2026-12-03,11:09,11:18,11:09,11:39,ADV-295,9.54,Defence evidence → reference gap 14 days. Thu 03 Dec has room (40 of 386 min),ADJOURNED
ST/226/2017,KL-000226-2017,EVIDENCE_ACCUSED,2026-12-03,11:18,11:26,11:18,11:48,ADV-973,9.31,Defence evidence → reference gap 14 days. Thu 03 Dec has room (194 of 386 min),ADJOURNED
ST/172/2020,KL-000172-2020,EVIDENCE_COMPLAINANT,2026-12-03,11:26,11:37,11:26,11:56,ADV-1183,6.74,Complainant evidence → reference gap 14 days. Thu 03 Dec has room (128 of 386 min),MOVED_FORWARD
ST/581/2020,KL-000581-2020,EVIDENCE_ACCUSED,2026-12-03,11:37,11:45,11:37,12:07,ADV-1111,6.74,Defence evidence → reference gap 14 days. Thu 03 Dec has room (135 of 386 min),ADJOURNED
ST/218/2020,KL-000218-2020,EVIDENCE_ACCUSED,2026-12-03,11:45,11:52,11:45,12:15,ADV-542,6.74,Defence evidence → reference gap 14 days. Thu 03 Dec has room (78 of 386 min),ADJOURNED
ST/910/2020,KL-000910-2020,EVIDENCE_ACCUSED,2026-12-03,11:52,11:59,11:52,12:22,ADV-1142,6.74,Defence evidence → reference gap 14 days. Thu 03 Dec has room (201 of 386 min),ADJOURNED
ST/1684/2022,KL-001684-2022,EVIDENCE_COMPLAINANT,2026-12-03,11:59,12:15,11:59,12:29,ADV-088,4.51,Complainant evidence → reference gap 14 days. Thu 03 Dec has room (215 of 386 min),MOVED_FORWARD
ST/639/2022,KL-000639-2022,EVIDENCE_COMPLAINANT,2026-12-03,12:15,12:31,12:15,12:45,ADV-105,4.51,Complainant evidence → reference gap 14 days. Thu 03 Dec has room (54 of 386 min),ADJOURNED
ST/1701/2021,KL-001701-2021,EVIDENCE_ACCUSED,2026-12-03,12:31,12:39,12:31,13:01,ADV-1120,5.83,Defence evidence → reference gap 14 days. Thu 03 Dec has room (93 of 386 min),MOVED_FORWARD
ST/1011/2021,KL-001011-2021,EVIDENCE_ACCUSED,2026-12-03,12:39,12:47,12:39,13:09,ADV-445,5.83,Defence evidence → reference gap 14 days. Thu 03 Dec has room (85 of 386 min),ADJOURNED
ST/2525/2022,KL-002525-2022,EVIDENCE_COMPLAINANT,2026-12-03,12:47,12:59,12:47,13:17,ADV-773,4.75,Complainant evidence → reference gap 14 days. Thu 03 Dec has room (71 of 386 min),MOVED_FORWARD
ST/2795/2022,KL-002795-2022,EVIDENCE_COMPLAINANT,2026-12-03,12:59,13:12,12:59,13:29,ADV-509,4.75,Complainant evidence → reference gap 14 days. Thu 03 Dec has room (117 of 386 min),ADJOURNED
ST/2964/2022,KL-002964-2022,EVIDENCE_COMPLAINANT,2026-12-03,13:12,13:24,13:12,13:42,ADV-351,4.75,Complainant evidence → reference gap 14 days. Thu 03 Dec has room (186 of 386 min),MOVED_FORWARD
ST/1133/2022,KL-001133-2022,EVIDENCE_ACCUSED,2026-12-03,13:24,13:30,13:24,13:54,ADV-921,4.51,Defence evidence → reference gap 14 days. Thu 03 Dec has room (144 of 386 min),ADJOURNED
ST/518/2022,KL-000518-2022,EVIDENCE_COMPLAINANT,2026-12-03,14:00,14:10,14:00,14:30,ADV-1138,4.75,Complainant evidence → reference gap 14 days. Thu 03 Dec has room (232 of 386 min),ADJOURNED
ST/2149/2021,KL-002149-2021,EVIDENCE_ACCUSED,2026-12-03,14:10,14:18,14:10,14:40,ADV-467,4.92,Defence evidence → reference gap 14 days. Thu 03 Dec has room (157 of 386 min),ADJOURNED
ST/513/2021,KL-000513-2021,EVIDENCE_ACCUSED,2026-12-03,14:18,14:26,14:18,14:48,ADV-162,4.92,Defence evidence → reference gap 14 days. Thu 03 Dec has room (223 of 386 min),ADJOURNED
ST/36/2022,KL-000036-2022,EVIDENCE_ACCUSED,2026-12-03,14:26,14:34,14:26,14:56,ADV-1205,4.75,Defence evidence → reference gap 14 days. Thu 03 Dec has room (100 of 386 min),ADJOURNED
ST/1269/2022,KL-001269-2022,JUDGEMENT,2026-12-03,14:34,15:06,14:34,15:04,ADV-057,4.33,"4+ year case due within 30 days, judgement likely to proceed (99%), waiting 70 days",DISPOSED
ST/1295/2022,KL-001295-2022,JUDGEMENT,2026-12-03,15:06,15:38,15:06,15:36,ADV-1169,4.33,"4+ year case due within 30 days, judgement likely to proceed (99%), waiting 70 days",DISPOSED
ST/1376/2022,KL-001376-2022,JUDGEMENT,2026-12-03,15:38,16:10,15:38,16:08,ADV-737,4.33,"4+ year case due within 30 days, judgement likely to proceed (99%), waiting 70 days",DISPOSED
ST/1507/2017,KL-001507-2017,JUDGEMENT,2026-12-03,16:10,16:37,16:10,16:40,ADV-366,9.54,Judgement → reference gap 21 days. Thu 03 Dec has room (25 of 386 min),DISPOSED
ST/2894/2017,KL-002894-2017,ARGUMENTS,2026-12-03,16:37,16:44,16:37,17:07,ADV-409,9.54,Arguments → reference gap 14 days. Thu 03 Dec has room (106 of 386 min),ADJOURNED
ST/1601/2017,KL-001601-2017,ARGUMENTS,2026-12-03,16:44,16:50,16:44,17:14,ADV-1246,9.31,Arguments → reference gap 14 days. Thu 03 Dec has room (163 of 386 min),NOT_REACHED
ST/2708/2017,KL-002708-2017,ARGUMENTS,2026-12-03,16:50,16:57,16:50,17:20,ADV-405,9.31,Arguments → reference gap 14 days. Thu 03 Dec has room (169 of 386 min),NOT_REACHED
ST/1041/2020,KL-001041-2020,ARGUMENTS,2026-12-03,16:57,17:03,16:57,17:27,ADV-415,6.37,Arguments → reference gap 14 days. Thu 03 Dec has room (175 of 386 min); ADV-415 already listed,NOT_REACHED
ST/2333/2021,KL-002333-2021,ARGUMENTS,2026-12-03,17:03,17:10,17:03,17:33,ADV-493,5.83,Arguments → reference gap 14 days. Thu 03 Dec has room (60 of 386 min),NOT_REACHED
ST/1429/2021,KL-001429-2021,ARGUMENTS,2026-12-03,17:10,17:16,17:10,17:40,ADV-972,5.83,Arguments → reference gap 14 days. Thu 03 Dec has room (150 of 386 min),NOT_REACHED
ST/127/2021,KL-000127-2021,ARGUMENTS,2026-12-03,17:16,17:22,17:16,17:46,ADV-1049,4.96,Arguments → reference gap 14 days. Thu 03 Dec has room (238 of 386 min),NOT_REACHED
ST/1257/2020,KL-001257-2020,REPORTS,2026-12-04,10:00,10:04,10:00,10:10,ADV-412,6.75,"4+ year case due within 30 days, 6.7 years old, waiting 71 days",ADJOURNED
ST/1503/2020,KL-001503-2020,REPORTS,2026-12-04,10:04,10:08,10:04,10:14,ADV-1257,6.75,"4+ year case due within 30 days, 6.7 years old, waiting 71 days",ADJOURNED
ST/1512/2020,KL-001512-2020,REPORTS,2026-12-04,10:08,10:12,10:08,10:18,ADV-658,6.75,"4+ year case due within 30 days, 6.7 years old, waiting 71 days",ADJOURNED
ST/256/2022,KL-000256-2022,EVIDENCE_ACCUSED,2026-12-04,10:12,10:20,10:12,10:42,ADV-238,4.21,"4+ year case due within 30 days, waiting 71 days, 4.2 years old",ADJOURNED
ST/306/2022,KL-000306-2022,EVIDENCE_ACCUSED,2026-12-04,10:20,10:29,10:20,10:50,ADV-321,4.21,"4+ year case due within 30 days, waiting 71 days, 4.2 years old",ADJOURNED
ST/329/2022,KL-000329-2022,EVIDENCE_ACCUSED,2026-12-04,10:29,10:37,10:29,10:59,ADV-495,4.21,"4+ year case due within 30 days, waiting 71 days, 4.2 years old",ADJOURNED
ST/408/2022,KL-000408-2022,EVIDENCE_ACCUSED,2026-12-04,10:37,10:46,10:37,11:07,ADV-805,4.21,"4+ year case due within 30 days, waiting 71 days, 4.2 years old",ADJOURNED
ST/2693/2017,KL-002693-2017,EVIDENCE_ACCUSED,2026-12-04,10:46,10:54,10:46,11:16,ADV-1117,9.54,Defence evidence → reference gap 14 days. Fri 04 Dec has room (85 of 386 min),ADJOURNED
ST/359/2020,KL-000359-2020,EVIDENCE_ACCUSED,2026-12-04,10:54,11:02,10:54,11:24,ADV-237,6.74,Defence evidence → reference gap 14 days. Fri 04 Dec has room (93 of 386 min),ADJOURNED
ST/2141/2020,KL-002141-2020,EVIDENCE_ACCUSED,2026-12-04,11:02,11:11,11:02,11:32,ADV-476,6.37,Defence evidence → reference gap 14 days. Fri 04 Dec has room (45 of 386 min),ADJOURNED
ST/977/2020,KL-000977-2020,EVIDENCE_ACCUSED,2026-12-04,11:11,11:18,11:11,11:41,ADV-812,6.74,Defence evidence → reference gap 14 days. Fri 04 Dec has room (164 of 386 min),MOVED_FORWARD
ST/826/2020,KL-000826-2020,EVIDENCE_ACCUSED,2026-12-04,11:18,11:26,11:18,11:48,ADV-1139,6.74,Defence evidence → reference gap 14 days. Fri 04 Dec has room (215 of 386 min),ADJOURNED
ST/745/2022,KL-000745-2022,EVIDENCE_COMPLAINANT,2026-12-04,11:26,11:42,11:26,11:56,ADV-305,4.52,Complainant evidence → reference gap 14 days. Fri 04 Dec has room (108 of 386 min),ADJOURNED
ST/2809/2022,KL-002809-2022,EVIDENCE_COMPLAINANT,2026-12-04,11:42,11:58,11:42,12:12,ADV-608,4.52,Complainant evidence → reference gap 14 days. Fri 04 Dec has room (77 of 386 min),ADJOURNED
ST/1617/2022,KL-001617-2022,EVIDENCE_COMPLAINANT,2026-12-04,11:58,12:14,11:58,12:28,ADV-369,4.52,Complainant evidence → reference gap 14 days. Fri 04 Dec has room (230 of 386 min),ADJOURNED
ST/618/2021,KL-000618-2021,EVIDENCE_ACCUSED,2026-12-04,12:14,12:22,12:14,12:44,ADV-516,5.83,Defence evidence → reference gap 14 days. Fri 04 Dec has room (37 of 386 min); ADV-516 already listed,MOVED_FORWARD
ST/2919/2021,KL-002919-2021,EVIDENCE_COMPLAINANT,2026-12-04,12:22,12:35,12:22,12:52,ADV-859,4.93,Complainant evidence → reference gap 14 days. Fri 04 Dec has room (119 of 386 min),ADJOURNED
ST/1599/2021,KL-001599-2021,EVIDENCE_COMPLAINANT,2026-12-04,12:35,12:46,12:35,13:05,ADV-1204,4.93,Complainant evidence → reference gap 14 days. Fri 04 Dec has room (56 of 386 min),ADJOURNED
ST/2418/2021,KL-002418-2021,EVIDENCE_ACCUSED,2026-12-04,12:46,12:54,12:46,13:16,ADV-215,5.83,Defence evidence → reference gap 14 days. Fri 04 Dec has room (63 of 386 min); ADV-215 already listed,ADJOURNED
ST/1459/2021,KL-001459-2021,EVIDENCE_ACCUSED,2026-12-04,12:54,13:02,12:54,13:24,ADV-147,5.83,Defence evidence → reference gap 14 days. Fri 04 Dec has room (171 of 386 min),ADJOURNED
ST/2492/2021,KL-002492-2021,EVIDENCE_ACCUSED,2026-12-04,13:02,13:10,13:02,13:32,ADV-987,5.83,Defence evidence → reference gap 14 days. Fri 04 Dec has room (178 of 386 min),ADJOURNED
ST/2826/2021,KL-002826-2021,EVIDENCE_COMPLAINANT,2026-12-04,13:10,13:22,13:10,13:40,ADV-673,4.93,Complainant evidence → reference gap 14 days. Fri 04 Dec has room (247 of 386 min); ADV-673 already listed,MOVED_FORWARD
ST/2888/2022,KL-002888-2022,EVIDENCE_COMPLAINANT,2026-12-04,13:22,13:30,13:22,13:52,ADV-213,4.76,Complainant evidence → reference gap 14 days. Fri 04 Dec has room (146 of 386 min),ADJOURNED
ST/2982/2022,KL-002982-2022,EVIDENCE_COMPLAINANT,2026-12-04,14:00,14:11,14:00,14:30,ADV-997,4.76,Complainant evidence → reference gap 14 days. Fri 04 Dec has room (157 of 386 min),MOVED_FORWARD
ST/45/2022,KL-000045-2022,EVIDENCE_COMPLAINANT,2026-12-04,14:11,14:22,14:11,14:41,ADV-239,4.76,Complainant evidence → reference gap 14 days. Fri 04 Dec has room (188 of 386 min),ADJOURNED
ST/659/2021,KL-000659-2021,EVIDENCE_ACCUSED,2026-12-04,14:22,14:30,14:22,14:52,ADV-422,4.96,Defence evidence → reference gap 14 days. Fri 04 Dec has room (201 of 386 min),ADJOURNED
ST/1027/2021,KL-001027-2021,EVIDENCE_ACCUSED,2026-12-04,14:30,14:38,14:30,15:00,ADV-265,4.96,Defence evidence → reference gap 14 days. Fri 04 Dec has room (208 of 386 min),ADJOURNED
ST/1440/2022,KL-001440-2022,JUDGEMENT,2026-12-04,14:38,15:10,14:38,15:08,ADV-397,4.34,"4+ year case due within 30 days, judgement likely to proceed (99%), waiting 71 days",DISPOSED
ST/1448/2022,KL-001448-2022,JUDGEMENT,2026-12-04,15:10,15:42,15:10,15:40,ADV-240,4.34,"4+ year case due within 30 days, judgement likely to proceed (99%), waiting 71 days",DISPOSED
ST/1784/2022,KL-001784-2022,JUDGEMENT,2026-12-04,15:42,16:15,15:42,16:12,ADV-953,4.34,"4+ year case due within 30 days, judgement likely to proceed (99%), waiting 71 days",DISPOSED
ST/2359/2022,KL-002359-2022,JUDGEMENT,2026-12-04,16:15,16:47,16:15,16:45,ADV-084,4.18,Judgement → reference gap 21 days. Fri 04 Dec has room (30 of 386 min),DISPOSED
ST/2127/2017,KL-002127-2017,ARGUMENTS,2026-12-04,16:47,16:53,16:47,17:17,ADV-313,9.31,Arguments → reference gap 14 days. Fri 04 Dec has room (125 of 386 min),ADJOURNED
ST/2833/2017,KL-002833-2017,ARGUMENTS,2026-12-04,16:53,17:00,16:53,17:23,ADV-1037,9.31,Arguments → reference gap 14 days. Fri 04 Dec has room (253 of 386 min),ADJOURNED
ST/943/2017,KL-000943-2017,ARGUMENTS,2026-12-04,17:00,17:06,17:00,17:30,ADV-1170,9.54,Arguments → reference gap 14 days. Fri 04 Dec has room (131 of 386 min),ADJOURNED
ST/2155/2020,KL-002155-2020,ARGUMENTS,2026-12-04,17:06,17:12,17:06,17:36,ADV-1010,6.37,Arguments → reference gap 14 days. Fri 04 Dec has room (136 of 386 min),ADJOURNED
ST/906/2020,KL-000906-2020,ARGUMENTS,2026-12-04,17:12,17:18,17:12,17:42,ADV-962,6.37,Arguments → reference gap 14 days. Fri 04 Dec has room (194 of 386 min),ADJOURNED
ST/1502/2021,KL-001502-2021,ARGUMENTS,2026-12-04,17:18,17:24,17:18,17:48,ADV-673,5.83,Arguments → reference gap 14 days. Fri 04 Dec has room (236 of 386 min),ADJOURNED
ST/356/2017,KL-000356-2017,REPORTS,2026-12-07,10:00,10:04,10:00,10:10,ADV-556,9.79,Reports → reference gap 45 days. Mon 07 Dec has room (4 of 386 min),ADJOURNED
ST/1839/2020,KL-001839-2020,REPORTS,2026-12-07,10:04,10:08,10:04,10:14,ADV-1072,6.75,"4+ year case due within 30 days, 6.8 years old, waiting 74 days",ADJOURNED
ST/2241/2020,KL-002241-2020,REPORTS,2026-12-07,10:08,10:12,10:08,10:18,ADV-443,6.75,"4+ year case due within 30 days, 6.8 years old, waiting 74 days",ADJOURNED
ST/2299/2020,KL-002299-2020,REPORTS,2026-12-07,10:12,10:16,10:12,10:22,ADV-215,6.75,"4+ year case due within 30 days, 6.8 years old, waiting 74 days",ADJOURNED
ST/2315/2020,KL-002315-2020,REPORTS,2026-12-07,10:16,10:19,10:16,10:26,ADV-516,6.75,"4+ year case due within 30 days, 6.8 years old, waiting 74 days",ADJOURNED
ST/2394/2020,KL-002394-2020,REPORTS,2026-12-07,10:19,10:23,10:19,10:29,ADV-1033,6.75,"4+ year case due within 30 days, 6.8 years old, waiting 74 days",ADJOURNED
ST/2703/2020,KL-002703-2020,REPORTS,2026-12-07,10:23,10:27,10:23,10:33,ADV-350,6.75,"4+ year case due within 30 days, 6.8 years old, waiting 74 days",ADJOURNED
ST/2747/2020,KL-002747-2020,REPORTS,2026-12-07,10:27,10:31,10:27,10:37,ADV-546,6.75,"4+ year case due within 30 days, 6.8 years old, waiting 74 days",ADJOURNED
ST/457/2022,KL-000457-2022,EVIDENCE_ACCUSED,2026-12-07,10:31,10:40,10:31,11:01,ADV-946,4.22,"4+ year case due within 30 days, waiting 74 days, 4.2 years old",ADJOURNED
ST/462/2022,KL-000462-2022,EVIDENCE_ACCUSED,2026-12-07,10:40,10:48,10:40,11:10,ADV-1191,4.22,"4+ year case due within 30 days, waiting 74 days, 4.2 years old",ADJOURNED
ST/522/2022,KL-000522-2022,EVIDENCE_ACCUSED,2026-12-07,10:48,10:57,10:48,11:18,ADV-419,4.22,"4+ year case due within 30 days, waiting 74 days, 4.2 years old",ADJOURNED
ST/528/2022,KL-000528-2022,EVIDENCE_ACCUSED,2026-12-07,10:57,11:05,10:57,11:27,ADV-114,4.22,"4+ year case due within 30 days, waiting 74 days, 4.2 years old",ADJOURNED
ST/752/2022,KL-000752-2022,EVIDENCE_ACCUSED,2026-12-07,11:05,11:14,11:05,11:35,ADV-1007,4.22,"4+ year case due within 30 days, waiting 74 days, 4.2 years old",MOVED_FORWARD
ST/834/2022,KL-000834-2022,EVIDENCE_ACCUSED,2026-12-07,11:14,11:22,11:14,11:44,ADV-832,4.22,"4+ year case due within 30 days, waiting 74 days, 4.2 years old",ADJOURNED
ST/924/2022,KL-000924-2022,EVIDENCE_ACCUSED,2026-12-07,11:22,11:30,11:22,11:52,ADV-526,4.22,"4+ year case due within 30 days, waiting 74 days, 4.2 years old",MOVED_FORWARD
ST/938/2022,KL-000938-2022,EVIDENCE_ACCUSED,2026-12-07,11:30,11:39,11:30,12:00,ADV-596,4.22,"4+ year case due within 30 days, waiting 74 days, 4.2 years old",ADJOURNED
ST/952/2017,KL-000952-2017,EVIDENCE_ACCUSED,2026-12-07,11:39,11:47,11:39,12:09,ADV-277,9.32,Defence evidence → reference gap 14 days. Mon 07 Dec has room (94 of 386 min),ADJOURNED
ST/588/2020,KL-000588-2020,EVIDENCE_COMPLAINANT,2026-12-07,11:47,12:01,11:47,12:17,ADV-869,6.75,Complainant evidence → reference gap 14 days. Mon 07 Dec has room (45 of 386 min),ADJOURNED
ST/1842/2020,KL-001842-2020,EVIDENCE_COMPLAINANT,2026-12-07,12:01,12:12,12:01,12:31,ADV-157,6.75,Complainant evidence → reference gap 14 days. Mon 07 Dec has room (171 of 386 min),MOVED_FORWARD
ST/10/2020,KL-000010-2020,EVIDENCE_ACCUSED,2026-12-07,12:12,12:20,12:12,12:42,ADV-1024,6.75,Defence evidence → reference gap 14 days. Mon 07 Dec has room (11 of 386 min); ADV-1024 already listed,ADJOURNED
ST/674/2020,KL-000674-2020,EVIDENCE_ACCUSED,2026-12-07,12:20,12:28,12:20,12:50,ADV-001,6.75,Defence evidence → reference gap 14 days. Mon 07 Dec has room (102 of 386 min),ADJOURNED
ST/1012/2022,KL-001012-2022,EVIDENCE_COMPLAINANT,2026-12-07,12:28,12:44,12:28,12:58,ADV-1116,4.53,Complainant evidence → reference gap 14 days. Mon 07 Dec has room (60 of 386 min),MOVED_FORWARD
ST/1736/2022,KL-001736-2022,EVIDENCE_COMPLAINANT,2026-12-07,12:44,12:59,12:44,13:14,ADV-528,4.53,Complainant evidence → reference gap 14 days. Mon 07 Dec has room (115 of 386 min),ADJOURNED
ST/2168/2021,KL-002168-2021,EVIDENCE_COMPLAINANT,2026-12-07,12:59,13:12,12:59,13:29,ADV-246,4.93,Complainant evidence → reference gap 14 days. Mon 07 Dec has room (71 of 386 min),ADJOURNED
ST/1621/2021,KL-001621-2021,EVIDENCE_ACCUSED,2026-12-07,13:12,13:21,13:12,13:42,ADV-779,5.84,Defence evidence → reference gap 14 days. Mon 07 Dec has room (123 of 386 min); ADV-779 already listed,ADJOURNED
ST/279/2022,KL-000279-2022,EVIDENCE_COMPLAINANT,2026-12-07,13:21,13:30,13:21,13:51,ADV-1252,4.76,Complainant evidence → reference gap 14 days. Mon 07 Dec has room (27 of 386 min); ADV-1252 already listed,ADJOURNED
ST/69/2021,KL-000069-2021,EVIDENCE_ACCUSED,2026-12-07,14:00,14:08,14:00,14:30,ADV-188,4.97,Defence evidence → reference gap 14 days. Mon 07 Dec has room (79 of 386 min),ADJOURNED
ST/619/2022,KL-000619-2022,EVIDENCE_COMPLAINANT,2026-12-07,14:08,14:19,14:08,14:38,ADV-549,4.76,Complainant evidence → reference gap 14 days. Mon 07 Dec has room (133 of 386 min),ADJOURNED
ST/899/2021,KL-000899-2021,EVIDENCE_ACCUSED,2026-12-07,14:19,14:26,14:19,14:49,ADV-383,4.97,Defence evidence → reference gap 14 days. Mon 07 Dec has room (86 of 386 min),ADJOURNED
ST/1588/2021,KL-001588-2021,EVIDENCE_ACCUSED,2026-12-07,14:26,14:35,14:26,14:56,ADV-388,4.97,Defence evidence → reference gap 14 days. Mon 07 Dec has room (153 of 386 min),ADJOURNED
ST/2025/2021,KL-002025-2021,EVIDENCE_ACCUSED,2026-12-07,14:35,14:43,14:35,15:05,ADV-1099,4.97,Defence evidence → reference gap 14 days. Mon 07 Dec has room (160 of 386 min),ADJOURNED
ST/297/2021,KL-000297-2021,EVIDENCE_ACCUSED,2026-12-07,14:43,14:51,14:43,15:13,ADV-267,4.93,Defence evidence → reference gap 14 days. Mon 07 Dec has room (178 of 386 min),ADJOURNED
ST/1810/2022,KL-001810-2022,JUDGEMENT,2026-12-07,14:51,15:23,14:51,15:21,ADV-1016,4.34,"4+ year case due within 30 days, judgement likely to proceed (99%), waiting 74 days",DISPOSED
ST/1832/2022,KL-001832-2022,JUDGEMENT,2026-12-07,15:23,15:55,15:23,15:53,ADV-136,4.34,"4+ year case due within 30 days, judgement likely to proceed (99%), waiting 74 days",DISPOSED
ST/1930/2022,KL-001930-2022,JUDGEMENT,2026-12-07,15:55,16:28,15:55,16:25,ADV-280,4.34,"4+ year case due within 30 days, judgement likely to proceed (99%), waiting 74 days",DISPOSED
ST/1934/2022,KL-001934-2022,JUDGEMENT,2026-12-07,16:28,17:00,16:28,16:58,ADV-1043,4.34,"4+ year case due within 30 days, judgement likely to proceed (99%), waiting 74 days",DISPOSED
ST/2164/2017,KL-002164-2017,ARGUMENTS,2026-12-07,17:00,17:06,17:00,17:30,ADV-1054,9.55,Arguments → reference gap 14 days. Mon 07 Dec has room (33 of 386 min); ADV-1054 already listed,ADJOURNED
ST/1823/2017,KL-001823-2017,ARGUMENTS,2026-12-07,17:06,17:13,17:06,17:36,ADV-1145,9.32,Arguments → reference gap 14 days. Mon 07 Dec has room (139 of 386 min),ADJOURNED
ST/1657/2021,KL-001657-2021,ARGUMENTS,2026-12-07,17:13,17:19,17:13,17:43,ADV-168,4.93,Arguments → reference gap 14 days. Mon 07 Dec has room (17 of 386 min); ADV-168 already listed,ADJOURNED
ST/1055/2021,KL-001055-2021,ARGUMENTS,2026-12-07,17:19,17:25,17:19,17:49,ADV-008,4.97,Arguments → reference gap 14 days. Mon 07 Dec has room (145 of 386 min),ADJOURNED
ST/2914/2020,KL-002914-2020,REPORTS,2026-12-08,10:00,10:04,10:00,10:10,ADV-198,6.76,"4+ year case due within 30 days, 6.8 years old, waiting 75 days",ADJOURNED
ST/2936/2020,KL-002936-2020,REPORTS,2026-12-08,10:04,10:08,10:04,10:14,ADV-358,6.76,"4+ year case due within 30 days, 6.8 years old, waiting 75 days",ADJOURNED
ST/2968/2020,KL-002968-2020,REPORTS,2026-12-08,10:08,10:12,10:08,10:18,ADV-764,6.76,"4+ year case due within 30 days, 6.8 years old, waiting 75 days",ADJOURNED
ST/42/2021,KL-000042-2021,REPORTS,2026-12-08,10:12,10:16,10:12,10:22,ADV-368,5.72,"4+ year case due within 30 days, 5.7 years old, waiting 75 days",ADJOURNED
ST/51/2021,KL-000051-2021,REPORTS,2026-12-08,10:16,10:19,10:16,10:26,ADV-1054,5.72,"4+ year case due within 30 days, 5.7 years old, waiting 75 days",ADJOURNED
ST/234/2021,KL-000234-2021,REPORTS,2026-12-08,10:19,10:23,10:19,10:29,ADV-006,5.72,"4+ year case due within 30 days, 5.7 years old, waiting 75 days",MOVED_FORWARD
ST/2206/2022,KL-002206-2022,APPLICATION_REVIEW,2026-12-08,10:23,10:33,10:23,10:33,ADV-576,4.53,Application review → reference gap 5 days. Tue 08 Dec has room (190 of 386 min),MOVED_FORWARD
ST/975/2022,KL-000975-2022,EVIDENCE_ACCUSED,2026-12-08,10:33,10:42,10:33,11:03,ADV-120,4.22,"4+ year case due within 30 days, waiting 75 days, 4.2 years old",ADJOURNED
ST/1063/2022,KL-001063-2022,EVIDENCE_ACCUSED,2026-12-08,10:42,10:50,10:42,11:12,ADV-797,4.22,"4+ year case due within 30 days, waiting 75 days, 4.2 years old",ADJOURNED
ST/1090/2022,KL-001090-2022,EVIDENCE_ACCUSED,2026-12-08,10:50,10:59,10:50,11:20,ADV-1237,4.22,"4+ year case due within 30 days, waiting 75 days, 4.2 years old",ADJOURNED
ST/1187/2022,KL-001187-2022,EVIDENCE_ACCUSED,2026-12-08,10:59,11:07,10:59,11:29,ADV-335,4.22,"4+ year case due within 30 days, waiting 75 days, 4.2 years old",DISPOSED
ST/1575/2022,KL-001575-2022,EVIDENCE_ACCUSED,2026-12-08,11:07,11:15,11:07,11:37,ADV-897,4.22,"4+ year case due within 30 days, waiting 75 days, 4.2 years old",ADJOURNED
ST/1607/2022,KL-001607-2022,EVIDENCE_ACCUSED,2026-12-08,11:15,11:24,11:15,11:45,ADV-303,4.22,"4+ year case due within 30 days, waiting 75 days, 4.2 years old",MOVED_FORWARD
ST/1612/2022,KL-001612-2022,EVIDENCE_ACCUSED,2026-12-08,11:24,11:32,11:24,11:54,ADV-410,4.22,"4+ year case due within 30 days, waiting 75 days, 4.2 years old",ADJOURNED
ST/1677/2022,KL-001677-2022,EVIDENCE_ACCUSED,2026-12-08,11:32,11:41,11:32,12:02,ADV-701,4.22,"4+ year case due within 30 days, waiting 75 days, 4.2 years old",ADJOURNED
ST/802/2017,KL-000802-2017,EVIDENCE_ACCUSED,2026-12-08,11:41,11:49,11:41,12:11,ADV-733,9.32,Defence evidence → reference gap 14 days. Tue 08 Dec has room (58 of 386 min),ADJOURNED
ST/136/2017,KL-000136-2017,EVIDENCE_ACCUSED,2026-12-08,11:49,11:58,11:49,12:19,ADV-020,9.32,Defence evidence → reference gap 14 days. Tue 08 Dec has room (163 of 386 min),ADJOURNED
ST/1779/2017,KL-001779-2017,EVIDENCE_ACCUSED,2026-12-08,11:58,12:06,11:58,12:28,ADV-135,9.32,Defence evidence → reference gap 14 days. Tue 08 Dec has room (123 of 386 min),ADJOURNED
ST/243/2020,KL-000243-2020,EVIDENCE_ACCUSED,2026-12-08,12:06,12:13,12:06,12:36,ADV-1131,6.75,Defence evidence → reference gap 14 days. Tue 08 Dec has room (7 of 386 min),ADJOURNED
ST/376/2020,KL-000376-2020,EVIDENCE_ACCUSED,2026-12-08,12:13,12:21,12:13,12:43,ADV-637,6.75,Defence evidence → reference gap 14 days. Tue 08 Dec has room (131 of 386 min),ADJOURNED
ST/2453/2020,KL-002453-2020,EVIDENCE_ACCUSED,2026-12-08,12:21,12:29,12:21,12:51,ADV-1063,6.75,Defence evidence → reference gap 14 days. Tue 08 Dec has room (170 of 386 min),ADJOURNED
ST/1461/2022,KL-001461-2022,EVIDENCE_COMPLAINANT,2026-12-08,12:29,12:45,12:29,12:59,ADV-130,4.53,Complainant evidence → reference gap 14 days. Tue 08 Dec has room (43 of 386 min); ADV-130 already listed,ADJOURNED
ST/1414/2022,KL-001414-2022,EVIDENCE_COMPLAINANT,2026-12-08,12:45,13:01,12:45,13:15,ADV-905,4.53,Complainant evidence → reference gap 14 days. Tue 08 Dec has room (73 of 386 min),ADJOURNED
ST/1986/2022,KL-001986-2022,EVIDENCE_COMPLAINANT,2026-12-08,13:01,13:17,13:01,13:31,ADV-065,4.53,Complainant evidence → reference gap 14 days. Tue 08 Dec has room (88 of 386 min),ADJOURNED
ST/71/2022,KL-000071-2022,EVIDENCE_COMPLAINANT,2026-12-08,13:17,13:30,13:17,13:47,ADV-533,4.53,Complainant evidence → reference gap 14 days. Tue 08 Dec has room (21 of 386 min),MOVED_FORWARD
ST/2439/2021,KL-002439-2021,EVIDENCE_ACCUSED,2026-12-08,14:00,14:08,14:00,14:30,ADV-533,4.94,Defence evidence → reference gap 14 days. Tue 08 Dec has room (28 of 386 min); ADV-533 already listed,ADJOURNED
ST/1123/2021,KL-001123-2021,EVIDENCE_ACCUSED,2026-12-08,14:08,14:16,14:08,14:38,ADV-1242,5.85,Defence evidence → reference gap 14 days. Tue 08 Dec has room (96 of 386 min); ADV-1242 already listed,ADJOURNED
ST/1022/2021,KL-001022-2021,EVIDENCE_ACCUSED,2026-12-08,14:16,14:25,14:16,14:46,ADV-060,4.97,Defence evidence → reference gap 14 days. Tue 08 Dec has room (50 of 386 min),ADJOURNED
ST/1351/2022,KL-001351-2022,EVIDENCE_COMPLAINANT,2026-12-08,14:25,14:36,14:25,14:55,ADV-767,4.77,Complainant evidence → reference gap 14 days. Tue 08 Dec has room (181 of 386 min),ADJOURNED
ST/477/2021,KL-000477-2021,EVIDENCE_ACCUSED,2026-12-08,14:36,14:44,14:36,15:06,ADV-691,4.94,Defence evidence → reference gap 14 days. Tue 08 Dec has room (103 of 386 min); ADV-691 already listed,MOVED_FORWARD
ST/1215/2021,KL-001215-2021,EVIDENCE_ACCUSED,2026-12-08,14:44,14:52,14:44,15:14,ADV-864,4.97,Defence evidence → reference gap 14 days. Tue 08 Dec has room (111 of 386 min),MOVED_FORWARD
ST/1411/2022,KL-001411-2022,EVIDENCE_COMPLAINANT,2026-12-08,14:52,15:03,14:52,15:22,ADV-152,4.77,Complainant evidence → reference gap 14 days. Tue 08 Dec has room (147 of 386 min),ADJOURNED
ST/1884/2021,KL-001884-2021,EVIDENCE_ACCUSED,2026-12-08,15:03,15:10,15:03,15:33,ADV-203,4.94,Defence evidence → reference gap 14 days. Tue 08 Dec has room (138 of 386 min),ADJOURNED
ST/514/2022,KL-000514-2022,EVIDENCE_ACCUSED,2026-12-08,15:10,15:19,15:10,15:40,ADV-178,4.30,Defence evidence → reference gap 14 days. Tue 08 Dec has room (155 of 386 min),ADJOURNED
ST/1939/2022,KL-001939-2022,JUDGEMENT,2026-12-08,15:19,15:51,15:19,15:49,ADV-373,4.35,"4+ year case due within 30 days, judgement likely to proceed (99%), waiting 75 days",DISPOSED
ST/2028/2022,KL-002028-2022,JUDGEMENT,2026-12-08,15:51,16:24,15:51,16:21,ADV-122,4.35,"4+ year case due within 30 days, judgement likely to proceed (99%), waiting 75 days",DISPOSED
ST/2122/2022,KL-002122-2022,JUDGEMENT,2026-12-08,16:24,16:56,16:24,16:54,ADV-779,4.35,"4+ year case due within 30 days, judgement likely to proceed (99%), waiting 75 days",DISPOSED
ST/2165/2022,KL-002165-2022,JUDGEMENT,2026-12-08,16:56,17:28,16:56,17:26,ADV-448,4.35,"4+ year case due within 30 days, judgement likely to proceed (99%), waiting 75 days",DISPOSED
ST/2895/2021,KL-002895-2021,ARGUMENTS,2026-12-08,17:28,17:34,17:28,17:58,ADV-679,5.85,Not reached on Tue 01 Dec; earliest day with room. Tue 08 Dec has room (195 of 386 min),ADJOURNED
ST/1911/2021,KL-001911-2021,ARGUMENTS,2026-12-08,17:34,17:40,17:34,18:04,ADV-1193,4.97,Arguments → reference gap 14 days. Tue 08 Dec has room (116 of 386 min),MOVED_FORWARD
ST/247/2021,KL-000247-2021,REPORTS,2026-12-09,10:00,10:04,10:00,10:10,ADV-968,5.72,"4+ year case due within 30 days, 5.7 years old, waiting 76 days",ADJOURNED
ST/493/2021,KL-000493-2021,REPORTS,2026-12-09,10:04,10:08,10:04,10:14,ADV-469,5.72,"4+ year case due within 30 days, 5.7 years old, waiting 76 days",ADJOURNED
ST/1065/2021,KL-001065-2021,REPORTS,2026-12-09,10:08,10:12,10:08,10:18,ADV-954,5.72,"4+ year case due within 30 days, 5.7 years old, waiting 76 days",ADJOURNED
ST/1073/2021,KL-001073-2021,REPORTS,2026-12-09,10:12,10:16,10:12,10:22,ADV-1051,5.72,"4+ year case due within 30 days, 5.7 years old, waiting 76 days",ADJOURNED
ST/1098/2021,KL-001098-2021,REPORTS,2026-12-09,10:16,10:19,10:16,10:26,ADV-185,5.72,"4+ year case due within 30 days, 5.7 years old, waiting 76 days",MOVED_FORWARD
ST/1698/2022,KL-001698-2022,EVIDENCE_ACCUSED,2026-12-09,10:19,10:28,10:19,10:49,ADV-113,4.22,"4+ year case due within 30 days, waiting 76 days, 4.2 years old",ADJOURNED
ST/1935/2022,KL-001935-2022,EVIDENCE_ACCUSED,2026-12-09,10:28,10:36,10:28,10:58,ADV-479,4.22,"4+ year case due within 30 days, waiting 76 days, 4.2 years old",ADJOURNED
ST/1963/2022,KL-001963-2022,EVIDENCE_ACCUSED,2026-12-09,10:36,10:45,10:36,11:06,ADV-1242,4.22,"4+ year case due within 30 days, waiting 76 days, 4.2 years old",ADJOURNED
ST/2063/2022,KL-002063-2022,EVIDENCE_ACCUSED,2026-12-09,10:45,10:53,10:45,11:15,ADV-777,4.22,"4+ year case due within 30 days, waiting 76 days, 4.2 years old",ADJOURNED
ST/2302/2022,KL-002302-2022,EVIDENCE_ACCUSED,2026-12-09,10:53,11:02,10:53,11:23,ADV-1252,4.22,"4+ year case due within 30 days, waiting 76 days, 4.2 years old",ADJOURNED
ST/2330/2022,KL-002330-2022,EVIDENCE_ACCUSED,2026-12-09,11:02,11:10,11:02,11:32,ADV-620,4.22,"4+ year case due within 30 days, waiting 76 days, 4.2 years old",ADJOURNED
ST/1186/2017,KL-001186-2017,EVIDENCE_ACCUSED,2026-12-09,11:10,11:18,11:10,11:40,ADV-721,9.32,Defence evidence → reference gap 14 days. Wed 09 Dec has room (129 of 386 min),ADJOURNED
ST/928/2017,KL-000928-2017,EVIDENCE_ACCUSED,2026-12-09,11:18,11:26,11:18,11:48,ADV-194,9.32,Defence evidence → reference gap 14 days. Wed 09 Dec has room (165 of 386 min),ADJOURNED
ST/2472/2020,KL-002472-2020,EVIDENCE_COMPLAINANT,2026-12-09,11:26,11:38,11:26,11:56,ADV-580,6.76,Complainant evidence → reference gap 14 days. Wed 09 Dec has room (91 of 386 min),ADJOURNED
ST/891/2020,KL-000891-2020,EVIDENCE_COMPLAINANT,2026-12-09,11:38,11:49,11:38,12:08,ADV-715,6.76,Complainant evidence → reference gap 14 days. Wed 09 Dec has room (46 of 386 min); ADV-715 already listed,MOVED_FORWARD
ST/2306/2020,KL-002306-2020,EVIDENCE_ACCUSED,2026-12-09,11:49,11:56,11:49,12:19,ADV-1026,6.76,Defence evidence → reference gap 14 days. Wed 09 Dec has room (172 of 386 min),ADJOURNED
ST/2832/2022,KL-002832-2022,EVIDENCE_COMPLAINANT,2026-12-09,11:56,12:12,11:56,12:26,ADV-196,4.53,Complainant evidence → reference gap 14 days. Wed 09 Dec has room (37 of 386 min); ADV-196 already listed,MOVED_FORWARD
ST/2257/2022,KL-002257-2022,EVIDENCE_COMPLAINANT,2026-12-09,12:12,12:28,12:12,12:42,ADV-076,4.53,Complainant evidence → reference gap 14 days. Wed 09 Dec has room (187 of 386 min),MOVED_FORWARD
ST/1953/2021,KL-001953-2021,EVIDENCE_ACCUSED,2026-12-09,12:28,12:37,12:28,12:58,ADV-987,4.97,Defence evidence → reference gap 14 days. Wed 09 Dec has room (80 of 386 min),ADJOURNED
ST/2005/2022,KL-002005-2022,EVIDENCE_ACCUSED,2026-12-09,12:37,12:47,12:37,13:07,ADV-974,4.53,Defence evidence → reference gap 14 days. Wed 09 Dec has room (100 of 386 min),ADJOURNED
ST/93/2021,KL-000093-2021,EVIDENCE_ACCUSED,2026-12-09,12:47,12:54,12:47,13:17,ADV-907,4.94,Defence evidence → reference gap 14 days. Wed 09 Dec has room (53 of 386 min),ADJOURNED
ST/2591/2021,KL-002591-2021,EVIDENCE_ACCUSED,2026-12-09,12:54,13:02,12:54,13:24,ADV-103,4.97,Defence evidence → reference gap 14 days. Wed 09 Dec has room (108 of 386 min),ADJOURNED
ST/2856/2021,KL-002856-2021,EVIDENCE_ACCUSED,2026-12-09,13:02,13:11,13:02,13:32,ADV-742,4.97,Defence evidence → reference gap 14 days. Wed 09 Dec has room (116 of 386 min),ADJOURNED
ST/1571/2021,KL-001571-2021,EVIDENCE_ACCUSED,2026-12-09,13:11,13:18,13:11,13:41,ADV-872,4.97,Defence evidence → reference gap 14 days. Wed 09 Dec has room (72 of 386 min),ADJOURNED
ST/590/2021,KL-000590-2021,EVIDENCE_ACCUSED,2026-12-09,13:18,13:26,13:18,13:48,ADV-1147,4.94,Defence evidence → reference gap 14 days. Wed 09 Dec has room (136 of 386 min),ADJOURNED
ST/856/2021,KL-000856-2021,EVIDENCE_ACCUSED,2026-12-09,13:26,13:30,13:26,13:56,ADV-897,4.94,Defence evidence → reference gap 14 days. Wed 09 Dec has room (143 of 386 min); ADV-897 already listed,ADJOURNED
ST/1126/2021,KL-001126-2021,EVIDENCE_ACCUSED,2026-12-09,14:00,14:07,14:00,14:30,ADV-636,4.94,Defence evidence → reference gap 14 days. Wed 09 Dec has room (194 of 386 min),ADJOURNED
ST/1843/2022,KL-001843-2022,EVIDENCE_ACCUSED,2026-12-09,14:07,14:16,14:07,14:37,ADV-124,4.30,Defence evidence → reference gap 14 days. Wed 09 Dec has room (158 of 386 min),ADJOURNED
ST/885/2022,KL-000885-2022,EVIDENCE_ACCUSED,2026-12-09,14:16,14:24,14:16,14:46,ADV-205,4.30,Defence evidence → reference gap 14 days. Wed 09 Dec has room (150 of 386 min),ADJOURNED
ST/2387/2022,KL-002387-2022,JUDGEMENT,2026-12-09,14:24,14:56,14:24,14:54,ADV-297,4.35,"4+ year case due within 30 days, judgement likely to proceed (99%), waiting 76 days",DISPOSED
ST/2389/2022,KL-002389-2022,JUDGEMENT,2026-12-09,14:56,15:29,14:56,15:26,ADV-625,4.35,"4+ year case due within 30 days, judgement likely to proceed (99%), waiting 76 days",DISPOSED
ST/2543/2022,KL-002543-2022,JUDGEMENT,2026-12-09,15:29,16:01,15:29,15:59,ADV-378,4.35,"4+ year case due within 30 days, judgement likely to proceed (99%), waiting 76 days",DISPOSED
ST/2770/2022,KL-002770-2022,JUDGEMENT,2026-12-09,16:01,16:33,16:01,16:31,ADV-691,4.35,"4+ year case due within 30 days, judgement likely to proceed (99%), waiting 76 days",DISPOSED
ST/110/2020,KL-000110-2020,JUDGEMENT,2026-12-09,16:33,16:57,16:33,17:03,ADV-298,6.38,Judgement → reference gap 21 days. Wed 09 Dec has room (22 of 386 min),DISPOSED
ST/2355/2017,KL-002355-2017,ARGUMENTS,2026-12-09,16:57,17:04,16:57,17:27,ADV-988,9.32,Arguments → reference gap 14 days. Wed 09 Dec has room (59 of 386 min),ADJOURNED
ST/2842/2020,KL-002842-2020,ARGUMENTS,2026-12-09,17:04,17:10,17:04,17:34,ADV-1260,6.38,Arguments → reference gap 14 days. Wed 09 Dec has room (200 of 386 min),ADJOURNED
ST/459/2021,KL-000459-2021,ARGUMENTS,2026-12-09,17:10,17:17,17:10,17:40,ADV-1060,4.94,Arguments → reference gap 14 days. Wed 09 Dec has room (65 of 386 min),ADJOURNED
ST/849/2022,KL-000849-2022,ARGUMENTS,2026-12-09,17:17,17:23,17:17,17:47,ADV-933,4.30,Arguments → reference gap 14 days. Wed 09 Dec has room (122 of 386 min),ADJOURNED
ST/1301/2021,KL-001301-2021,REPORTS,2026-12-10,10:00,10:04,10:00,10:10,ADV-349,5.73,"4+ year case due within 30 days, 5.7 years old, waiting 77 days",ADJOURNED
ST/1378/2021,KL-001378-2021,REPORTS,2026-12-10,10:04,10:08,10:04,10:14,ADV-332,5.73,"4+ year case due within 30 days, 5.7 years old, waiting 77 days",ADJOURNED
ST/1667/2021,KL-001667-2021,REPORTS,2026-12-10,10:08,10:12,10:08,10:18,ADV-387,5.73,"4+ year case due within 30 days, 5.7 years old, waiting 77 days",ADJOURNED
ST/1674/2021,KL-001674-2021,REPORTS,2026-12-10,10:12,10:16,10:12,10:22,ADV-1094,5.73,"4+ year case due within 30 days, 5.7 years old, waiting 77 days",MOVED_FORWARD
ST/1790/2021,KL-001790-2021,REPORTS,2026-12-10,10:16,10:19,10:16,10:26,ADV-750,5.73,"4+ year case due within 30 days, 5.7 years old, waiting 77 days",ADJOURNED
ST/2519/2022,KL-002519-2022,EVIDENCE_ACCUSED,2026-12-10,10:19,10:28,10:19,10:49,ADV-715,4.23,"4+ year case due within 30 days, waiting 77 days, 4.2 years old",ADJOURNED
ST/2663/2022,KL-002663-2022,EVIDENCE_ACCUSED,2026-12-10,10:28,10:36,10:28,10:58,ADV-1085,4.23,"4+ year case due within 30 days, waiting 77 days, 4.2 years old",ADJOURNED
ST/2236/2022,KL-002236-2022,EVIDENCE_COMPLAINANT,2026-12-10,10:36,10:53,10:36,11:06,ADV-1085,4.53,Complainant evidence → reference gap 14 days. Thu 10 Dec has room (240 of 386 min); ADV-1085 already listed,ADJOURNED
ST/2889/2022,KL-002889-2022,EVIDENCE_ACCUSED,2026-12-10,10:53,11:01,10:53,11:23,ADV-837,4.23,"4+ year case due within 30 days, waiting 77 days, 4.2 years old",ADJOURNED
ST/2891/2022,KL-002891-2022,EVIDENCE_ACCUSED,2026-12-10,11:01,11:09,11:01,11:31,ADV-938,4.23,"4+ year case due within 30 days, waiting 77 days, 4.2 years old",ADJOURNED
ST/3/2022,KL-000003-2022,EVIDENCE_ACCUSED,2026-12-10,11:09,11:18,11:09,11:39,ADV-1172,4.17,"4+ year case due within 30 days, waiting 77 days, 4.2 years old",ADJOURNED
ST/190/2017,KL-000190-2017,EVIDENCE_ACCUSED,2026-12-10,11:18,11:26,11:18,11:48,ADV-1051,9.33,Defence evidence → reference gap 14 days. Thu 10 Dec has room (47 of 386 min); ADV-1051 already listed,MOVED_FORWARD
ST/2309/2017,KL-002309-2017,EVIDENCE_ACCUSED,2026-12-10,11:26,11:34,11:26,11:56,ADV-085,9.33,Defence evidence → reference gap 14 days. Thu 10 Dec has room (95 of 386 min); ADV-085 already listed,MOVED_FORWARD
ST/2301/2021,KL-002301-2021,EVIDENCE_ACCUSED,2026-12-10,11:34,11:42,11:34,12:04,ADV-085,5.85,Defence evidence → reference gap 14 days. Thu 10 Dec has room (7 of 386 min),ADJOURNED
ST/1456/2022,KL-001456-2022,EVIDENCE_COMPLAINANT,2026-12-10,11:42,11:52,11:42,12:12,ADV-085,4.77,Complainant evidence → reference gap 14 days. Thu 10 Dec has room (105 of 386 min); ADV-085 already listed,ADJOURNED
ST/2089/2017,KL-002089-2017,EVIDENCE_ACCUSED,2026-12-10,11:52,12:01,11:52,12:22,ADV-174,9.33,Defence evidence → reference gap 14 days. Thu 10 Dec has room (176 of 386 min); ADV-174 already listed,ADJOURNED
ST/2159/2022,KL-002159-2022,EVIDENCE_ACCUSED,2026-12-10,12:01,12:09,12:01,12:31,ADV-174,4.30,Defence evidence → reference gap 14 days. Thu 10 Dec has room (168 of 386 min),MOVED_FORWARD
ST/2467/2017,KL-002467-2017,EVIDENCE_ACCUSED,2026-12-10,12:09,12:17,12:09,12:39,ADV-043,9.33,Defence evidence → reference gap 14 days. Thu 10 Dec has room (190 of 386 min),ADJOURNED
ST/2002/2022,KL-002002-2022,EVIDENCE_ACCUSED,2026-12-10,12:17,12:25,12:17,12:47,ADV-043,4.77,Defence evidence → reference gap 14 days. Thu 10 Dec has room (197 of 386 min); ADV-043 already listed,ADJOURNED
ST/1391/2017,KL-001391-2017,EVIDENCE_ACCUSED,2026-12-10,12:25,12:33,12:25,12:55,ADV-228,9.33,Defence evidence → reference gap 14 days. Thu 10 Dec has room (204 of 386 min),ADJOURNED
ST/1738/2020,KL-001738-2020,EVIDENCE_COMPLAINANT,2026-12-10,12:33,12:45,12:33,13:03,ADV-462,6.76,Complainant evidence → reference gap 14 days. Thu 10 Dec has room (131 of 386 min),ADJOURNED
ST/1093/2021,KL-001093-2021,EVIDENCE_COMPLAINANT,2026-12-10,12:45,12:57,12:45,13:15,ADV-462,4.94,Complainant evidence → reference gap 14 days. Thu 10 Dec has room (142 of 386 min); ADV-462 already listed,ADJOURNED
ST/2340/2020,KL-002340-2020,EVIDENCE_ACCUSED,2026-12-10,12:57,13:05,12:57,13:27,ADV-589,6.76,Defence evidence → reference gap 14 days. Thu 10 Dec has room (211 of 386 min),ADJOURNED
ST/2502/2020,KL-002502-2020,EVIDENCE_ACCUSED,2026-12-10,13:05,13:13,13:05,13:35,ADV-284,6.76,Defence evidence → reference gap 14 days. Thu 10 Dec has room (218 of 386 min); ADV-284 already listed,ADJOURNED
ST/741/2022,KL-000741-2022,EVIDENCE_ACCUSED,2026-12-10,13:13,13:21,13:13,13:43,ADV-284,4.30,Defence evidence → reference gap 14 days. Thu 10 Dec has room (82 of 386 min),ADJOURNED
ST/43/2020,KL-000043-2020,EVIDENCE_ACCUSED,2026-12-10,13:21,13:28,13:21,13:51,ADV-414,6.39,Defence evidence → reference gap 14 days. Thu 10 Dec has room (225 of 386 min),ADJOURNED
ST/484/2022,KL-000484-2022,EVIDENCE_COMPLAINANT,2026-12-10,13:28,13:30,13:28,13:58,ADV-291,4.53,Complainant evidence → reference gap 14 days. Thu 10 Dec has room (61 of 386 min),MOVED_FORWARD
ST/1834/2021,KL-001834-2021,EVIDENCE_ACCUSED,2026-12-10,14:00,14:08,14:00,14:30,ADV-299,4.98,Defence evidence → reference gap 14 days. Thu 10 Dec has room (39 of 386 min),ADJOURNED
ST/2479/2021,KL-002479-2021,EVIDENCE_ACCUSED,2026-12-10,14:08,14:17,14:08,14:38,ADV-118,4.98,Defence evidence → reference gap 14 days. Thu 10 Dec has room (68 of 386 min),ADJOURNED
ST/387/2022,KL-000387-2022,EVIDENCE_ACCUSED,2026-12-10,14:17,14:24,14:17,14:47,ADV-976,4.77,Defence evidence → reference gap 14 days. Thu 10 Dec has room (14 of 386 min),ADJOURNED
ST/775/2021,KL-000775-2021,EVIDENCE_ACCUSED,2026-12-10,14:24,14:32,14:24,14:54,ADV-542,4.94,Defence evidence → reference gap 14 days. Thu 10 Dec has room (149 of 386 min),ADJOURNED
ST/1964/2022,KL-001964-2022,EVIDENCE_ACCUSED,2026-12-10,14:32,14:40,14:32,15:02,ADV-296,4.30,Defence evidence → reference gap 14 days. Thu 10 Dec has room (120 of 386 min),ADJOURNED
ST/1426/2022,KL-001426-2022,EVIDENCE_ACCUSED,2026-12-10,14:40,14:48,14:40,15:10,ADV-1100,4.30,Defence evidence → reference gap 14 days. Thu 10 Dec has room (112 of 386 min),ADJOURNED
ST/120/2022,KL-000120-2022,JUDGEMENT,2026-12-10,14:48,15:21,14:48,15:18,ADV-1093,4.26,"4+ year case due within 30 days, judgement likely to proceed (99%), waiting 77 days",DISPOSED
ST/198/2022,KL-000198-2022,JUDGEMENT,2026-12-10,15:21,15:53,15:21,15:51,ADV-1024,4.26,"4+ year case due within 30 days, judgement likely to proceed (99%), waiting 77 days",DISPOSED
ST/313/2022,KL-000313-2022,JUDGEMENT,2026-12-10,15:53,16:25,15:53,16:23,ADV-1172,4.26,"4+ year case due within 30 days, judgement likely to proceed (99%), waiting 77 days",DISPOSED
ST/1601/2017,KL-001601-2017,ARGUMENTS,2026-12-10,16:25,16:32,16:25,16:55,ADV-1246,9.33,Not reached on Thu 03 Dec; earliest day with room. Thu 10 Dec has room (246 of 386 min),ADJOURNED
ST/2708/2017,KL-002708-2017,ARGUMENTS,2026-12-10,16:32,16:38,16:32,17:02,ADV-405,9.33,Not reached on Thu 03 Dec; earliest day with room. Thu 10 Dec has room (252 of 386 min),ADJOURNED
ST/1041/2020,KL-001041-2020,ARGUMENTS,2026-12-10,16:38,16:45,16:38,17:08,ADV-415,6.39,Not reached on Thu 03 Dec; earliest day with room. Thu 10 Dec has room (258 of 386 min),ADJOURNED
ST/2333/2021,KL-002333-2021,ARGUMENTS,2026-12-10,16:45,16:51,16:45,17:15,ADV-493,5.85,Not reached on Thu 03 Dec; earliest day with room. Thu 10 Dec has room (264 of 386 min),ADJOURNED
ST/1429/2021,KL-001429-2021,ARGUMENTS,2026-12-10,16:51,16:57,16:51,17:21,ADV-972,5.85,Not reached on Thu 03 Dec; earliest day with room. Thu 10 Dec has room (270 of 386 min),ADJOURNED
ST/127/2021,KL-000127-2021,ARGUMENTS,2026-12-10,16:57,17:04,16:57,17:27,ADV-1049,4.98,Not reached on Thu 03 Dec; earliest day with room. Thu 10 Dec has room (276 of 386 min),ADJOURNED
ST/1838/2017,KL-001838-2017,ARGUMENTS,2026-12-10,17:04,17:10,17:04,17:34,ADV-085,9.33,Arguments → reference gap 14 days. Thu 10 Dec has room (88 of 386 min); ADV-085 already listed,ADJOURNED
ST/1948/2017,KL-001948-2017,ARGUMENTS,2026-12-10,17:10,17:17,17:10,17:40,ADV-655,9.56,Arguments → reference gap 14 days. Thu 10 Dec has room (161 of 386 min),MOVED_FORWARD
ST/1882/2021,KL-001882-2021,ARGUMENTS,2026-12-10,17:17,17:23,17:17,17:47,ADV-1258,5.85,Arguments → reference gap 14 days. Thu 10 Dec has room (26 of 386 min),ADJOURNED
ST/1261/2021,KL-001261-2021,ARGUMENTS,2026-12-10,17:23,17:29,17:23,17:53,ADV-285,5.85,Arguments → reference gap 14 days. Thu 10 Dec has room (20 of 386 min),ADJOURNED
ST/292/2021,KL-000292-2021,ARGUMENTS,2026-12-10,17:29,17:36,17:29,17:59,ADV-585,5.85,Arguments → reference gap 14 days. Thu 10 Dec has room (155 of 386 min),ADJOURNED
ST/1253/2021,KL-001253-2021,ARGUMENTS,2026-12-10,17:36,17:42,17:36,18:06,ADV-1236,4.98,Arguments → reference gap 14 days. Thu 10 Dec has room (32 of 386 min),ADJOURNED
ST/2669/2021,KL-002669-2021,ARGUMENTS,2026-12-10,17:42,17:48,17:42,18:12,ADV-956,4.98,Arguments → reference gap 14 days. Thu 10 Dec has room (74 of 386 min),NOT_REACHED
ST/2338/2022,KL-002338-2022,ARGUMENTS,2026-12-10,17:48,17:54,17:48,18:18,ADV-725,4.30,Arguments → reference gap 14 days. Thu 10 Dec has room (182 of 386 min),NOT_REACHED
ST/1984/2021,KL-001984-2021,REPORTS,2026-12-11,10:00,10:04,10:00,10:10,ADV-507,5.73,"4+ year case due within 30 days, 5.7 years old, waiting 78 days",ADJOURNED
ST/1995/2021,KL-001995-2021,REPORTS,2026-12-11,10:04,10:08,10:04,10:14,ADV-810,5.73,"4+ year case due within 30 days, 5.7 years old, waiting 78 days",ADJOURNED
ST/2049/2021,KL-002049-2021,REPORTS,2026-12-11,10:08,10:12,10:08,10:18,ADV-368,5.73,"4+ year case due within 30 days, 5.7 years old, waiting 78 days",ADJOURNED
ST/123/2022,KL-000123-2022,EVIDENCE_ACCUSED,2026-12-11,10:12,10:20,10:12,10:42,ADV-595,4.17,"4+ year case due within 30 days, waiting 78 days, 4.2 years old",ADJOURNED
ST/316/2022,KL-000316-2022,EVIDENCE_ACCUSED,2026-12-11,10:20,10:28,10:20,10:50,ADV-1067,4.17,"4+ year case due within 30 days, waiting 78 days, 4.2 years old",ADJOURNED
ST/502/2022,KL-000502-2022,EVIDENCE_ACCUSED,2026-12-11,10:28,10:36,10:28,10:58,ADV-807,4.17,"4+ year case due within 30 days, waiting 78 days, 4.2 years old",MOVED_FORWARD
ST/324/2017,KL-000324-2017,EVIDENCE_ACCUSED,2026-12-11,10:36,10:45,10:36,11:06,ADV-806,9.56,Defence evidence → reference gap 14 days. Fri 11 Dec has room (91 of 386 min); ADV-806 already listed,DISPOSED
ST/1476/2017,KL-001476-2017,EVIDENCE_ACCUSED,2026-12-11,10:45,10:53,10:45,11:15,ADV-404,9.33,Defence evidence → reference gap 14 days. Fri 11 Dec has room (83 of 386 min),ADJOURNED
ST/642/2017,KL-000642-2017,EVIDENCE_ACCUSED,2026-12-11,10:53,11:01,10:53,11:23,ADV-1170,9.56,Defence evidence → reference gap 14 days. Fri 11 Dec has room (220 of 386 min),ADJOURNED
ST/1530/2017,KL-001530-2017,EVIDENCE_ACCUSED,2026-12-11,11:01,11:09,11:01,11:31,ADV-709,9.56,Defence evidence → reference gap 14 days. Fri 11 Dec has room (165 of 386 min),ADJOURNED
ST/2799/2020,KL-002799-2020,EVIDENCE_ACCUSED,2026-12-11,11:09,11:17,11:09,11:39,ADV-709,6.39,Defence evidence → reference gap 14 days. Fri 11 Dec has room (173 of 386 min); ADV-709 already listed,ADJOURNED
ST/1633/2020,KL-001633-2020,EVIDENCE_COMPLAINANT,2026-12-11,11:17,11:27,11:17,11:47,ADV-347,6.76,Complainant evidence → reference gap 14 days. Fri 11 Dec has room (37 of 386 min); ADV-347 already listed,ADJOURNED
ST/2912/2020,KL-002912-2020,EVIDENCE_COMPLAINANT,2026-12-11,11:27,11:40,11:27,11:57,ADV-424,6.76,Complainant evidence → reference gap 14 days. Fri 11 Dec has room (231 of 386 min),ADJOURNED
ST/2321/2020,KL-002321-2020,EVIDENCE_ACCUSED,2026-12-11,11:40,11:48,11:40,12:10,ADV-397,6.76,Defence evidence → reference gap 14 days. Fri 11 Dec has room (180 of 386 min),ADJOURNED
ST/2899/2022,KL-002899-2022,EVIDENCE_COMPLAINANT,2026-12-11,11:48,12:04,11:48,12:18,ADV-819,4.54,Complainant evidence → reference gap 14 days. Fri 11 Dec has room (135 of 386 min),ADJOURNED
ST/105/2022,KL-000105-2022,EVIDENCE_COMPLAINANT,2026-12-11,12:04,12:18,12:04,12:34,ADV-884,4.54,Complainant evidence → reference gap 14 days. Fri 11 Dec has room (193 of 386 min),ADJOURNED
ST/963/2021,KL-000963-2021,EVIDENCE_COMPLAINANT,2026-12-11,12:18,12:30,12:18,12:48,ADV-828,4.94,Complainant evidence → reference gap 14 days. Fri 11 Dec has room (242 of 386 min),ADJOURNED
ST/361/2021,KL-000361-2021,EVIDENCE_ACCUSED,2026-12-11,12:30,12:38,12:30,13:00,ADV-1241,4.94,Defence evidence → reference gap 14 days. Fri 11 Dec has room (44 of 386 min); ADV-1241 already listed,ADJOURNED
ST/217/2021,KL-000217-2021,EVIDENCE_ACCUSED,2026-12-11,12:38,12:46,12:38,13:08,ADV-007,4.98,Defence evidence → reference gap 14 days. Fri 11 Dec has room (114 of 386 min),ADJOURNED
ST/650/2021,KL-000650-2021,EVIDENCE_COMPLAINANT,2026-12-11,12:46,12:56,12:46,13:16,ADV-930,4.94,Complainant evidence → reference gap 14 days. Fri 11 Dec has room (107 of 386 min),ADJOURNED
ST/2873/2022,KL-002873-2022,EVIDENCE_ACCUSED,2026-12-11,12:56,13:05,12:56,13:26,ADV-930,4.30,Defence evidence → reference gap 14 days. Fri 11 Dec has room (158 of 386 min); ADV-930 already listed,ADJOURNED
ST/1035/2022,KL-001035-2022,EVIDENCE_ACCUSED,2026-12-11,13:05,13:13,13:05,13:35,ADV-537,4.77,Defence evidence → reference gap 14 days. Fri 11 Dec has room (58 of 386 min),MOVED_FORWARD
ST/1125/2021,KL-001125-2021,EVIDENCE_ACCUSED,2026-12-11,13:13,13:21,13:13,13:43,ADV-994,4.94,Defence evidence → reference gap 14 days. Fri 11 Dec has room (249 of 386 min),ADJOURNED
ST/1144/2021,KL-001144-2021,EVIDENCE_ACCUSED,2026-12-11,13:21,13:29,13:21,13:51,ADV-565,4.94,Defence evidence → reference gap 14 days. Fri 11 Dec has room (256 of 386 min),ADJOURNED
ST/2196/2022,KL-002196-2022,EVIDENCE_ACCUSED,2026-12-11,13:29,13:30,13:29,13:59,ADV-513,4.30,Defence evidence → reference gap 14 days. Fri 11 Dec has room (143 of 386 min),ADJOURNED
ST/257/2022,KL-000257-2022,EVIDENCE_ACCUSED,2026-12-11,14:00,14:08,14:00,14:30,ADV-218,4.67,Defence evidence → reference gap 14 days. Fri 11 Dec has room (207 of 386 min),MOVED_FORWARD
ST/2684/2022,KL-002684-2022,EVIDENCE_ACCUSED,2026-12-11,14:08,14:16,14:08,14:38,ADV-546,4.30,Defence evidence → reference gap 14 days. Fri 11 Dec has room (151 of 386 min),ADJOURNED
ST/365/2022,KL-000365-2022,JUDGEMENT,2026-12-11,14:16,14:49,14:16,14:46,ADV-204,4.27,"4+ year case due within 30 days, judgement likely to proceed (99%), waiting 78 days",DISPOSED
ST/497/2022,KL-000497-2022,JUDGEMENT,2026-12-11,14:49,15:21,14:49,15:19,ADV-130,4.27,"4+ year case due within 30 days, judgement likely to proceed (99%), waiting 78 days",DISPOSED
ST/501/2022,KL-000501-2022,JUDGEMENT,2026-12-11,15:21,15:53,15:21,15:51,ADV-078,4.27,"4+ year case due within 30 days, judgement likely to proceed (99%), waiting 78 days",DISPOSED
ST/593/2017,KL-000593-2017,JUDGEMENT,2026-12-11,15:53,16:23,15:53,16:23,ADV-1241,9.06,Judgement → reference gap 21 days. Fri 11 Dec has room (27 of 386 min),DISPOSED
ST/669/2017,KL-000669-2017,ARGUMENTS,2026-12-11,16:23,16:29,16:23,16:53,ADV-537,9.56,Arguments → reference gap 14 days. Fri 11 Dec has room (120 of 386 min); ADV-537 already listed,ADJOURNED
ST/840/2017,KL-000840-2017,ARGUMENTS,2026-12-11,16:29,16:36,16:29,16:59,ADV-1201,9.56,Arguments → reference gap 14 days. Fri 11 Dec has room (213 of 386 min),ADJOURNED
ST/951/2020,KL-000951-2020,ARGUMENTS,2026-12-11,16:36,16:42,16:36,17:06,ADV-476,6.76,Arguments → reference gap 14 days. Fri 11 Dec has room (262 of 386 min),ADJOURNED
ST/541/2020,KL-000541-2020,ARGUMENTS,2026-12-11,16:42,16:49,16:42,17:12,ADV-926,6.39,Arguments → reference gap 14 days. Fri 11 Dec has room (97 of 386 min),ADJOURNED
ST/1362/2022,KL-001362-2022,ARGUMENTS,2026-12-11,16:49,16:55,16:49,17:19,ADV-989,4.77,Arguments → reference gap 14 days. Fri 11 Dec has room (64 of 386 min),ADJOURNED
ST/1470/2022,KL-001470-2022,ARGUMENTS,2026-12-11,16:55,17:01,16:55,17:25,ADV-944,4.77,Arguments → reference gap 14 days. Fri 11 Dec has room (199 of 386 min),ADJOURNED
ST/166/2022,KL-000166-2022,ARGUMENTS,2026-12-11,17:01,17:08,17:01,17:31,ADV-507,4.30,Arguments → reference gap 14 days. Fri 11 Dec has room (50 of 386 min); ADV-507 already listed,ADJOURNED
ST/867/2022,KL-000867-2022,ARGUMENTS,2026-12-11,17:08,17:14,17:08,17:38,ADV-658,4.30,Arguments → reference gap 14 days. Fri 11 Dec has room (70 of 386 min),ADJOURNED
ST/1574/2022,KL-001574-2022,ARGUMENTS,2026-12-11,17:14,17:20,17:14,17:44,ADV-1119,4.30,Arguments → reference gap 14 days. Fri 11 Dec has room (75 of 386 min),ADJOURNED
ST/2099/2021,KL-002099-2021,REPORTS,2026-12-14,10:00,10:04,10:00,10:10,ADV-1182,5.74,"4+ year case due within 30 days, 5.7 years old, waiting 81 days",MOVED_FORWARD
ST/2348/2021,KL-002348-2021,REPORTS,2026-12-14,10:04,10:08,10:04,10:14,ADV-595,5.74,"4+ year case due within 30 days, 5.7 years old, waiting 81 days",ADJOURNED
ST/2352/2021,KL-002352-2021,REPORTS,2026-12-14,10:08,10:12,10:08,10:18,ADV-632,5.74,"4+ year case due within 30 days, 5.7 years old, waiting 81 days",ADJOURNED
ST/2362/2021,KL-002362-2021,REPORTS,2026-12-14,10:12,10:16,10:12,10:22,ADV-1009,5.74,"4+ year case due within 30 days, 5.7 years old, waiting 81 days",ADJOURNED
ST/2365/2021,KL-002365-2021,REPORTS,2026-12-14,10:16,10:19,10:16,10:26,ADV-345,5.74,"4+ year case due within 30 days, 5.7 years old, waiting 81 days",MOVED_FORWARD
ST/2422/2021,KL-002422-2021,REPORTS,2026-12-14,10:19,10:23,10:19,10:29,ADV-1225,5.74,"4+ year case due within 30 days, 5.7 years old, waiting 81 days",ADJOURNED
ST/652/2022,KL-000652-2022,EVIDENCE_ACCUSED,2026-12-14,10:23,10:32,10:23,10:53,ADV-091,4.18,"4+ year case due within 30 days, waiting 81 days, 4.2 years old",ADJOURNED
ST/730/2022,KL-000730-2022,EVIDENCE_ACCUSED,2026-12-14,10:32,10:40,10:32,11:02,ADV-806,4.18,"4+ year case due within 30 days, waiting 81 days, 4.2 years old",ADJOURNED
ST/771/2022,KL-000771-2022,EVIDENCE_ACCUSED,2026-12-14,10:40,10:48,10:40,11:10,ADV-535,4.18,"4+ year case due within 30 days, waiting 81 days, 4.2 years old",ADJOURNED
ST/824/2022,KL-000824-2022,EVIDENCE_ACCUSED,2026-12-14,10:48,10:56,10:48,11:18,ADV-226,4.18,"4+ year case due within 30 days, waiting 81 days, 4.2 years old",ADJOURNED
ST/842/2022,KL-000842-2022,EVIDENCE_ACCUSED,2026-12-14,10:56,11:04,10:56,11:26,ADV-623,4.18,"4+ year case due within 30 days, waiting 81 days, 4.2 years old",ADJOURNED
ST/2232/2022,KL-002232-2022,EVIDENCE_ACCUSED,2026-12-14,11:04,11:12,11:04,11:34,ADV-623,4.78,Defence evidence → reference gap 14 days. Mon 14 Dec has room (191 of 386 min); ADV-623 already listed,ADJOURNED
ST/986/2022,KL-000986-2022,EVIDENCE_ACCUSED,2026-12-14,11:12,11:21,11:12,11:42,ADV-429,4.18,"4+ year case due within 30 days, waiting 81 days, 4.2 years old",ADJOURNED
ST/1089/2022,KL-001089-2022,EVIDENCE_ACCUSED,2026-12-14,11:21,11:29,11:21,11:51,ADV-1239,4.18,"4+ year case due within 30 days, waiting 81 days, 4.2 years old",ADJOURNED
ST/1705/2017,KL-001705-2017,EVIDENCE_ACCUSED,2026-12-14,11:29,11:37,11:29,11:59,ADV-927,9.57,Defence evidence → reference gap 14 days. Mon 14 Dec has room (169 of 386 min),ADJOURNED
ST/1690/2020,KL-001690-2020,EVIDENCE_COMPLAINANT,2026-12-14,11:37,11:49,11:37,12:07,ADV-912,6.77,Complainant evidence → reference gap 14 days. Mon 14 Dec has room (41 of 386 min); ADV-912 already listed,ADJOURNED
ST/2082/2020,KL-002082-2020,EVIDENCE_COMPLAINANT,2026-12-14,11:49,12:00,11:49,12:19,ADV-640,6.77,Complainant evidence → reference gap 14 days. Mon 14 Dec has room (59 of 386 min),ADJOURNED
ST/2594/2020,KL-002594-2020,EVIDENCE_ACCUSED,2026-12-14,12:00,12:09,12:00,12:30,ADV-790,6.77,Defence evidence → reference gap 14 days. Mon 14 Dec has room (106 of 386 min),MOVED_FORWARD
ST/892/2020,KL-000892-2020,EVIDENCE_ACCUSED,2026-12-14,12:09,12:17,12:09,12:39,ADV-1167,6.40,Defence evidence → reference gap 14 days. Mon 14 Dec has room (67 of 386 min),ADJOURNED
ST/1064/2020,KL-001064-2020,EVIDENCE_ACCUSED,2026-12-14,12:17,12:25,12:17,12:47,ADV-650,6.40,Defence evidence → reference gap 14 days. Mon 14 Dec has room (113 of 386 min),DISPOSED
ST/2557/2022,KL-002557-2022,EVIDENCE_COMPLAINANT,2026-12-14,12:25,12:40,12:25,12:55,ADV-128,4.54,Complainant evidence → reference gap 14 days. Mon 14 Dec has room (127 of 386 min),ADJOURNED
ST/135/2022,KL-000135-2022,EVIDENCE_COMPLAINANT,2026-12-14,12:40,12:55,12:40,13:10,ADV-896,4.54,Complainant evidence → reference gap 14 days. Mon 14 Dec has room (183 of 386 min),ADJOURNED
ST/1615/2022,KL-001615-2022,EVIDENCE_COMPLAINANT,2026-12-14,12:55,13:07,12:55,13:25,ADV-706,4.78,Complainant evidence → reference gap 14 days. Mon 14 Dec has room (77 of 386 min),ADJOURNED
ST/1844/2021,KL-001844-2021,EVIDENCE_ACCUSED,2026-12-14,13:07,13:15,13:07,13:37,ADV-250,4.95,Defence evidence → reference gap 14 days. Mon 14 Dec has room (141 of 386 min),MOVED_FORWARD
ST/1889/2022,KL-001889-2022,EVIDENCE_ACCUSED,2026-12-14,13:15,13:22,13:15,13:45,ADV-426,4.78,Defence evidence → reference gap 14 days. Mon 14 Dec has room (134 of 386 min),DISPOSED
ST/1535/2022,KL-001535-2022,EVIDENCE_ACCUSED,2026-12-14,13:22,13:30,13:22,13:52,ADV-038,4.31,Defence evidence → reference gap 14 days. Mon 14 Dec has room (49 of 386 min); ADV-038 already listed,ADJOURNED
ST/312/2022,KL-000312-2022,EVIDENCE_ACCUSED,2026-12-14,14:00,14:08,14:00,14:30,ADV-507,4.68,Defence evidence → reference gap 14 days. Mon 14 Dec has room (98 of 386 min); ADV-507 already listed,ADJOURNED
ST/283/2022,KL-000283-2022,EVIDENCE_ACCUSED,2026-12-14,14:08,14:16,14:08,14:38,ADV-1222,4.68,Defence evidence → reference gap 14 days. Mon 14 Dec has room (90 of 386 min),MOVED_FORWARD
ST/1132/2022,KL-001132-2022,EVIDENCE_ACCUSED,2026-12-14,14:16,14:24,14:16,14:46,ADV-1172,4.68,Defence evidence → reference gap 14 days. Mon 14 Dec has room (162 of 386 min); ADV-1172 already listed,ADJOURNED
ST/736/2022,KL-000736-2022,EVIDENCE_ACCUSED,2026-12-14,14:24,14:32,14:24,14:54,ADV-257,4.68,Defence evidence → reference gap 14 days. Mon 14 Dec has room (154 of 386 min),ADJOURNED
ST/538/2022,KL-000538-2022,JUDGEMENT,2026-12-14,14:32,15:04,14:32,15:02,ADV-168,4.27,"4+ year case due within 30 days, judgement likely to proceed (99%), waiting 81 days",DISPOSED
ST/724/2022,KL-000724-2022,JUDGEMENT,2026-12-14,15:04,15:37,15:04,15:34,ADV-1252,4.27,"4+ year case due within 30 days, judgement likely to proceed (99%), waiting 81 days",DISPOSED
ST/726/2022,KL-000726-2022,JUDGEMENT,2026-12-14,15:37,16:09,15:37,16:07,ADV-1248,4.27,"4+ year case due within 30 days, judgement likely to proceed (99%), waiting 81 days",DISPOSED
ST/778/2022,KL-000778-2022,JUDGEMENT,2026-12-14,16:09,16:41,16:09,16:39,ADV-1072,4.27,"4+ year case due within 30 days, judgement likely to proceed (99%), waiting 81 days",DISPOSED
ST/444/2022,KL-000444-2022,JUDGEMENT,2026-12-14,16:41,17:14,16:41,17:11,ADV-278,4.31,Judgement → reference gap 21 days. Mon 14 Dec has room (30 of 386 min),DISPOSED
ST/239/2017,KL-000239-2017,ARGUMENTS,2026-12-14,17:14,17:20,17:14,17:44,ADV-1113,9.34,Arguments → reference gap 14 days. Mon 14 Dec has room (83 of 386 min),ADJOURNED
ST/982/2020,KL-000982-2020,ARGUMENTS,2026-12-14,17:20,17:26,17:20,17:50,ADV-112,6.40,Arguments → reference gap 14 days. Mon 14 Dec has room (147 of 386 min),MOVED_FORWARD
ST/2429/2021,KL-002429-2021,REPORTS,2026-12-15,10:00,10:04,10:00,10:10,ADV-038,5.74,"4+ year case due within 30 days, 5.7 years old, waiting 82 days",ADJOURNED
ST/2503/2021,KL-002503-2021,REPORTS,2026-12-15,10:04,10:08,10:04,10:14,ADV-045,5.74,"4+ year case due within 30 days, 5.7 years old, waiting 82 days",ADJOURNED
ST/2514/2021,KL-002514-2021,REPORTS,2026-12-15,10:08,10:12,10:08,10:18,ADV-1096,5.74,"4+ year case due within 30 days, 5.7 years old, waiting 82 days",MOVED_FORWARD
ST/2605/2021,KL-002605-2021,REPORTS,2026-12-15,10:12,10:16,10:12,10:22,ADV-768,5.74,"4+ year case due within 30 days, 5.7 years old, waiting 82 days",ADJOURNED
ST/2606/2021,KL-002606-2021,REPORTS,2026-12-15,10:16,10:19,10:16,10:26,ADV-078,5.74,"4+ year case due within 30 days, 5.7 years old, waiting 82 days",ADJOURNED
ST/1205/2022,KL-001205-2022,EVIDENCE_ACCUSED,2026-12-15,10:19,10:28,10:19,10:49,ADV-374,4.18,"4+ year case due within 30 days, waiting 82 days, 4.2 years old",ADJOURNED
ST/1224/2022,KL-001224-2022,EVIDENCE_ACCUSED,2026-12-15,10:28,10:36,10:28,10:58,ADV-672,4.18,"4+ year case due within 30 days, waiting 82 days, 4.2 years old",ADJOURNED
ST/1277/2022,KL-001277-2022,EVIDENCE_ACCUSED,2026-12-15,10:36,10:44,10:36,11:06,ADV-086,4.18,"4+ year case due within 30 days, waiting 82 days, 4.2 years old",ADJOURNED
ST/1398/2022,KL-001398-2022,EVIDENCE_ACCUSED,2026-12-15,10:44,10:52,10:44,11:14,ADV-326,4.18,"4+ year case due within 30 days, waiting 82 days, 4.2 years old",ADJOURNED
ST/1438/2022,KL-001438-2022,EVIDENCE_ACCUSED,2026-12-15,10:52,11:00,10:52,11:22,ADV-1194,4.18,"4+ year case due within 30 days, waiting 82 days, 4.2 years old",ADJOURNED
ST/1597/2022,KL-001597-2022,EVIDENCE_ACCUSED,2026-12-15,11:00,11:08,11:00,11:30,ADV-1133,4.18,"4+ year case due within 30 days, waiting 82 days, 4.2 years old",ADJOURNED
ST/2531/2017,KL-002531-2017,EVIDENCE_ACCUSED,2026-12-15,11:08,11:17,11:08,11:38,ADV-746,9.57,Defence evidence → reference gap 14 days. Tue 15 Dec has room (66 of 386 min),ADJOURNED
ST/1354/2017,KL-001354-2017,EVIDENCE_ACCUSED,2026-12-15,11:17,11:25,11:17,11:47,ADV-521,9.57,Defence evidence → reference gap 14 days. Tue 15 Dec has room (171 of 386 min),ADJOURNED
ST/1045/2020,KL-001045-2020,EVIDENCE_ACCUSED,2026-12-15,11:25,11:32,11:25,11:55,ADV-521,6.40,Defence evidence → reference gap 14 days. Tue 15 Dec has room (178 of 386 min); ADV-521 already listed,ADJOURNED
ST/2101/2017,KL-002101-2017,EVIDENCE_ACCUSED,2026-12-15,11:32,11:40,11:32,12:02,ADV-694,9.57,Defence evidence → reference gap 14 days. Tue 15 Dec has room (132 of 386 min),ADJOURNED
ST/2033/2020,KL-002033-2020,EVIDENCE_ACCUSED,2026-12-15,11:40,11:48,11:40,12:10,ADV-454,6.77,Defence evidence → reference gap 14 days. Tue 15 Dec has room (73 of 386 min),ADJOURNED
ST/2373/2022,KL-002373-2022,EVIDENCE_COMPLAINANT,2026-12-15,11:48,11:59,11:48,12:18,ADV-454,4.79,Complainant evidence → reference gap 14 days. Tue 15 Dec has room (125 of 386 min); ADV-454 already listed,ADJOURNED
ST/711/2022,KL-000711-2022,EVIDENCE_ACCUSED,2026-12-15,11:59,12:07,11:59,12:29,ADV-454,4.68,Defence evidence → reference gap 14 days. Tue 15 Dec has room (115 of 386 min); ADV-454 already listed,ADJOURNED
ST/2547/2022,KL-002547-2022,EVIDENCE_COMPLAINANT,2026-12-15,12:07,12:23,12:07,12:37,ADV-195,4.55,Complainant evidence → reference gap 14 days. Tue 15 Dec has room (88 of 386 min),ADJOURNED
ST/211/2021,KL-000211-2021,EVIDENCE_ACCUSED,2026-12-15,12:23,12:31,12:23,12:53,ADV-1211,5.86,Defence evidence → reference gap 14 days. Tue 15 Dec has room (95 of 386 min),ADJOURNED
ST/1024/2021,KL-001024-2021,EVIDENCE_ACCUSED,2026-12-15,12:31,12:39,12:31,13:01,ADV-362,4.96,Defence evidence → reference gap 14 days. Tue 15 Dec has room (44 of 386 min),ADJOURNED
ST/716/2022,KL-000716-2022,EVIDENCE_ACCUSED,2026-12-15,12:39,12:48,12:39,13:09,ADV-362,4.55,Defence evidence → reference gap 14 days. Tue 15 Dec has room (150 of 386 min); ADV-362 already listed,ADJOURNED
ST/261/2022,KL-000261-2022,EVIDENCE_ACCUSED,2026-12-15,12:48,12:58,12:48,13:18,ADV-549,4.55,Defence evidence → reference gap 14 days. Tue 15 Dec has room (142 of 386 min),ADJOURNED
ST/559/2022,KL-000559-2022,EVIDENCE_ACCUSED,2026-12-15,12:58,13:08,12:58,13:28,ADV-212,4.55,Defence evidence → reference gap 14 days. Tue 15 Dec has room (197 of 386 min),ADJOURNED
ST/2702/2022,KL-002702-2022,EVIDENCE_ACCUSED,2026-12-15,13:08,13:18,13:08,13:38,ADV-480,4.55,Defence evidence → reference gap 14 days. Tue 15 Dec has room (187 of 386 min),ADJOURNED
ST/1769/2022,KL-001769-2022,EVIDENCE_ACCUSED,2026-12-15,13:18,13:26,13:18,13:48,ADV-144,4.79,Defence evidence → reference gap 14 days. Tue 15 Dec has room (102 of 386 min),ADJOURNED
ST/416/2022,KL-000416-2022,EVIDENCE_ACCUSED,2026-12-15,13:26,13:30,13:26,13:56,ADV-520,4.68,Defence evidence → reference gap 14 days. Tue 15 Dec has room (58 of 386 min),MOVED_FORWARD
ST/1965/2022,KL-001965-2022,EVIDENCE_ACCUSED,2026-12-15,14:00,14:08,14:00,14:30,ADV-1191,4.31,Defence evidence → reference gap 14 days. Tue 15 Dec has room (37 of 386 min); ADV-1191 already listed,ADJOURNED
ST/1613/2022,KL-001613-2022,EVIDENCE_ACCUSED,2026-12-15,14:08,14:16,14:08,14:38,ADV-992,4.68,Defence evidence → reference gap 14 days. Tue 15 Dec has room (164 of 386 min),ADJOURNED
ST/808/2022,KL-000808-2022,JUDGEMENT,2026-12-15,14:16,14:49,14:16,14:46,ADV-196,4.28,"4+ year case due within 30 days, judgement likely to proceed (99%), waiting 82 days",DISPOSED
ST/873/2022,KL-000873-2022,JUDGEMENT,2026-12-15,14:49,15:21,14:49,15:19,ADV-1090,4.28,"4+ year case due within 30 days, judgement likely to proceed (99%), waiting 82 days",DISPOSED
ST/946/2022,KL-000946-2022,JUDGEMENT,2026-12-15,15:21,15:53,15:21,15:51,ADV-924,4.28,"4+ year case due within 30 days, judgement likely to proceed (99%), waiting 82 days",DISPOSED
ST/1020/2022,KL-001020-2022,JUDGEMENT,2026-12-15,15:53,16:26,15:53,16:23,ADV-867,4.28,"4+ year case due within 30 days, judgement likely to proceed (99%), waiting 82 days",DISPOSED
ST/1146/2022,KL-001146-2022,JUDGEMENT,2026-12-15,16:26,16:58,16:26,16:56,ADV-353,4.31,Judgement → reference gap 21 days. Tue 15 Dec has room (30 of 386 min),DISPOSED
ST/1367/2017,KL-001367-2017,ARGUMENTS,2026-12-15,16:58,17:05,16:58,17:28,ADV-210,9.34,Arguments → reference gap 14 days. Tue 15 Dec has room (51 of 386 min),ADJOURNED
ST/2052/2017,KL-002052-2017,ARGUMENTS,2026-12-15,17:05,17:11,17:05,17:35,ADV-191,9.34,Arguments → reference gap 14 days. Tue 15 Dec has room (203 of 386 min),MOVED_FORWARD
ST/2742/2020,KL-002742-2020,ARGUMENTS,2026-12-15,17:11,17:17,17:11,17:41,ADV-784,6.77,Arguments → reference gap 14 days. Tue 15 Dec has room (108 of 386 min),ADJOURNED
ST/1327/2022,KL-001327-2022,ARGUMENTS,2026-12-15,17:17,17:23,17:17,17:47,ADV-1072,4.68,Arguments → reference gap 14 days. Tue 15 Dec has room (156 of 386 min),ADJOURNED
ST/21/2022,KL-000021-2022,REPORTS,2026-12-16,10:00,10:04,10:00,10:10,ADV-441,4.11,"4+ year case due within 30 days, waiting 83 days, 4.1 years old",ADJOURNED
ST/115/2022,KL-000115-2022,REPORTS,2026-12-16,10:04,10:08,10:04,10:14,ADV-460,4.11,"4+ year case due within 30 days, waiting 83 days, 4.1 years old",DISPOSED
ST/159/2022,KL-000159-2022,REPORTS,2026-12-16,10:08,10:12,10:08,10:18,ADV-842,4.11,"4+ year case due within 30 days, waiting 83 days, 4.1 years old",ADJOURNED
ST/180/2022,KL-000180-2022,REPORTS,2026-12-16,10:12,10:16,10:12,10:22,ADV-214,4.11,"4+ year case due within 30 days, waiting 83 days, 4.1 years old",ADJOURNED
ST/1693/2022,KL-001693-2022,EVIDENCE_ACCUSED,2026-12-16,10:16,10:24,10:16,10:46,ADV-1249,4.19,"4+ year case due within 30 days, waiting 83 days, 4.2 years old",ADJOURNED
ST/1723/2022,KL-001723-2022,EVIDENCE_ACCUSED,2026-12-16,10:24,10:32,10:24,10:54,ADV-1191,4.19,"4+ year case due within 30 days, waiting 83 days, 4.2 years old",MOVED_FORWARD
ST/1812/2022,KL-001812-2022,EVIDENCE_ACCUSED,2026-12-16,10:32,10:40,10:32,11:02,ADV-312,4.19,"4+ year case due within 30 days, waiting 83 days, 4.2 years old",ADJOURNED
ST/1887/2022,KL-001887-2022,EVIDENCE_ACCUSED,2026-12-16,10:40,10:48,10:40,11:10,ADV-871,4.19,"4+ year case due within 30 days, waiting 83 days, 4.2 years old",ADJOURNED
ST/1564/2017,KL-001564-2017,EVIDENCE_ACCUSED,2026-12-16,10:48,10:57,10:48,11:18,ADV-238,9.58,Defence evidence → reference gap 14 days. Wed 16 Dec has room (133 of 386 min),DISPOSED
ST/2957/2020,KL-002957-2020,EVIDENCE_ACCUSED,2026-12-16,10:57,11:05,10:57,11:27,ADV-275,6.78,Defence evidence → reference gap 14 days. Wed 16 Dec has room (95 of 386 min),ADJOURNED
ST/700/2020,KL-000700-2020,EVIDENCE_ACCUSED,2026-12-16,11:05,11:13,11:05,11:35,ADV-958,6.78,Defence evidence → reference gap 14 days. Wed 16 Dec has room (187 of 386 min),ADJOURNED
ST/133/2020,KL-000133-2020,EVIDENCE_ACCUSED,2026-12-16,11:13,11:20,11:13,11:43,ADV-958,6.78,Defence evidence → reference gap 14 days. Wed 16 Dec has room (194 of 386 min); ADV-958 already listed,MOVED_FORWARD
ST/1317/2020,KL-001317-2020,EVIDENCE_ACCUSED,2026-12-16,11:20,11:29,11:20,11:50,ADV-1234,6.40,Defence evidence → reference gap 14 days. Wed 16 Dec has room (141 of 386 min),ADJOURNED
ST/206/2021,KL-000206-2021,EVIDENCE_ACCUSED,2026-12-16,11:29,11:37,11:29,11:59,ADV-854,5.87,Defence evidence → reference gap 14 days. Wed 16 Dec has room (50 of 386 min),MOVED_FORWARD
ST/865/2021,KL-000865-2021,EVIDENCE_COMPLAINANT,2026-12-16,11:37,11:48,11:37,12:07,ADV-796,4.96,Complainant evidence → reference gap 14 days. Wed 16 Dec has room (60 of 386 min),MOVED_FORWARD
ST/209/2021,KL-000209-2021,EVIDENCE_ACCUSED,2026-12-16,11:48,11:55,11:48,12:18,ADV-530,5.87,Defence evidence → reference gap 14 days. Wed 16 Dec has room (148 of 386 min),ADJOURNED
ST/1500/2021,KL-001500-2021,EVIDENCE_COMPLAINANT,2026-12-16,11:55,12:06,11:55,12:25,ADV-436,4.96,Complainant evidence → reference gap 14 days. Wed 16 Dec has room (105 of 386 min),ADJOURNED
ST/2705/2022,KL-002705-2022,EVIDENCE_COMPLAINANT,2026-12-16,12:06,12:18,12:06,12:36,ADV-393,4.79,Complainant evidence → reference gap 14 days. Wed 16 Dec has room (158 of 386 min),ADJOURNED
ST/1548/2021,KL-001548-2021,EVIDENCE_ACCUSED,2026-12-16,12:18,12:26,12:18,12:48,ADV-1062,4.96,Defence evidence → reference gap 14 days. Wed 16 Dec has room (208 of 386 min),ADJOURNED
ST/1863/2021,KL-001863-2021,EVIDENCE_ACCUSED,2026-12-16,12:26,12:33,12:26,12:56,ADV-1124,4.96,Defence evidence → reference gap 14 days. Wed 16 Dec has room (216 of 386 min),ADJOURNED
ST/2457/2021,KL-002457-2021,EVIDENCE_ACCUSED,2026-12-16,12:33,12:41,12:33,13:03,ADV-202,4.96,Defence evidence → reference gap 14 days. Wed 16 Dec has room (223 of 386 min),ADJOURNED
ST/2621/2021,KL-002621-2021,EVIDENCE_ACCUSED,2026-12-16,12:41,12:49,12:41,13:11,ADV-028,4.96,Defence evidence → reference gap 14 days. Wed 16 Dec has room (201 of 386 min); ADV-028 already listed,ADJOURNED
ST/49/2022,KL-000049-2022,EVIDENCE_ACCUSED,2026-12-16,12:49,12:57,12:49,13:19,ADV-214,4.68,Defence evidence → reference gap 14 days. Wed 16 Dec has room (42 of 386 min); ADV-214 already listed,ADJOURNED
ST/2516/2022,KL-002516-2022,EVIDENCE_ACCUSED,2026-12-16,12:57,13:05,12:57,13:27,ADV-881,4.32,Defence evidence → reference gap 14 days. Wed 16 Dec has room (35 of 386 min); ADV-881 already listed,MOVED_FORWARD
ST/1274/2022,KL-001274-2022,EVIDENCE_ACCUSED,2026-12-16,13:05,13:14,13:05,13:35,ADV-397,4.68,Defence evidence → reference gap 14 days. Wed 16 Dec has room (88 of 386 min),MOVED_FORWARD
ST/1298/2022,KL-001298-2022,EVIDENCE_ACCUSED,2026-12-16,13:14,13:22,13:14,13:44,ADV-971,4.68,Defence evidence → reference gap 14 days. Wed 16 Dec has room (118 of 386 min),ADJOURNED
ST/1306/2022,KL-001306-2022,EVIDENCE_ACCUSED,2026-12-16,13:22,13:30,13:22,13:52,ADV-971,4.68,Defence evidence → reference gap 14 days. Wed 16 Dec has room (125 of 386 min); ADV-971 already listed,ADJOURNED
ST/641/2022,KL-000641-2022,EVIDENCE_ACCUSED,2026-12-16,13:30,14:00,13:30,14:00,ADV-910,4.68,Defence evidence → reference gap 14 days. Wed 16 Dec has room (73 of 386 min),ADJOURNED
ST/1071/2022,KL-001071-2022,EVIDENCE_ACCUSED,2026-12-16,14:00,14:08,14:00,14:30,ADV-123,4.68,Defence evidence → reference gap 14 days. Wed 16 Dec has room (80 of 386 min),ADJOURNED
ST/2034/2022,KL-002034-2022,EVIDENCE_ACCUSED,2026-12-16,14:08,14:16,14:08,14:38,ADV-184,4.68,Defence evidence → reference gap 14 days. Wed 16 Dec has room (172 of 386 min),ADJOURNED
ST/2438/2022,KL-002438-2022,EVIDENCE_ACCUSED,2026-12-16,14:16,14:24,14:16,14:46,ADV-016,4.68,Defence evidence → reference gap 14 days. Wed 16 Dec has room (180 of 386 min),ADJOURNED
ST/1050/2022,KL-001050-2022,JUDGEMENT,2026-12-16,14:24,14:57,14:24,14:54,ADV-576,4.28,"4+ year case due within 30 days, judgement likely to proceed (99%), waiting 83 days",DISPOSED
ST/1216/2022,KL-001216-2022,JUDGEMENT,2026-12-16,14:57,15:29,14:57,15:27,ADV-1251,4.28,"4+ year case due within 30 days, judgement likely to proceed (99%), waiting 83 days",DISPOSED
ST/1321/2022,KL-001321-2022,JUDGEMENT,2026-12-16,15:29,16:01,15:29,15:59,ADV-831,4.28,"4+ year case due within 30 days, judgement likely to proceed (99%), waiting 83 days",DISPOSED
ST/1343/2022,KL-001343-2022,JUDGEMENT,2026-12-16,16:01,16:34,16:01,16:31,ADV-590,4.28,"4+ year case due within 30 days, judgement likely to proceed (99%), waiting 83 days",ADJOURNED
ST/1386/2017,KL-001386-2017,JUDGEMENT,2026-12-16,16:34,17:03,16:34,17:04,ADV-909,9.08,Judgement → reference gap 21 days. Wed 16 Dec has room (27 of 386 min),NOT_REACHED
ST/2776/2017,KL-002776-2017,ARGUMENTS,2026-12-16,17:03,17:10,17:03,17:33,ADV-1187,9.34,Arguments → reference gap 14 days. Wed 16 Dec has room (66 of 386 min),NOT_REACHED
ST/804/2017,KL-000804-2017,ARGUMENTS,2026-12-16,17:10,17:16,17:10,17:40,ADV-028,9.58,Arguments → reference gap 14 days. Wed 16 Dec has room (111 of 386 min),NOT_REACHED
ST/2633/2017,KL-002633-2017,ARGUMENTS,2026-12-16,17:16,17:22,17:16,17:46,ADV-657,9.58,Arguments → reference gap 14 days. Wed 16 Dec has room (164 of 386 min),NOT_REACHED
ST/406/2022,KL-000406-2022,REPORTS,2026-12-17,10:00,10:04,10:00,10:10,ADV-444,4.11,"4+ year case due within 30 days, waiting 84 days, 4.1 years old",ADJOURNED
ST/420/2022,KL-000420-2022,REPORTS,2026-12-17,10:04,10:08,10:04,10:14,ADV-358,4.11,"4+ year case due within 30 days, waiting 84 days, 4.1 years old",ADJOURNED
ST/445/2022,KL-000445-2022,REPORTS,2026-12-17,10:08,10:12,10:08,10:18,ADV-1157,4.11,"4+ year case due within 30 days, waiting 84 days, 4.1 years old",ADJOURNED
ST/1981/2022,KL-001981-2022,EVIDENCE_ACCUSED,2026-12-17,10:12,10:20,10:12,10:42,ADV-1136,4.19,"4+ year case due within 30 days, waiting 84 days, 4.2 years old",ADJOURNED
ST/2022/2022,KL-002022-2022,EVIDENCE_ACCUSED,2026-12-17,10:20,10:28,10:20,10:50,ADV-583,4.19,"4+ year case due within 30 days, waiting 84 days, 4.2 years old",ADJOURNED
ST/2023/2022,KL-002023-2022,EVIDENCE_ACCUSED,2026-12-17,10:28,10:36,10:28,10:58,ADV-861,4.19,"4+ year case due within 30 days, waiting 84 days, 4.2 years old",ADJOURNED
ST/2050/2022,KL-002050-2022,EVIDENCE_ACCUSED,2026-12-17,10:36,10:44,10:36,11:06,ADV-1150,4.19,"4+ year case due within 30 days, waiting 84 days, 4.2 years old",ADJOURNED
ST/2086/2022,KL-002086-2022,EVIDENCE_ACCUSED,2026-12-17,10:44,10:53,10:44,11:14,ADV-429,4.19,"4+ year case due within 30 days, waiting 84 days, 4.2 years old",ADJOURNED
ST/2305/2017,KL-002305-2017,EVIDENCE_ACCUSED,2026-12-17,10:53,11:01,10:53,11:23,ADV-295,9.58,Defence evidence → reference gap 14 days. Thu 17 Dec has room (205 of 386 min),ADJOURNED
ST/2114/2017,KL-002114-2017,EVIDENCE_ACCUSED,2026-12-17,11:01,11:08,11:01,11:31,ADV-032,9.58,Defence evidence → reference gap 14 days. Thu 17 Dec has room (143 of 386 min),ADJOURNED
ST/1600/2020,KL-001600-2020,EVIDENCE_ACCUSED,2026-12-17,11:08,11:16,11:08,11:38,ADV-920,6.41,Defence evidence → reference gap 14 days. Thu 17 Dec has room (14 of 386 min); ADV-920 already listed,ADJOURNED
ST/2816/2020,KL-002816-2020,EVIDENCE_ACCUSED,2026-12-17,11:16,11:24,11:16,11:46,ADV-073,6.78,Defence evidence → reference gap 14 days. Thu 17 Dec has room (55 of 386 min),ADJOURNED
ST/581/2020,KL-000581-2020,EVIDENCE_ACCUSED,2026-12-17,11:24,11:31,11:24,11:54,ADV-1111,6.78,Defence evidence → reference gap 14 days. Thu 17 Dec has room (212 of 386 min),MOVED_FORWARD
ST/1595/2020,KL-001595-2020,EVIDENCE_ACCUSED,2026-12-17,11:31,11:39,11:31,12:01,ADV-778,6.41,Defence evidence → reference gap 14 days. Thu 17 Dec has room (151 of 386 min),ADJOURNED
ST/86/2020,KL-000086-2020,EVIDENCE_ACCUSED,2026-12-17,11:39,11:47,11:39,12:09,ADV-455,6.41,Defence evidence → reference gap 14 days. Thu 17 Dec has room (95 of 386 min),ADJOURNED
ST/2820/2020,KL-002820-2020,EVIDENCE_ACCUSED,2026-12-17,11:47,11:54,11:47,12:17,ADV-716,6.41,Defence evidence → reference gap 14 days. Thu 17 Dec has room (102 of 386 min),ADJOURNED
ST/1980/2022,KL-001980-2022,EVIDENCE_COMPLAINANT,2026-12-17,11:54,12:10,11:54,12:24,ADV-767,4.55,Complainant evidence → reference gap 14 days. Thu 17 Dec has room (42 of 386 min); ADV-767 already listed,MOVED_FORWARD
ST/2774/2020,KL-002774-2020,EVIDENCE_ACCUSED,2026-12-17,12:10,12:16,12:10,12:40,ADV-031,6.41,Defence evidence → reference gap 14 days. Thu 17 Dec has room (157 of 386 min),ADJOURNED
ST/2671/2022,KL-002671-2022,EVIDENCE_COMPLAINANT,2026-12-17,12:16,12:31,12:16,12:46,ADV-446,4.55,Complainant evidence → reference gap 14 days. Thu 17 Dec has room (69 of 386 min),ADJOURNED
ST/2804/2022,KL-002804-2022,EVIDENCE_COMPLAINANT,2026-12-17,12:31,12:44,12:31,13:01,ADV-1174,4.79,Complainant evidence → reference gap 14 days. Thu 17 Dec has room (169 of 386 min),ADJOURNED
ST/723/2021,KL-000723-2021,EVIDENCE_ACCUSED,2026-12-17,12:44,12:52,12:44,13:14,ADV-947,4.96,Defence evidence → reference gap 14 days. Thu 17 Dec has room (21 of 386 min); ADV-947 already listed,ADJOURNED
ST/1163/2021,KL-001163-2021,EVIDENCE_ACCUSED,2026-12-17,12:52,13:00,12:52,13:22,ADV-710,4.96,Defence evidence → reference gap 14 days. Thu 17 Dec has room (29 of 386 min); ADV-710 already listed,ADJOURNED
ST/518/2022,KL-000518-2022,EVIDENCE_COMPLAINANT,2026-12-17,13:00,13:11,13:00,13:30,ADV-1138,4.79,Complainant evidence → reference gap 14 days. Thu 17 Dec has room (239 of 386 min),ADJOURNED
ST/692/2022,KL-000692-2022,EVIDENCE_ACCUSED,2026-12-17,13:11,13:21,13:11,13:41,ADV-790,4.55,Defence evidence → reference gap 14 days. Thu 17 Dec has room (178 of 386 min),ADJOURNED
ST/1254/2022,KL-001254-2022,EVIDENCE_ACCUSED,2026-12-17,13:21,13:30,13:21,13:51,ADV-428,4.55,Defence evidence → reference gap 14 days. Thu 17 Dec has room (111 of 386 min),ADJOURNED
ST/1684/2022,KL-001684-2022,EVIDENCE_ACCUSED,2026-12-17,14:00,14:10,14:00,14:30,ADV-088,4.55,Defence evidence → reference gap 14 days. Thu 17 Dec has room (221 of 386 min),MOVED_FORWARD
ST/2129/2022,KL-002129-2022,EVIDENCE_ACCUSED,2026-12-17,14:10,14:18,14:10,14:40,ADV-853,4.79,Defence evidence → reference gap 14 days. Thu 17 Dec has room (118 of 386 min),MOVED_FORWARD
ST/2525/2022,KL-002525-2022,EVIDENCE_ACCUSED,2026-12-17,14:18,14:26,14:18,14:48,ADV-773,4.79,Defence evidence → reference gap 14 days. Thu 17 Dec has room (229 of 386 min),ADJOURNED
ST/36/2022,KL-000036-2022,EVIDENCE_ACCUSED,2026-12-17,14:26,14:34,14:26,14:56,ADV-1205,4.79,Defence evidence → reference gap 14 days. Thu 17 Dec has room (245 of 386 min),MOVED_FORWARD
ST/1668/2022,KL-001668-2022,EVIDENCE_ACCUSED,2026-12-17,14:34,14:41,14:34,15:04,ADV-175,4.68,Defence evidence → reference gap 14 days. Thu 17 Dec has room (88 of 386 min),ADJOURNED
ST/1813/2022,KL-001813-2022,EVIDENCE_ACCUSED,2026-12-17,14:41,14:49,14:41,15:11,ADV-664,4.68,Defence evidence → reference gap 14 days. Thu 17 Dec has room (131 of 386 min),ADJOURNED
ST/2932/2022,KL-002932-2022,EVIDENCE_ACCUSED,2026-12-17,14:49,14:57,14:49,15:19,ADV-685,4.68,Defence evidence → reference gap 14 days. Thu 17 Dec has room (197 of 386 min),ADJOURNED
ST/1466/2022,KL-001466-2022,JUDGEMENT,2026-12-17,14:57,15:29,14:57,15:27,ADV-119,4.28,"4+ year case due within 30 days, judgement likely to proceed (99%), waiting 84 days",DISPOSED
ST/1484/2022,KL-001484-2022,JUDGEMENT,2026-12-17,15:29,16:01,15:29,15:59,ADV-077,4.28,"4+ year case due within 30 days, judgement likely to proceed (99%), waiting 84 days",DISPOSED
ST/1489/2022,KL-001489-2022,JUDGEMENT,2026-12-17,16:01,16:34,16:01,16:31,ADV-838,4.28,"4+ year case due within 30 days, judgement likely to proceed (99%), waiting 84 days",DISPOSED
ST/2669/2021,KL-002669-2021,ARGUMENTS,2026-12-17,16:34,16:40,16:34,17:04,ADV-956,5.00,Not reached on Thu 10 Dec; earliest day with room. Thu 17 Dec has room (251 of 386 min),ADJOURNED
ST/2338/2022,KL-002338-2022,ARGUMENTS,2026-12-17,16:40,16:47,16:40,17:10,ADV-725,4.32,Not reached on Thu 10 Dec; earliest day with room. Thu 17 Dec has room (257 of 386 min),ADJOURNED
ST/2021/2017,KL-002021-2017,ARGUMENTS,2026-12-17,16:47,16:53,16:47,17:17,ADV-1110,9.34,Arguments → reference gap 14 days. Thu 17 Dec has room (6 of 386 min); ADV-1110 already listed,ADJOURNED
ST/2187/2017,KL-002187-2017,ARGUMENTS,2026-12-17,16:53,17:00,16:53,17:23,ADV-1088,9.34,Arguments → reference gap 14 days. Thu 17 Dec has room (48 of 386 min),ADJOURNED
ST/2796/2017,KL-002796-2017,ARGUMENTS,2026-12-17,17:00,17:06,17:00,17:30,ADV-258,9.58,Arguments → reference gap 14 days. Thu 17 Dec has room (184 of 386 min),ADJOURNED
ST/442/2017,KL-000442-2017,ARGUMENTS,2026-12-17,17:06,17:13,17:06,17:36,ADV-031,9.34,Arguments → reference gap 14 days. Thu 17 Dec has room (190 of 386 min); ADV-031 already listed,ADJOURNED
ST/223/2020,KL-000223-2020,ARGUMENTS,2026-12-17,17:13,17:19,17:13,17:43,ADV-978,6.41,Arguments → reference gap 14 days. Thu 17 Dec has room (124 of 386 min),ADJOURNED
ST/509/2021,KL-000509-2021,ARGUMENTS,2026-12-17,17:19,17:26,17:19,17:49,ADV-074,5.87,Arguments → reference gap 14 days. Thu 17 Dec has room (75 of 386 min),ADJOURNED
ST/1329/2022,KL-001329-2022,ARGUMENTS,2026-12-17,17:26,17:32,17:26,17:56,ADV-061,4.68,Arguments → reference gap 14 days. Thu 17 Dec has room (81 of 386 min),ADJOURNED
ST/2280/2022,KL-002280-2022,ARGUMENTS,2026-12-17,17:32,17:38,17:32,18:02,ADV-250,4.68,Arguments → reference gap 14 days. Thu 17 Dec has room (137 of 386 min),ADJOURNED
ST/556/2022,KL-000556-2022,REPORTS,2026-12-18,10:00,10:04,10:00,10:10,ADV-564,4.12,"4+ year case due within 30 days, waiting 85 days, 4.1 years old",ADJOURNED
ST/629/2022,KL-000629-2022,REPORTS,2026-12-18,10:04,10:08,10:04,10:14,ADV-1066,4.12,"4+ year case due within 30 days, waiting 85 days, 4.1 years old",ADJOURNED
ST/667/2022,KL-000667-2022,REPORTS,2026-12-18,10:08,10:12,10:08,10:18,ADV-743,4.12,"4+ year case due within 30 days, waiting 85 days, 4.1 years old",ADJOURNED
ST/2195/2022,KL-002195-2022,EVIDENCE_ACCUSED,2026-12-18,10:12,10:20,10:12,10:42,ADV-467,4.19,"4+ year case due within 30 days, waiting 85 days, 4.2 years old",ADJOURNED
ST/2149/2021,KL-002149-2021,EVIDENCE_ACCUSED,2026-12-18,10:20,10:28,10:20,10:50,ADV-467,4.96,Defence evidence → reference gap 14 days. Fri 18 Dec has room (206 of 386 min); ADV-467 already listed,ADJOURNED
ST/2258/2022,KL-002258-2022,EVIDENCE_ACCUSED,2026-12-18,10:28,10:36,10:28,10:58,ADV-364,4.19,"4+ year case due within 30 days, waiting 85 days, 4.2 years old",ADJOURNED
ST/1170/2017,KL-001170-2017,EVIDENCE_ACCUSED,2026-12-18,10:36,10:43,10:36,11:06,ADV-851,9.58,Defence evidence → reference gap 14 days. Fri 18 Dec has room (7 of 386 min); ADV-851 already listed,ADJOURNED
ST/1103/2017,KL-001103-2017,EVIDENCE_ACCUSED,2026-12-18,10:43,10:52,10:43,11:13,ADV-240,9.58,Defence evidence → reference gap 14 days. Fri 18 Dec has room (63 of 386 min); ADV-240 already listed,ADJOURNED
ST/2997/2017,KL-002997-2017,EVIDENCE_ACCUSED,2026-12-18,10:52,10:59,10:52,11:22,ADV-1077,9.35,Defence evidence → reference gap 14 days. Fri 18 Dec has room (14 of 386 min),ADJOURNED
ST/226/2017,KL-000226-2017,EVIDENCE_ACCUSED,2026-12-18,10:59,11:07,10:59,11:29,ADV-973,9.35,Defence evidence → reference gap 14 days. Fri 18 Dec has room (168 of 386 min),ADJOURNED
ST/2707/2020,KL-002707-2020,EVIDENCE_ACCUSED,2026-12-18,11:07,11:16,11:07,11:37,ADV-519,6.41,Defence evidence → reference gap 14 days. Fri 18 Dec has room (22 of 386 min),ADJOURNED
ST/218/2020,KL-000218-2020,EVIDENCE_ACCUSED,2026-12-18,11:16,11:23,11:16,11:46,ADV-542,6.78,Defence evidence → reference gap 14 days. Fri 18 Dec has room (174 of 386 min),ADJOURNED
ST/2141/2020,KL-002141-2020,EVIDENCE_ACCUSED,2026-12-18,11:23,11:31,11:23,11:53,ADV-476,6.41,Defence evidence → reference gap 14 days. Fri 18 Dec has room (222 of 386 min),ADJOURNED
ST/2725/2022,KL-002725-2022,EVIDENCE_COMPLAINANT,2026-12-18,11:31,11:47,11:31,12:01,ADV-271,4.56,Complainant evidence → reference gap 14 days. Fri 18 Dec has room (130 of 386 min),ADJOURNED
ST/745/2022,KL-000745-2022,EVIDENCE_COMPLAINANT,2026-12-18,11:47,12:03,11:47,12:17,ADV-305,4.56,Complainant evidence → reference gap 14 days. Fri 18 Dec has room (236 of 386 min),MOVED_FORWARD
ST/639/2022,KL-000639-2022,EVIDENCE_COMPLAINANT,2026-12-18,12:03,12:18,12:03,12:33,ADV-105,4.56,Complainant evidence → reference gap 14 days. Fri 18 Dec has room (188 of 386 min),MOVED_FORWARD
ST/2036/2021,KL-002036-2021,EVIDENCE_COMPLAINANT,2026-12-18,12:18,12:31,12:18,12:48,ADV-286,4.96,Complainant evidence → reference gap 14 days. Fri 18 Dec has room (115 of 386 min); ADV-286 already listed,ADJOURNED
ST/2919/2021,KL-002919-2021,EVIDENCE_COMPLAINANT,2026-12-18,12:31,12:44,12:31,13:01,ADV-859,4.96,Complainant evidence → reference gap 14 days. Fri 18 Dec has room (248 of 386 min),ADJOURNED
ST/2331/2022,KL-002331-2022,EVIDENCE_COMPLAINANT,2026-12-18,12:44,12:55,12:44,13:14,ADV-710,4.79,Complainant evidence → reference gap 14 days. Fri 18 Dec has room (40 of 386 min); ADV-710 already listed,ADJOURNED
ST/2795/2022,KL-002795-2022,EVIDENCE_COMPLAINANT,2026-12-18,12:55,13:07,12:55,13:25,ADV-509,4.79,Complainant evidence → reference gap 14 days. Fri 18 Dec has room (199 of 386 min),ADJOURNED
ST/2801/2022,KL-002801-2022,EVIDENCE_ACCUSED,2026-12-18,13:07,13:17,13:07,13:37,ADV-157,4.56,Defence evidence → reference gap 14 days. Fri 18 Dec has room (72 of 386 min),ADJOURNED
ST/2440/2022,KL-002440-2022,EVIDENCE_COMPLAINANT,2026-12-18,13:17,13:27,13:17,13:47,ADV-702,4.79,Complainant evidence → reference gap 14 days. Fri 18 Dec has room (139 of 386 min),MOVED_FORWARD
ST/2312/2022,KL-002312-2022,EVIDENCE_ACCUSED,2026-12-18,13:27,13:30,13:27,13:57,ADV-1168,4.79,Defence evidence → reference gap 14 days. Fri 18 Dec has room (29 of 386 min),ADJOURNED
ST/1027/2021,KL-001027-2021,EVIDENCE_ACCUSED,2026-12-18,14:00,14:08,14:00,14:30,ADV-265,5.00,Defence evidence → reference gap 14 days. Fri 18 Dec has room (263 of 386 min),ADJOURNED
ST/2982/2022,KL-002982-2022,EVIDENCE_ACCUSED,2026-12-18,14:08,14:16,14:08,14:38,ADV-997,4.79,Defence evidence → reference gap 14 days. Fri 18 Dec has room (255 of 386 min),ADJOURNED
ST/1424/2022,KL-001424-2022,EVIDENCE_ACCUSED,2026-12-18,14:16,14:24,14:16,14:46,ADV-574,4.69,Defence evidence → reference gap 14 days. Fri 18 Dec has room (48 of 386 min),MOVED_FORWARD
ST/1427/2022,KL-001427-2022,EVIDENCE_ACCUSED,2026-12-18,14:24,14:32,14:24,14:54,ADV-325,4.69,Defence evidence → reference gap 14 days. Fri 18 Dec has room (55 of 386 min); ADV-325 already listed,ADJOURNED
ST/2659/2022,KL-002659-2022,EVIDENCE_ACCUSED,2026-12-18,14:32,14:41,14:32,15:02,ADV-658,4.69,Defence evidence → reference gap 14 days. Fri 18 Dec has room (153 of 386 min),ADJOURNED
ST/241/2022,KL-000241-2022,EVIDENCE_ACCUSED,2026-12-18,14:41,14:49,14:41,15:11,ADV-264,4.25,Defence evidence → reference gap 14 days. Fri 18 Dec has room (161 of 386 min),ADJOURNED
ST/2112/2022,KL-002112-2022,EVIDENCE_ACCUSED,2026-12-18,14:49,14:57,14:49,15:19,ADV-873,4.69,Defence evidence → reference gap 14 days. Fri 18 Dec has room (97 of 386 min),ADJOURNED
ST/329/2022,KL-000329-2022,EVIDENCE_ACCUSED,2026-12-18,14:57,15:05,14:57,15:27,ADV-495,4.25,Defence evidence → reference gap 14 days. Fri 18 Dec has room (214 of 386 min),ADJOURNED
ST/1538/2022,KL-001538-2022,JUDGEMENT,2026-12-18,15:05,15:38,15:05,15:35,ADV-912,4.28,"4+ year case due within 30 days, judgement likely to proceed (99%), waiting 85 days",DISPOSED
ST/1579/2022,KL-001579-2022,JUDGEMENT,2026-12-18,15:38,16:10,15:38,16:08,ADV-347,4.28,"4+ year case due within 30 days, judgement likely to proceed (99%), waiting 85 days",DISPOSED
ST/1816/2022,KL-001816-2022,JUDGEMENT,2026-12-18,16:10,16:42,16:10,16:40,ADV-375,4.28,"4+ year case due within 30 days, judgement likely to proceed (99%), waiting 85 days",DISPOSED
ST/333/2017,KL-000333-2017,ARGUMENTS,2026-12-18,16:42,16:49,16:42,17:12,ADV-313,9.35,Arguments → reference gap 14 days. Fri 18 Dec has room (79 of 386 min),MOVED_FORWARD
ST/2127/2017,KL-002127-2017,ARGUMENTS,2026-12-18,16:49,16:56,16:49,17:19,ADV-313,9.35,Arguments → reference gap 14 days. Fri 18 Dec has room (268 of 386 min); ADV-313 already listed,ADJOURNED
ST/1155/2017,KL-001155-2017,ARGUMENTS,2026-12-18,16:56,17:02,16:56,17:26,ADV-286,9.35,Arguments → reference gap 14 days. Fri 18 Dec has room (103 of 386 min),ADJOURNED
ST/791/2020,KL-000791-2020,ARGUMENTS,2026-12-18,17:02,17:08,17:02,17:32,ADV-142,6.78,Arguments → reference gap 14 days. Fri 18 Dec has room (84 of 386 min),MOVED_FORWARD
ST/87/2020,KL-000087-2020,ARGUMENTS,2026-12-18,17:08,17:15,17:08,17:38,ADV-229,6.78,Arguments → reference gap 14 days. Fri 18 Dec has room (145 of 386 min),ADJOURNED
ST/380/2021,KL-000380-2021,ARGUMENTS,2026-12-18,17:15,17:21,17:15,17:45,ADV-498,5.87,Arguments → reference gap 14 days. Fri 18 Dec has room (90 of 386 min),ADJOURNED
ST/876/2022,KL-000876-2022,REPORTS,2026-12-21,10:00,10:04,10:00,10:10,ADV-761,4.13,"4+ year case due within 30 days, waiting 88 days, 4.1 years old",MOVED_FORWARD
ST/897/2022,KL-000897-2022,REPORTS,2026-12-21,10:04,10:08,10:04,10:14,ADV-672,4.13,"4+ year case due within 30 days, waiting 88 days, 4.1 years old",ADJOURNED
ST/940/2022,KL-000940-2022,REPORTS,2026-12-21,10:08,10:12,10:08,10:18,ADV-643,4.13,"4+ year case due within 30 days, waiting 88 days, 4.1 years old",ADJOURNED
ST/2324/2022,KL-002324-2022,EVIDENCE_ACCUSED,2026-12-21,10:12,10:20,10:12,10:42,ADV-500,4.20,"4+ year case due within 30 days, waiting 88 days, 4.2 years old",ADJOURNED
ST/2380/2022,KL-002380-2022,EVIDENCE_ACCUSED,2026-12-21,10:20,10:28,10:20,10:50,ADV-645,4.20,"4+ year case due within 30 days, waiting 88 days, 4.2 years old",ADJOURNED
ST/2396/2022,KL-002396-2022,EVIDENCE_ACCUSED,2026-12-21,10:28,10:36,10:28,10:58,ADV-041,4.20,"4+ year case due within 30 days, waiting 88 days, 4.2 years old",MOVED_FORWARD
ST/2481/2022,KL-002481-2022,EVIDENCE_ACCUSED,2026-12-21,10:36,10:44,10:36,11:06,ADV-1248,4.20,"4+ year case due within 30 days, waiting 88 days, 4.2 years old",ADJOURNED
ST/2551/2022,KL-002551-2022,EVIDENCE_ACCUSED,2026-12-21,10:44,10:53,10:44,11:14,ADV-759,4.20,"4+ year case due within 30 days, waiting 88 days, 4.2 years old",ADJOURNED
ST/2584/2022,KL-002584-2022,EVIDENCE_ACCUSED,2026-12-21,10:53,11:01,10:53,11:23,ADV-095,4.20,"4+ year case due within 30 days, waiting 88 days, 4.2 years old",ADJOURNED
ST/1708/2017,KL-001708-2017,EVIDENCE_ACCUSED,2026-12-21,11:01,11:09,11:01,11:31,ADV-691,9.59,Defence evidence → reference gap 14 days. Mon 21 Dec has room (46 of 386 min),ADJOURNED
ST/952/2017,KL-000952-2017,EVIDENCE_ACCUSED,2026-12-21,11:09,11:18,11:09,11:39,ADV-277,9.36,Defence evidence → reference gap 14 days. Mon 21 Dec has room (172 of 386 min),ADJOURNED
ST/359/2020,KL-000359-2020,EVIDENCE_ACCUSED,2026-12-21,11:18,11:26,11:18,11:48,ADV-237,6.79,Defence evidence → reference gap 14 days. Mon 21 Dec has room (108 of 386 min); ADV-237 already listed,ADJOURNED
ST/172/2020,KL-000172-2020,EVIDENCE_ACCUSED,2026-12-21,11:26,11:33,11:26,11:56,ADV-1183,6.79,Defence evidence → reference gap 14 days. Mon 21 Dec has room (53 of 386 min),ADJOURNED
ST/826/2020,KL-000826-2020,EVIDENCE_ACCUSED,2026-12-21,11:33,11:41,11:33,12:03,ADV-1139,6.79,Defence evidence → reference gap 14 days. Mon 21 Dec has room (115 of 386 min); ADV-1139 already listed,ADJOURNED
ST/910/2020,KL-000910-2020,EVIDENCE_ACCUSED,2026-12-21,11:41,11:48,11:41,12:11,ADV-1142,6.79,Defence evidence → reference gap 14 days. Mon 21 Dec has room (59 of 386 min),MOVED_FORWARD
ST/10/2020,KL-000010-2020,EVIDENCE_ACCUSED,2026-12-21,11:48,11:56,11:48,12:18,ADV-1024,6.79,Defence evidence → reference gap 14 days. Mon 21 Dec has room (179 of 386 min),ADJOURNED
ST/1578/2022,KL-001578-2022,EVIDENCE_COMPLAINANT,2026-12-21,11:56,12:12,11:56,12:26,ADV-252,4.56,Complainant evidence → reference gap 14 days. Mon 21 Dec has room (14 of 386 min),ADJOURNED
ST/1011/2021,KL-001011-2021,EVIDENCE_ACCUSED,2026-12-21,12:12,12:20,12:12,12:42,ADV-445,5.88,Defence evidence → reference gap 14 days. Mon 21 Dec has room (73 of 386 min),ADJOURNED
ST/2711/2022,KL-002711-2022,EVIDENCE_COMPLAINANT,2026-12-21,12:20,12:31,12:20,12:50,ADV-345,4.80,Complainant evidence → reference gap 14 days. Mon 21 Dec has room (25 of 386 min),ADJOURNED
ST/2168/2021,KL-002168-2021,EVIDENCE_COMPLAINANT,2026-12-21,12:31,12:43,12:31,13:01,ADV-246,4.97,Complainant evidence → reference gap 14 days. Mon 21 Dec has room (190 of 386 min),MOVED_FORWARD
ST/1599/2021,KL-001599-2021,EVIDENCE_COMPLAINANT,2026-12-21,12:43,12:54,12:43,13:13,ADV-1204,4.97,Complainant evidence → reference gap 14 days. Mon 21 Dec has room (131 of 386 min),ADJOURNED
ST/2888/2022,KL-002888-2022,EVIDENCE_COMPLAINANT,2026-12-21,12:54,13:06,12:54,13:24,ADV-213,4.80,Complainant evidence → reference gap 14 days. Mon 21 Dec has room (142 of 386 min),MOVED_FORWARD
ST/513/2021,KL-000513-2021,EVIDENCE_ACCUSED,2026-12-21,13:06,13:13,13:06,13:36,ADV-162,4.97,Defence evidence → reference gap 14 days. Mon 21 Dec has room (87 of 386 min),ADJOURNED
ST/2964/2022,KL-002964-2022,EVIDENCE_ACCUSED,2026-12-21,13:13,13:21,13:13,13:43,ADV-351,4.80,Defence evidence → reference gap 14 days. Mon 21 Dec has room (81 of 386 min),MOVED_FORWARD
ST/899/2021,KL-000899-2021,EVIDENCE_ACCUSED,2026-12-21,13:21,13:29,13:21,13:51,ADV-383,5.01,Defence evidence → reference gap 14 days. Mon 21 Dec has room (197 of 386 min),ADJOURNED
ST/2817/2022,KL-002817-2022,EVIDENCE_ACCUSED,2026-12-21,13:29,13:30,13:29,13:59,ADV-514,4.70,Defence evidence → reference gap 14 days. Mon 21 Dec has room (38 of 386 min),ADJOURNED
ST/408/2022,KL-000408-2022,EVIDENCE_ACCUSED,2026-12-21,14:00,14:08,14:00,14:30,ADV-805,4.26,Defence evidence → reference gap 14 days. Mon 21 Dec has room (101 of 386 min),MOVED_FORWARD
ST/462/2022,KL-000462-2022,EVIDENCE_ACCUSED,2026-12-21,14:08,14:17,14:08,14:38,ADV-1191,4.26,Defence evidence → reference gap 14 days. Mon 21 Dec has room (156 of 386 min),ADJOURNED
ST/834/2022,KL-000834-2022,EVIDENCE_ACCUSED,2026-12-21,14:17,14:25,14:17,14:47,ADV-832,4.26,Defence evidence → reference gap 14 days. Mon 21 Dec has room (164 of 386 min),ADJOURNED
ST/1867/2022,KL-001867-2022,JUDGEMENT,2026-12-21,14:25,14:58,14:25,14:55,ADV-591,4.29,"4+ year case due within 30 days, judgement likely to proceed (99%), waiting 88 days",DISPOSED
ST/1946/2022,KL-001946-2022,JUDGEMENT,2026-12-21,14:58,15:30,14:58,15:28,ADV-912,4.29,"4+ year case due within 30 days, judgement likely to proceed (99%), waiting 88 days",DISPOSED
ST/2214/2022,KL-002214-2022,JUDGEMENT,2026-12-21,15:30,16:02,15:30,16:00,ADV-774,4.29,"4+ year case due within 30 days, judgement likely to proceed (99%), waiting 88 days",ADJOURNED
ST/2215/2022,KL-002215-2022,JUDGEMENT,2026-12-21,16:02,16:35,16:02,16:32,ADV-1013,4.29,"4+ year case due within 30 days, judgement likely to proceed (99%), waiting 88 days",NOT_REACHED
ST/2894/2017,KL-002894-2017,ARGUMENTS,2026-12-21,16:35,16:41,16:35,17:05,ADV-409,9.59,Arguments → reference gap 14 days. Mon 21 Dec has room (93 of 386 min),NOT_REACHED
ST/2833/2017,KL-002833-2017,ARGUMENTS,2026-12-21,16:41,16:48,16:41,17:11,ADV-1037,9.36,Arguments → reference gap 14 days. Mon 21 Dec has room (148 of 386 min),NOT_REACHED
ST/2164/2017,KL-002164-2017,ARGUMENTS,2026-12-21,16:48,16:54,16:48,17:18,ADV-1054,9.59,Arguments → reference gap 14 days. Mon 21 Dec has room (203 of 386 min),NOT_REACHED
ST/2266/2020,KL-002266-2020,ARGUMENTS,2026-12-21,16:54,17:01,16:54,17:24,ADV-1119,6.79,Arguments → reference gap 14 days. Mon 21 Dec has room (30 of 386 min),NOT_REACHED
ST/1701/2021,KL-001701-2021,ARGUMENTS,2026-12-21,17:01,17:07,17:01,17:31,ADV-1120,5.88,Arguments → reference gap 14 days. Mon 21 Dec has room (65 of 386 min),NOT_REACHED
ST/618/2021,KL-000618-2021,ARGUMENTS,2026-12-21,17:07,17:13,17:07,17:37,ADV-516,5.88,Arguments → reference gap 14 days. Mon 21 Dec has room (121 of 386 min),NOT_REACHED
ST/1055/2021,KL-001055-2021,ARGUMENTS,2026-12-21,17:13,17:19,17:13,17:43,ADV-008,5.01,Arguments → reference gap 14 days. Mon 21 Dec has room (209 of 386 min),NOT_REACHED
ST/1008/2022,KL-001008-2022,REPORTS,2026-12-22,10:00,10:04,10:00,10:10,ADV-821,4.13,"4+ year case due within 30 days, waiting 89 days, 4.1 years old",ADJOURNED
ST/1051/2022,KL-001051-2022,REPORTS,2026-12-22,10:04,10:08,10:04,10:14,ADV-408,4.13,"4+ year case due within 30 days, waiting 89 days, 4.1 years old",ADJOURNED
ST/2619/2022,KL-002619-2022,EVIDENCE_ACCUSED,2026-12-22,10:08,10:16,10:08,10:38,ADV-1139,4.20,"4+ year case due within 30 days, waiting 89 days, 4.2 years old",ADJOURNED
ST/2754/2022,KL-002754-2022,EVIDENCE_ACCUSED,2026-12-22,10:16,10:24,10:16,10:46,ADV-346,4.20,"4+ year case due within 30 days, waiting 89 days, 4.2 years old",ADJOURNED
ST/2905/2022,KL-002905-2022,EVIDENCE_ACCUSED,2026-12-22,10:24,10:32,10:24,10:54,ADV-237,4.20,"4+ year case due within 30 days, waiting 89 days, 4.2 years old",ADJOURNED
ST/2930/2022,KL-002930-2022,EVIDENCE_ACCUSED,2026-12-22,10:32,10:40,10:32,11:02,ADV-325,4.20,"4+ year case due within 30 days, waiting 89 days, 4.2 years old",ADJOURNED
ST/6/2022,KL-000006-2022,EVIDENCE_ACCUSED,2026-12-22,10:40,10:49,10:40,11:10,ADV-468,4.16,"4+ year case due within 30 days, waiting 89 days, 4.2 years old",ADJOURNED
ST/2693/2017,KL-002693-2017,EVIDENCE_ACCUSED,2026-12-22,10:49,10:57,10:49,11:19,ADV-1117,9.59,Defence evidence → reference gap 14 days. Tue 22 Dec has room (65 of 386 min),ADJOURNED
ST/136/2017,KL-000136-2017,EVIDENCE_ACCUSED,2026-12-22,10:57,11:06,10:57,11:27,ADV-020,9.36,Defence evidence → reference gap 14 days. Tue 22 Dec has room (185 of 386 min),ADJOURNED
ST/588/2020,KL-000588-2020,EVIDENCE_COMPLAINANT,2026-12-22,11:06,11:19,11:06,11:36,ADV-869,6.79,Complainant evidence → reference gap 14 days. Tue 22 Dec has room (139 of 386 min),MOVED_FORWARD
ST/376/2020,KL-000376-2020,EVIDENCE_ACCUSED,2026-12-22,11:19,11:27,11:19,11:49,ADV-637,6.79,Defence evidence → reference gap 14 days. Tue 22 Dec has room (192 of 386 min),ADJOURNED
ST/2809/2022,KL-002809-2022,EVIDENCE_COMPLAINANT,2026-12-22,11:27,11:42,11:27,11:57,ADV-608,4.57,Complainant evidence → reference gap 14 days. Tue 22 Dec has room (84 of 386 min),ADJOURNED
ST/1986/2022,KL-001986-2022,EVIDENCE_COMPLAINANT,2026-12-22,11:42,11:58,11:42,12:12,ADV-065,4.57,Complainant evidence → reference gap 14 days. Tue 22 Dec has room (207 of 386 min),ADJOURNED
ST/2418/2021,KL-002418-2021,EVIDENCE_ACCUSED,2026-12-22,11:58,12:06,11:58,12:28,ADV-215,5.88,Defence evidence → reference gap 14 days. Tue 22 Dec has room (91 of 386 min),MOVED_FORWARD
ST/2492/2021,KL-002492-2021,EVIDENCE_ACCUSED,2026-12-22,12:06,12:14,12:06,12:36,ADV-987,5.88,Defence evidence → reference gap 14 days. Tue 22 Dec has room (98 of 386 min),MOVED_FORWARD
ST/1621/2021,KL-001621-2021,EVIDENCE_ACCUSED,2026-12-22,12:14,12:22,12:14,12:44,ADV-779,5.88,Defence evidence → reference gap 14 days. Tue 22 Dec has room (156 of 386 min); ADV-779 already listed,ADJOURNED
ST/659/2021,KL-000659-2021,EVIDENCE_ACCUSED,2026-12-22,12:22,12:31,12:22,12:52,ADV-422,5.01,Defence evidence → reference gap 14 days. Tue 22 Dec has room (106 of 386 min),ADJOURNED
ST/1012/2022,KL-001012-2022,EVIDENCE_ACCUSED,2026-12-22,12:31,12:41,12:31,13:01,ADV-1116,4.57,Defence evidence → reference gap 14 days. Tue 22 Dec has room (148 of 386 min),ADJOURNED
ST/297/2021,KL-000297-2021,EVIDENCE_ACCUSED,2026-12-22,12:41,12:48,12:41,13:11,ADV-267,4.97,Defence evidence → reference gap 14 days. Tue 22 Dec has room (163 of 386 min),ADJOURNED
ST/1411/2022,KL-001411-2022,EVIDENCE_COMPLAINANT,2026-12-22,12:48,12:58,12:48,13:18,ADV-152,4.80,Complainant evidence → reference gap 14 days. Tue 22 Dec has room (221 of 386 min),ADJOURNED
ST/256/2022,KL-000256-2022,EVIDENCE_ACCUSED,2026-12-22,12:58,13:06,12:58,13:28,ADV-238,4.26,Defence evidence → reference gap 14 days. Tue 22 Dec has room (57 of 386 min),ADJOURNED
ST/457/2022,KL-000457-2022,EVIDENCE_ACCUSED,2026-12-22,13:06,13:14,13:06,13:36,ADV-946,4.26,Defence evidence → reference gap 14 days. Tue 22 Dec has room (114 of 386 min),ADJOURNED
ST/528/2022,KL-000528-2022,EVIDENCE_ACCUSED,2026-12-22,13:14,13:22,13:14,13:44,ADV-114,4.26,Defence evidence → reference gap 14 days. Tue 22 Dec has room (121 of 386 min),ADJOURNED
ST/1575/2022,KL-001575-2022,EVIDENCE_ACCUSED,2026-12-22,13:22,13:30,13:22,13:52,ADV-897,4.26,Defence evidence → reference gap 14 days. Tue 22 Dec has room (177 of 386 min),ADJOURNED
ST/529/2017,KL-000529-2017,JUDGEMENT,2026-12-22,14:00,14:27,14:00,14:30,ADV-237,9.59,Judgement → reference gap 21 days. Tue 22 Dec has room (49 of 386 min),DISPOSED
ST/2383/2017,KL-002383-2017,JUDGEMENT,2026-12-22,14:27,14:54,14:27,14:57,ADV-490,9.59,Judgement → reference gap 21 days. Tue 22 Dec has room (25 of 386 min),DISPOSED
ST/2244/2022,KL-002244-2022,JUDGEMENT,2026-12-22,14:54,15:26,14:54,15:24,ADV-1210,4.30,"4+ year case due within 30 days, judgement likely to proceed (99%), waiting 89 days",DISPOSED
ST/2269/2022,KL-002269-2022,JUDGEMENT,2026-12-22,15:26,15:58,15:26,15:56,ADV-881,4.30,"4+ year case due within 30 days, judgement likely to proceed (99%), waiting 89 days",DISPOSED
ST/2364/2022,KL-002364-2022,JUDGEMENT,2026-12-22,15:58,16:31,15:58,16:28,ADV-1076,4.30,"4+ year case due within 30 days, judgement likely to proceed (99%), waiting 89 days",DISPOSED
ST/2506/2022,KL-002506-2022,JUDGEMENT,2026-12-22,16:31,17:03,16:31,17:01,ADV-1056,4.30,"4+ year case due within 30 days, judgement likely to proceed (99%), waiting 89 days",DISPOSED
ST/1823/2017,KL-001823-2017,ARGUMENTS,2026-12-22,17:03,17:10,17:03,17:33,ADV-1145,9.36,Arguments → reference gap 14 days. Tue 22 Dec has room (169 of 386 min),ADJOURNED
ST/977/2020,KL-000977-2020,ARGUMENTS,2026-12-22,17:10,17:15,17:10,17:40,ADV-812,6.79,Arguments → reference gap 14 days. Tue 22 Dec has room (70 of 386 min),ADJOURNED
ST/477/2021,KL-000477-2021,ARGUMENTS,2026-12-22,17:15,17:22,17:15,17:45,ADV-691,4.97,Arguments → reference gap 14 days. Tue 22 Dec has room (212 of 386 min),ADJOURNED
ST/924/2022,KL-000924-2022,ARGUMENTS,2026-12-22,17:22,17:28,17:22,17:52,ADV-526,4.26,Arguments → reference gap 14 days. Tue 22 Dec has room (127 of 386 min),ADJOURNED
ST/1053/2022,KL-001053-2022,REPORTS,2026-12-23,10:00,10:04,10:00,10:10,ADV-964,4.13,"4+ year case due within 30 days, waiting 90 days, 4.1 years old",ADJOURNED
ST/1091/2022,KL-001091-2022,REPORTS,2026-12-23,10:04,10:08,10:04,10:14,ADV-929,4.13,"4+ year case due within 30 days, waiting 90 days, 4.1 years old",ADJOURNED
ST/1152/2022,KL-001152-2022,REPORTS,2026-12-23,10:08,10:12,10:08,10:18,ADV-669,4.13,"4+ year case due within 30 days, waiting 90 days, 4.1 years old",ADJOURNED
ST/1217/2022,KL-001217-2022,REPORTS,2026-12-23,10:12,10:16,10:12,10:22,ADV-616,4.13,"4+ year case due within 30 days, waiting 90 days, 4.1 years old",ADJOURNED
ST/37/2022,KL-000037-2022,EVIDENCE_ACCUSED,2026-12-23,10:16,10:24,10:16,10:46,ADV-1012,4.17,"4+ year case due within 30 days, waiting 90 days, 4.2 years old",ADJOURNED
ST/125/2022,KL-000125-2022,EVIDENCE_ACCUSED,2026-12-23,10:24,10:32,10:24,10:54,ADV-556,4.17,"4+ year case due within 30 days, waiting 90 days, 4.2 years old",MOVED_FORWARD
ST/146/2022,KL-000146-2022,EVIDENCE_ACCUSED,2026-12-23,10:32,10:40,10:32,11:02,ADV-696,4.17,"4+ year case due within 30 days, waiting 90 days, 4.2 years old",ADJOURNED
ST/151/2022,KL-000151-2022,EVIDENCE_ACCUSED,2026-12-23,10:40,10:48,10:40,11:10,ADV-899,4.17,"4+ year case due within 30 days, waiting 90 days, 4.2 years old",MOVED_FORWARD
ST/232/2022,KL-000232-2022,EVIDENCE_ACCUSED,2026-12-23,10:48,10:56,10:48,11:18,ADV-269,4.17,"4+ year case due within 30 days, waiting 90 days, 4.2 years old",MOVED_FORWARD
ST/802/2017,KL-000802-2017,EVIDENCE_ACCUSED,2026-12-23,10:56,11:05,10:56,11:26,ADV-733,9.36,Defence evidence → reference gap 14 days. Wed 23 Dec has room (145 of 386 min),ADJOURNED
ST/928/2017,KL-000928-2017,EVIDENCE_ACCUSED,2026-12-23,11:05,11:13,11:05,11:35,ADV-194,9.36,Defence evidence → reference gap 14 days. Wed 23 Dec has room (208 of 386 min),ADJOURNED
ST/674/2020,KL-000674-2020,EVIDENCE_ACCUSED,2026-12-23,11:13,11:21,11:13,11:43,ADV-001,6.80,Defence evidence → reference gap 14 days. Wed 23 Dec has room (107 of 386 min),ADJOURNED
ST/1842/2020,KL-001842-2020,EVIDENCE_ACCUSED,2026-12-23,11:21,11:29,11:21,11:51,ADV-157,6.80,Defence evidence → reference gap 14 days. Wed 23 Dec has room (99 of 386 min),ADJOURNED
ST/243/2020,KL-000243-2020,EVIDENCE_ACCUSED,2026-12-23,11:29,11:37,11:29,11:59,ADV-1131,6.80,Defence evidence → reference gap 14 days. Wed 23 Dec has room (152 of 386 min),ADJOURNED
ST/1617/2022,KL-001617-2022,EVIDENCE_COMPLAINANT,2026-12-23,11:37,11:52,11:37,12:07,ADV-369,4.57,Complainant evidence → reference gap 14 days. Wed 23 Dec has room (49 of 386 min),ADJOURNED
ST/1414/2022,KL-001414-2022,EVIDENCE_COMPLAINANT,2026-12-23,11:52,12:08,11:52,12:22,ADV-905,4.57,Complainant evidence → reference gap 14 days. Wed 23 Dec has room (167 of 386 min),ADJOURNED
ST/1459/2021,KL-001459-2021,EVIDENCE_ACCUSED,2026-12-23,12:08,12:16,12:08,12:38,ADV-147,5.89,Defence evidence → reference gap 14 days. Wed 23 Dec has room (56 of 386 min),ADJOURNED
ST/1351/2022,KL-001351-2022,EVIDENCE_COMPLAINANT,2026-12-23,12:16,12:28,12:16,12:46,ADV-767,4.81,Complainant evidence → reference gap 14 days. Wed 23 Dec has room (185 of 386 min); ADV-767 already listed,ADJOURNED
ST/279/2022,KL-000279-2022,EVIDENCE_COMPLAINANT,2026-12-23,12:28,12:39,12:28,12:58,ADV-1252,4.81,Complainant evidence → reference gap 14 days. Wed 23 Dec has room (117 of 386 min),MOVED_FORWARD
ST/2302/2022,KL-002302-2022,EVIDENCE_ACCUSED,2026-12-23,12:39,12:48,12:39,13:09,ADV-1252,4.26,Defence evidence → reference gap 14 days. Wed 23 Dec has room (201 of 386 min); ADV-1252 already listed,ADJOURNED
ST/45/2022,KL-000045-2022,EVIDENCE_COMPLAINANT,2026-12-23,12:48,12:57,12:48,13:18,ADV-239,4.81,Complainant evidence → reference gap 14 days. Wed 23 Dec has room (65 of 386 min),ADJOURNED
ST/2025/2021,KL-002025-2021,EVIDENCE_ACCUSED,2026-12-23,12:57,13:06,12:57,13:27,ADV-1099,5.01,Defence evidence → reference gap 14 days. Wed 23 Dec has room (125 of 386 min),ADJOURNED
ST/1953/2021,KL-001953-2021,EVIDENCE_ACCUSED,2026-12-23,13:06,13:14,13:06,13:36,ADV-987,5.01,Defence evidence → reference gap 14 days. Wed 23 Dec has room (225 of 386 min),ADJOURNED
ST/1022/2021,KL-001022-2021,EVIDENCE_ACCUSED,2026-12-23,13:14,13:22,13:14,13:44,ADV-060,5.01,Defence evidence → reference gap 14 days. Wed 23 Dec has room (174 of 386 min),ADJOURNED
ST/2832/2022,KL-002832-2022,EVIDENCE_ACCUSED,2026-12-23,13:22,13:30,13:22,13:52,ADV-196,4.57,Defence evidence → reference gap 14 days. Wed 23 Dec has room (217 of 386 min),ADJOURNED
ST/2591/2021,KL-002591-2021,EVIDENCE_ACCUSED,2026-12-23,14:00,14:08,14:00,14:30,ADV-103,5.01,Defence evidence → reference gap 14 days. Wed 23 Dec has room (232 of 386 min),MOVED_FORWARD
ST/2468/2022,KL-002468-2022,EVIDENCE_ACCUSED,2026-12-23,14:08,14:16,14:08,14:38,ADV-421,4.70,Defence evidence → reference gap 14 days. Wed 23 Dec has room (35 of 386 min); ADV-421 already listed,ADJOURNED
ST/1126/2021,KL-001126-2021,EVIDENCE_ACCUSED,2026-12-23,14:16,14:24,14:16,14:46,ADV-636,4.98,Defence evidence → reference gap 14 days. Wed 23 Dec has room (239 of 386 min),ADJOURNED
ST/938/2022,KL-000938-2022,EVIDENCE_ACCUSED,2026-12-23,14:24,14:32,14:24,14:54,ADV-596,4.26,Defence evidence → reference gap 14 days. Wed 23 Dec has room (92 of 386 min),ADJOURNED
ST/522/2022,KL-000522-2022,EVIDENCE_ACCUSED,2026-12-23,14:32,14:40,14:32,15:02,ADV-419,4.26,Defence evidence → reference gap 14 days. Wed 23 Dec has room (79 of 386 min),ADJOURNED
ST/1935/2022,KL-001935-2022,EVIDENCE_ACCUSED,2026-12-23,14:40,14:49,14:40,15:10,ADV-479,4.26,Defence evidence → reference gap 14 days. Wed 23 Dec has room (193 of 386 min),ADJOURNED
ST/2681/2022,KL-002681-2022,JUDGEMENT,2026-12-23,14:49,15:21,14:49,15:19,ADV-240,4.30,"4+ year case due within 30 days, judgement likely to proceed (99%), waiting 90 days",DISPOSED
ST/2700/2022,KL-002700-2022,JUDGEMENT,2026-12-23,15:21,15:54,15:21,15:51,ADV-475,4.30,"4+ year case due within 30 days, judgement likely to proceed (99%), waiting 90 days",DISPOSED
ST/2723/2022,KL-002723-2022,JUDGEMENT,2026-12-23,15:54,16:26,15:54,16:24,ADV-862,4.30,"4+ year case due within 30 days, judgement likely to proceed (99%), waiting 90 days",DISPOSED
ST/1386/2017,KL-001386-2017,JUDGEMENT,2026-12-23,16:26,16:55,16:26,16:56,ADV-909,9.10,Not reached on Wed 16 Dec; earliest day with room. Wed 23 Dec has room (272 of 386 min),DISPOSED
ST/2776/2017,KL-002776-2017,ARGUMENTS,2026-12-23,16:55,17:02,16:55,17:25,ADV-1187,9.36,Not reached on Wed 16 Dec; earliest day with room. Wed 23 Dec has room (278 of 386 min),MOVED_FORWARD
ST/804/2017,KL-000804-2017,ARGUMENTS,2026-12-23,17:02,17:08,17:02,17:32,ADV-028,9.60,Not reached on Wed 16 Dec; earliest day with room. Wed 23 Dec has room (284 of 386 min),ADJOURNED
ST/2633/2017,KL-002633-2017,ARGUMENTS,2026-12-23,17:08,17:14,17:08,17:38,ADV-657,9.60,Not reached on Wed 16 Dec; earliest day with room. Wed 23 Dec has room (290 of 386 min),NOT_REACHED
ST/2882/2017,KL-002882-2017,JUDGEMENT,2026-12-23,17:14,17:44,17:14,17:44,ADV-1244,9.10,Judgement → reference gap 21 days. Wed 23 Dec has room (27 of 386 min); ADV-1244 already listed,NOT_REACHED
ST/906/2020,KL-000906-2020,ARGUMENTS,2026-12-23,17:44,17:50,17:44,18:14,ADV-962,6.42,Arguments → reference gap 14 days. Wed 23 Dec has room (71 of 386 min),NOT_REACHED
ST/1657/2021,KL-001657-2021,ARGUMENTS,2026-12-23,17:50,17:57,17:50,18:20,ADV-168,4.98,Arguments → reference gap 14 days. Wed 23 Dec has room (131 of 386 min),NOT_REACHED
ST/459/2021,KL-000459-2021,ARGUMENTS,2026-12-23,17:57,18:03,17:57,18:27,ADV-1060,4.98,Arguments → reference gap 14 days. Wed 23 Dec has room (245 of 386 min),NOT_REACHED
ST/752/2022,KL-000752-2022,ARGUMENTS,2026-12-23,18:03,18:09,18:03,18:33,ADV-1007,4.26,Arguments → reference gap 14 days. Wed 23 Dec has room (85 of 386 min),NOT_REACHED
ST/1607/2022,KL-001607-2022,ARGUMENTS,2026-12-23,18:09,18:15,18:09,18:39,ADV-303,4.26,Arguments → reference gap 14 days. Wed 23 Dec has room (137 of 386 min),NOT_REACHED
ST/1241/2022,KL-001241-2022,REPORTS,2026-12-24,10:00,10:04,10:00,10:10,ADV-423,4.13,"4+ year case due within 30 days, waiting 91 days, 4.1 years old",ADJOURNED
ST/1379/2022,KL-001379-2022,REPORTS,2026-12-24,10:04,10:08,10:04,10:14,ADV-210,4.13,"4+ year case due within 30 days, waiting 91 days, 4.1 years old",ADJOURNED
ST/560/2022,KL-000560-2022,EVIDENCE_ACCUSED,2026-12-24,10:08,10:16,10:08,10:38,ADV-590,4.17,"4+ year case due within 30 days, waiting 91 days, 4.2 years old",ADJOURNED
ST/610/2022,KL-000610-2022,EVIDENCE_ACCUSED,2026-12-24,10:16,10:24,10:16,10:46,ADV-851,4.17,"4+ year case due within 30 days, waiting 91 days, 4.2 years old",ADJOURNED
ST/1779/2017,KL-001779-2017,EVIDENCE_ACCUSED,2026-12-24,10:24,10:32,10:24,10:54,ADV-135,9.36,Defence evidence → reference gap 14 days. Thu 24 Dec has room (113 of 386 min),ADJOURNED
ST/1391/2017,KL-001391-2017,EVIDENCE_ACCUSED,2026-12-24,10:32,10:40,10:32,11:02,ADV-228,9.36,Defence evidence → reference gap 14 days. Thu 24 Dec has room (234 of 386 min),ADJOURNED
ST/2472/2020,KL-002472-2020,EVIDENCE_COMPLAINANT,2026-12-24,10:40,10:51,10:40,11:10,ADV-580,6.80,Complainant evidence → reference gap 14 days. Thu 24 Dec has room (176 of 386 min),ADJOURNED
ST/1738/2020,KL-001738-2020,EVIDENCE_COMPLAINANT,2026-12-24,10:51,11:03,10:51,11:21,ADV-462,6.80,Complainant evidence → reference gap 14 days. Thu 24 Dec has room (245 of 386 min),ADJOURNED
ST/1093/2021,KL-001093-2021,EVIDENCE_COMPLAINANT,2026-12-24,11:03,11:15,11:03,11:33,ADV-462,4.98,Complainant evidence → reference gap 14 days. Thu 24 Dec has room (256 of 386 min); ADV-462 already listed,ADJOURNED
ST/1461/2022,KL-001461-2022,EVIDENCE_COMPLAINANT,2026-12-24,11:15,11:31,11:15,11:45,ADV-130,4.57,Complainant evidence → reference gap 14 days. Thu 24 Dec has room (128 of 386 min),ADJOURNED
ST/2236/2022,KL-002236-2022,EVIDENCE_COMPLAINANT,2026-12-24,11:31,11:46,11:31,12:01,ADV-1085,4.57,Complainant evidence → reference gap 14 days. Thu 24 Dec has room (227 of 386 min); ADV-1085 already listed,MOVED_FORWARD
ST/2663/2022,KL-002663-2022,EVIDENCE_ACCUSED,2026-12-24,11:46,11:55,11:46,12:16,ADV-1085,4.27,Defence evidence → reference gap 14 days. Thu 24 Dec has room (213 of 386 min),ADJOURNED
ST/1123/2021,KL-001123-2021,EVIDENCE_ACCUSED,2026-12-24,11:55,12:03,11:55,12:25,ADV-1242,5.89,Defence evidence → reference gap 14 days. Thu 24 Dec has room (135 of 386 min),ADJOURNED
ST/1963/2022,KL-001963-2022,EVIDENCE_ACCUSED,2026-12-24,12:03,12:12,12:03,12:33,ADV-1242,4.27,Defence evidence → reference gap 14 days. Thu 24 Dec has room (158 of 386 min); ADV-1242 already listed,ADJOURNED
ST/1133/2022,KL-001133-2022,EVIDENCE_ACCUSED,2026-12-24,12:12,12:21,12:12,12:42,ADV-921,4.57,Defence evidence → reference gap 14 days. Thu 24 Dec has room (60 of 386 min); ADV-921 already listed,ADJOURNED
ST/619/2022,KL-000619-2022,EVIDENCE_COMPLAINANT,2026-12-24,12:21,12:32,12:21,12:51,ADV-549,4.81,Complainant evidence → reference gap 14 days. Thu 24 Dec has room (83 of 386 min),ADJOURNED
ST/1588/2021,KL-001588-2021,EVIDENCE_ACCUSED,2026-12-24,12:32,12:40,12:32,13:02,ADV-388,5.02,Defence evidence → reference gap 14 days. Thu 24 Dec has room (90 of 386 min); ADV-388 already listed,ADJOURNED
ST/2257/2022,KL-002257-2022,EVIDENCE_ACCUSED,2026-12-24,12:40,12:50,12:40,13:10,ADV-076,4.57,Defence evidence → reference gap 14 days. Thu 24 Dec has room (186 of 386 min),ADJOURNED
ST/1884/2021,KL-001884-2021,EVIDENCE_ACCUSED,2026-12-24,12:50,12:58,12:50,13:20,ADV-203,4.98,Defence evidence → reference gap 14 days. Thu 24 Dec has room (142 of 386 min),MOVED_FORWARD
ST/93/2021,KL-000093-2021,EVIDENCE_ACCUSED,2026-12-24,12:58,13:05,12:58,13:28,ADV-907,4.98,Defence evidence → reference gap 14 days. Thu 24 Dec has room (193 of 386 min),ADJOURNED
ST/306/2022,KL-000306-2022,EVIDENCE_ACCUSED,2026-12-24,13:05,13:14,13:05,13:35,ADV-321,4.27,Defence evidence → reference gap 14 days. Thu 24 Dec has room (67 of 386 min); ADV-321 already listed,ADJOURNED
ST/856/2021,KL-000856-2021,EVIDENCE_ACCUSED,2026-12-24,13:14,13:21,13:14,13:44,ADV-897,4.98,Defence evidence → reference gap 14 days. Thu 24 Dec has room (199 of 386 min),ADJOURNED
ST/514/2022,KL-000514-2022,EVIDENCE_ACCUSED,2026-12-24,13:21,13:29,13:21,13:51,ADV-178,4.34,Defence evidence → reference gap 14 days. Thu 24 Dec has room (150 of 386 min); ADV-178 already listed,MOVED_FORWARD
ST/1063/2022,KL-001063-2022,EVIDENCE_ACCUSED,2026-12-24,13:29,13:30,13:29,13:59,ADV-797,4.27,Defence evidence → reference gap 14 days. Thu 24 Dec has room (98 of 386 min); ADV-797 already listed,DISPOSED
ST/2330/2022,KL-002330-2022,EVIDENCE_ACCUSED,2026-12-24,14:00,14:09,14:00,14:30,ADV-620,4.27,Defence evidence → reference gap 14 days. Thu 24 Dec has room (166 of 386 min),ADJOURNED
ST/1612/2022,KL-001612-2022,EVIDENCE_ACCUSED,2026-12-24,14:09,14:17,14:09,14:39,ADV-410,4.27,Defence evidence → reference gap 14 days. Thu 24 Dec has room (106 of 386 min),ADJOURNED
ST/2786/2022,KL-002786-2022,JUDGEMENT,2026-12-24,14:17,14:49,14:17,14:47,ADV-779,4.30,"4+ year case due within 30 days, judgement likely to proceed (99%), waiting 91 days",DISPOSED
ST/2853/2022,KL-002853-2022,JUDGEMENT,2026-12-24,14:49,15:21,14:49,15:19,ADV-322,4.30,"4+ year case due within 30 days, judgement likely to proceed (99%), waiting 91 days",DISPOSED
ST/2911/2022,KL-002911-2022,JUDGEMENT,2026-12-24,15:21,15:54,15:21,15:51,ADV-248,4.30,"4+ year case due within 30 days, judgement likely to proceed (99%), waiting 91 days",DISPOSED
ST/2617/2017,KL-002617-2017,JUDGEMENT,2026-12-24,15:54,16:23,15:54,16:24,ADV-1005,9.84,Judgement → reference gap 21 days. Thu 24 Dec has room (51 of 386 min),DISPOSED
ST/1788/2020,KL-001788-2020,JUDGEMENT,2026-12-24,16:23,16:49,16:23,16:53,ADV-014,6.80,Judgement → reference gap 21 days. Thu 24 Dec has room (24 of 386 min),DISPOSED
ST/943/2017,KL-000943-2017,ARGUMENTS,2026-12-24,16:49,16:55,16:49,17:19,ADV-1170,9.60,Arguments → reference gap 14 days. Thu 24 Dec has room (73 of 386 min); ADV-1170 already listed,ADJOURNED
ST/2355/2017,KL-002355-2017,ARGUMENTS,2026-12-24,16:55,17:01,16:55,17:25,ADV-988,9.36,Arguments → reference gap 14 days. Thu 24 Dec has room (205 of 386 min),ADJOURNED
ST/1601/2017,KL-001601-2017,ARGUMENTS,2026-12-24,17:01,17:08,17:01,17:31,ADV-1246,9.36,Arguments → reference gap 14 days. Thu 24 Dec has room (262 of 386 min),ADJOURNED
ST/1041/2020,KL-001041-2020,ARGUMENTS,2026-12-24,17:08,17:15,17:08,17:38,ADV-415,6.43,Arguments → reference gap 14 days. Thu 24 Dec has room (268 of 386 min),ADJOURNED
ST/1882/2021,KL-001882-2021,ARGUMENTS,2026-12-24,17:15,17:22,17:15,17:45,ADV-1258,5.89,Arguments → reference gap 14 days. Thu 24 Dec has room (274 of 386 min),ADJOURNED
ST/401/2017,KL-000401-2017,REPORTS,2026-12-25,10:00,10:04,10:00,10:10,ADV-1026,9.84,Reports → reference gap 45 days. Fri 25 Dec has room (7 of 386 min),ADJOURNED
ST/97/2017,KL-000097-2017,REPORTS,2026-12-25,10:04,10:08,10:04,10:14,ADV-221,9.10,Reports → reference gap 45 days. Fri 25 Dec has room (4 of 386 min),ADJOURNED
ST/1490/2022,KL-001490-2022,REPORTS,2026-12-25,10:08,10:12,10:08,10:18,ADV-487,4.14,"4+ year case due within 30 days, waiting 92 days, 4.1 years old",ADJOURNED
ST/30/2022,KL-000030-2022,EVIDENCE_ACCUSED,2026-12-25,10:12,10:20,10:12,10:42,ADV-1128,4.02,"4+ year case due within 30 days, waiting 92 days, 4.0 years old",ADJOURNED
ST/47/2022,KL-000047-2022,EVIDENCE_ACCUSED,2026-12-25,10:20,10:29,10:20,10:50,ADV-917,4.02,"4+ year case due within 30 days, waiting 92 days, 4.0 years old",ADJOURNED
ST/186/2022,KL-000186-2022,EVIDENCE_ACCUSED,2026-12-25,10:29,10:37,10:29,10:59,ADV-1197,4.02,"4+ year case due within 30 days, waiting 92 days, 4.0 years old",ADJOURNED
ST/214/2022,KL-000214-2022,EVIDENCE_ACCUSED,2026-12-25,10:37,10:46,10:37,11:07,ADV-1216,4.02,"4+ year case due within 30 days, waiting 92 days, 4.0 years old",ADJOURNED
ST/1186/2017,KL-001186-2017,EVIDENCE_ACCUSED,2026-12-25,10:46,10:54,10:46,11:16,ADV-721,9.37,Defence evidence → reference gap 14 days. Fri 25 Dec has room (128 of 386 min),ADJOURNED
ST/1530/2017,KL-001530-2017,EVIDENCE_ACCUSED,2026-12-25,10:54,11:01,10:54,11:24,ADV-709,9.60,Defence evidence → reference gap 14 days. Fri 25 Dec has room (251 of 386 min),DISPOSED
ST/2799/2020,KL-002799-2020,EVIDENCE_ACCUSED,2026-12-25,11:01,11:09,11:01,11:31,ADV-709,6.43,Defence evidence → reference gap 14 days. Fri 25 Dec has room (258 of 386 min); ADV-709 already listed,ADJOURNED
ST/2453/2020,KL-002453-2020,EVIDENCE_ACCUSED,2026-12-25,11:09,11:16,11:09,11:39,ADV-1063,6.80,Defence evidence → reference gap 14 days. Fri 25 Dec has room (79 of 386 min),ADJOURNED
ST/891/2020,KL-000891-2020,EVIDENCE_ACCUSED,2026-12-25,11:16,11:24,11:16,11:46,ADV-715,6.80,Defence evidence → reference gap 14 days. Fri 25 Dec has room (135 of 386 min),ADJOURNED
ST/2519/2022,KL-002519-2022,EVIDENCE_ACCUSED,2026-12-25,11:24,11:32,11:24,11:54,ADV-715,4.27,Defence evidence → reference gap 14 days. Fri 25 Dec has room (180 of 386 min); ADV-715 already listed,ADJOURNED
ST/2306/2020,KL-002306-2020,EVIDENCE_ACCUSED,2026-12-25,11:32,11:39,11:32,12:02,ADV-1026,6.80,Defence evidence → reference gap 14 days. Fri 25 Dec has room (142 of 386 min); ADV-1026 already listed,ADJOURNED
ST/43/2020,KL-000043-2020,EVIDENCE_ACCUSED,2026-12-25,11:39,11:46,11:39,12:09,ADV-414,6.43,Defence evidence → reference gap 14 days. Fri 25 Dec has room (209 of 386 min),ADJOURNED
ST/2206/2022,KL-002206-2022,EVIDENCE_COMPLAINANT,2026-12-25,11:46,12:03,11:46,12:16,ADV-576,4.57,Complainant evidence → reference gap 14 days. Fri 25 Dec has room (64 of 386 min),MOVED_FORWARD
ST/105/2022,KL-000105-2022,EVIDENCE_COMPLAINANT,2026-12-25,12:03,12:17,12:03,12:33,ADV-884,4.57,Complainant evidence → reference gap 14 days. Fri 25 Dec has room (271 of 386 min),ADJOURNED
ST/2301/2021,KL-002301-2021,EVIDENCE_ACCUSED,2026-12-25,12:17,12:25,12:17,12:47,ADV-085,5.89,Defence evidence → reference gap 14 days. Fri 25 Dec has room (193 of 386 min); ADV-085 already listed,ADJOURNED
ST/1456/2022,KL-001456-2022,EVIDENCE_COMPLAINANT,2026-12-25,12:25,12:35,12:25,12:55,ADV-085,4.81,Complainant evidence → reference gap 14 days. Fri 25 Dec has room (202 of 386 min); ADV-085 already listed,ADJOURNED
ST/2826/2021,KL-002826-2021,EVIDENCE_ACCUSED,2026-12-25,12:35,12:43,12:35,13:05,ADV-673,4.98,Defence evidence → reference gap 14 days. Fri 25 Dec has room (38 of 386 min); ADV-673 already listed,ADJOURNED
ST/2856/2021,KL-002856-2021,EVIDENCE_ACCUSED,2026-12-25,12:43,12:51,12:43,13:13,ADV-742,5.02,Defence evidence → reference gap 14 days. Fri 25 Dec has room (159 of 386 min),MOVED_FORWARD
ST/2479/2021,KL-002479-2021,EVIDENCE_ACCUSED,2026-12-25,12:51,13:00,12:51,13:21,ADV-118,5.02,Defence evidence → reference gap 14 days. Fri 25 Dec has room (217 of 386 min),ADJOURNED
ST/2005/2022,KL-002005-2022,EVIDENCE_ACCUSED,2026-12-25,13:00,13:10,13:00,13:30,ADV-974,4.57,Defence evidence → reference gap 14 days. Fri 25 Dec has room (151 of 386 min),ADJOURNED
ST/71/2022,KL-000071-2022,EVIDENCE_ACCUSED,2026-12-25,13:10,13:19,13:10,13:40,ADV-533,4.57,Defence evidence → reference gap 14 days. Fri 25 Dec has room (87 of 386 min),MOVED_FORWARD
ST/2439/2021,KL-002439-2021,EVIDENCE_ACCUSED,2026-12-25,13:19,13:27,13:19,13:49,ADV-533,4.98,Defence evidence → reference gap 14 days. Fri 25 Dec has room (94 of 386 min); ADV-533 already listed,ADJOURNED
ST/1125/2021,KL-001125-2021,EVIDENCE_ACCUSED,2026-12-25,13:27,13:30,13:27,13:57,ADV-994,4.98,Defence evidence → reference gap 14 days. Fri 25 Dec has room (278 of 386 min),ADJOURNED
ST/1090/2022,KL-001090-2022,EVIDENCE_ACCUSED,2026-12-25,14:00,14:09,14:00,14:30,ADV-1237,4.27,Defence evidence → reference gap 14 days. Fri 25 Dec has room (72 of 386 min); ADV-1237 already listed,ADJOURNED
ST/885/2022,KL-000885-2022,EVIDENCE_ACCUSED,2026-12-25,14:09,14:17,14:09,14:39,ADV-205,4.34,Defence evidence → reference gap 14 days. Fri 25 Dec has room (166 of 386 min),ADJOURNED
ST/1426/2022,KL-001426-2022,EVIDENCE_ACCUSED,2026-12-25,14:17,14:25,14:17,14:47,ADV-1100,4.34,Defence evidence → reference gap 14 days. Fri 25 Dec has room (224 of 386 min),ADJOURNED
ST/1698/2022,KL-001698-2022,EVIDENCE_ACCUSED,2026-12-25,14:25,14:33,14:25,14:55,ADV-113,4.27,Defence evidence → reference gap 14 days. Fri 25 Dec has room (113 of 386 min),ADJOURNED
ST/2063/2022,KL-002063-2022,EVIDENCE_ACCUSED,2026-12-25,14:33,14:41,14:33,15:03,ADV-777,4.27,Defence evidence → reference gap 14 days. Fri 25 Dec has room (121 of 386 min),ADJOURNED
ST/2684/2022,KL-002684-2022,EVIDENCE_ACCUSED,2026-12-25,14:41,14:49,14:41,15:11,ADV-546,4.34,Defence evidence → reference gap 14 days. Fri 25 Dec has room (286 of 386 min),ADJOURNED
ST/316/2022,KL-000316-2022,EVIDENCE_ACCUSED,2026-12-25,14:49,14:58,14:49,15:19,ADV-1067,4.21,Defence evidence → reference gap 14 days. Fri 25 Dec has room (244 of 386 min),MOVED_FORWARD
ST/59/2018,KL-000059-2018,ARGUMENTS,2026-12-25,14:58,15:05,14:58,15:28,ADV-491,8.36,"4+ year case due within 30 days, 8.4 years old, waiting 92 days",ADJOURNED
ST/62/2018,KL-000062-2018,ARGUMENTS,2026-12-25,15:05,15:12,15:05,15:35,ADV-389,8.36,"4+ year case due within 30 days, 8.4 years old, waiting 92 days",MOVED_FORWARD
ST/360/2018,KL-000360-2018,ARGUMENTS,2026-12-25,15:12,15:19,15:12,15:42,ADV-665,8.36,"4+ year case due within 30 days, 8.4 years old, waiting 92 days",ADJOURNED
ST/378/2018,KL-000378-2018,ARGUMENTS,2026-12-25,15:19,15:26,15:19,15:49,ADV-735,8.36,"4+ year case due within 30 days, 8.4 years old, waiting 92 days",ADJOURNED
ST/391/2018,KL-000391-2018,ARGUMENTS,2026-12-25,15:26,15:33,15:26,15:56,ADV-319,8.36,"4+ year case due within 30 days, 8.4 years old, waiting 92 days",ADJOURNED
ST/463/2018,KL-000463-2018,ARGUMENTS,2026-12-25,15:33,15:40,15:33,16:03,ADV-1093,8.36,"4+ year case due within 30 days, 8.4 years old, waiting 92 days",ADJOURNED
ST/512/2018,KL-000512-2018,ARGUMENTS,2026-12-25,15:40,15:47,15:40,16:10,ADV-730,8.36,"4+ year case due within 30 days, 8.4 years old, waiting 92 days",ADJOURNED
ST/878/2018,KL-000878-2018,ARGUMENTS,2026-12-25,15:47,15:54,15:47,16:17,ADV-310,8.36,"4+ year case due within 30 days, 8.4 years old, waiting 92 days",ADJOURNED
ST/895/2018,KL-000895-2018,ARGUMENTS,2026-12-25,15:54,16:01,15:54,16:24,ADV-767,8.36,"4+ year case due within 30 days, 8.4 years old, waiting 92 days",ADJOURNED
ST/1951/2017,KL-001951-2017,JUDGEMENT,2026-12-25,16:01,16:27,16:01,16:31,ADV-417,9.60,Judgement → reference gap 21 days. Fri 25 Dec has room (30 of 386 min),DISPOSED
ST/1838/2017,KL-001838-2017,ARGUMENTS,2026-12-25,16:27,16:33,16:27,16:57,ADV-085,9.37,Arguments → reference gap 14 days. Fri 25 Dec has room (236 of 386 min); ADV-085 already listed,ADJOURNED
ST/2309/2017,KL-002309-2017,ARGUMENTS,2026-12-25,16:33,16:39,16:33,17:03,ADV-085,9.37,Arguments → reference gap 14 days. Fri 25 Dec has room (185 of 386 min),ADJOURNED
ST/2155/2020,KL-002155-2020,ARGUMENTS,2026-12-25,16:39,16:46,16:39,17:09,ADV-1010,6.43,Arguments → reference gap 14 days. Fri 25 Dec has room (43 of 386 min); ADV-1010 already listed,ADJOURNED
ST/1502/2021,KL-001502-2021,ARGUMENTS,2026-12-25,16:46,16:52,16:46,17:16,ADV-673,5.89,Arguments → reference gap 14 days. Fri 25 Dec has room (49 of 386 min); ADV-673 already listed,ADJOURNED
ST/2895/2021,KL-002895-2021,ARGUMENTS,2026-12-25,16:52,16:58,16:52,17:22,ADV-679,5.89,Arguments → reference gap 14 days. Fri 25 Dec has room (106 of 386 min),ADJOURNED
ST/1429/2021,KL-001429-2021,ARGUMENTS,2026-12-25,16:58,17:05,16:58,17:28,ADV-972,5.89,Arguments → reference gap 14 days. Fri 25 Dec has room (230 of 386 min),MOVED_FORWARD
ST/1215/2021,KL-001215-2021,ARGUMENTS,2026-12-25,17:05,17:11,17:05,17:35,ADV-864,5.02,Arguments → reference gap 14 days. Fri 25 Dec has room (100 of 386 min),ADJOURNED
ST/1362/2022,KL-001362-2022,ARGUMENTS,2026-12-25,17:11,17:17,17:11,17:41,ADV-989,4.81,Arguments → reference gap 14 days. Fri 25 Dec has room (292 of 386 min),ADJOURNED
ST/849/2022,KL-000849-2022,ARGUMENTS,2026-12-25,17:17,17:24,17:17,17:47,ADV-933,4.34,Arguments → reference gap 14 days. Fri 25 Dec has room (172 of 386 min),NOT_REACHED
ST/1618/2022,KL-001618-2022,REPORTS,2026-12-28,10:00,10:04,10:00,10:10,ADV-754,4.15,"4+ year case due within 30 days, waiting 95 days, 4.1 years old",ADJOURNED
ST/1737/2022,KL-001737-2022,REPORTS,2026-12-28,10:04,10:08,10:04,10:14,ADV-078,4.15,"4+ year case due within 30 days, waiting 95 days, 4.1 years old",ADJOURNED
ST/219/2022,KL-000219-2022,EVIDENCE_ACCUSED,2026-12-28,10:08,10:16,10:08,10:38,ADV-1243,4.03,"4+ year case due within 30 days, waiting 95 days, 4.0 years old",ADJOURNED
ST/267/2022,KL-000267-2022,EVIDENCE_ACCUSED,2026-12-28,10:16,10:25,10:16,10:46,ADV-931,4.03,"4+ year case due within 30 days, waiting 95 days, 4.0 years old",ADJOURNED
ST/285/2022,KL-000285-2022,EVIDENCE_ACCUSED,2026-12-28,10:25,10:33,10:25,10:55,ADV-522,4.03,"4+ year case due within 30 days, waiting 95 days, 4.0 years old",ADJOURNED
ST/689/2022,KL-000689-2022,EVIDENCE_ACCUSED,2026-12-28,10:33,10:42,10:33,11:03,ADV-1219,4.03,"4+ year case due within 30 days, waiting 95 days, 4.0 years old",ADJOURNED
ST/800/2022,KL-000800-2022,EVIDENCE_ACCUSED,2026-12-28,10:42,10:50,10:42,11:12,ADV-070,4.03,"4+ year case due within 30 days, waiting 95 days, 4.0 years old",ADJOURNED
ST/869/2022,KL-000869-2022,EVIDENCE_ACCUSED,2026-12-28,10:50,10:59,10:50,11:20,ADV-280,4.03,"4+ year case due within 30 days, waiting 95 days, 4.0 years old",ADJOURNED
ST/2089/2017,KL-002089-2017,EVIDENCE_ACCUSED,2026-12-28,10:59,11:07,10:59,11:29,ADV-174,9.37,Defence evidence → reference gap 14 days. Mon 28 Dec has room (74 of 386 min),ADJOURNED
ST/1476/2017,KL-001476-2017,EVIDENCE_ACCUSED,2026-12-28,11:07,11:16,11:07,11:37,ADV-404,9.37,Defence evidence → reference gap 14 days. Mon 28 Dec has room (133 of 386 min),ADJOURNED
ST/1690/2020,KL-001690-2020,EVIDENCE_COMPLAINANT,2026-12-28,11:16,11:28,11:16,11:46,ADV-912,6.81,Complainant evidence → reference gap 14 days. Mon 28 Dec has room (193 of 386 min),ADJOURNED
ST/2340/2020,KL-002340-2020,EVIDENCE_ACCUSED,2026-12-28,11:28,11:37,11:28,11:58,ADV-589,6.81,Defence evidence → reference gap 14 days. Mon 28 Dec has room (87 of 386 min),MOVED_FORWARD
ST/1633/2020,KL-001633-2020,EVIDENCE_COMPLAINANT,2026-12-28,11:37,11:46,11:37,12:07,ADV-347,6.81,Complainant evidence → reference gap 14 days. Mon 28 Dec has room (142 of 386 min),MOVED_FORWARD
ST/1736/2022,KL-001736-2022,EVIDENCE_COMPLAINANT,2026-12-28,11:46,12:02,11:46,12:16,ADV-528,4.58,Complainant evidence → reference gap 14 days. Mon 28 Dec has room (14 of 386 min); ADV-528 already listed,MOVED_FORWARD
ST/2899/2022,KL-002899-2022,EVIDENCE_COMPLAINANT,2026-12-28,12:02,12:17,12:02,12:32,ADV-819,4.58,Complainant evidence → reference gap 14 days. Mon 28 Dec has room (156 of 386 min),MOVED_FORWARD
ST/69/2021,KL-000069-2021,EVIDENCE_ACCUSED,2026-12-28,12:17,12:25,12:17,12:47,ADV-188,5.03,Defence evidence → reference gap 14 days. Mon 28 Dec has room (21 of 386 min); ADV-188 already listed,ADJOURNED
ST/1834/2021,KL-001834-2021,EVIDENCE_ACCUSED,2026-12-28,12:25,12:33,12:25,12:55,ADV-299,5.03,Defence evidence → reference gap 14 days. Mon 28 Dec has room (95 of 386 min),MOVED_FORWARD
ST/1615/2022,KL-001615-2022,EVIDENCE_COMPLAINANT,2026-12-28,12:33,12:45,12:33,13:03,ADV-706,4.82,Complainant evidence → reference gap 14 days. Mon 28 Dec has room (204 of 386 min); ADV-706 already listed,MOVED_FORWARD
ST/590/2021,KL-000590-2021,EVIDENCE_ACCUSED,2026-12-28,12:45,12:53,12:45,13:15,ADV-1147,4.99,Defence evidence → reference gap 14 days. Mon 28 Dec has room (45 of 386 min),ADJOURNED
ST/1144/2021,KL-001144-2021,EVIDENCE_ACCUSED,2026-12-28,12:53,13:01,12:53,13:23,ADV-565,4.99,Defence evidence → reference gap 14 days. Mon 28 Dec has room (163 of 386 min),ADJOURNED
ST/775/2021,KL-000775-2021,EVIDENCE_ACCUSED,2026-12-28,13:01,13:08,13:01,13:31,ADV-542,4.99,Defence evidence → reference gap 14 days. Mon 28 Dec has room (102 of 386 min),ADJOURNED
ST/1843/2022,KL-001843-2022,EVIDENCE_ACCUSED,2026-12-28,13:08,13:17,13:08,13:38,ADV-124,4.35,Defence evidence → reference gap 14 days. Mon 28 Dec has room (53 of 386 min); ADV-124 already listed,ADJOURNED
ST/975/2022,KL-000975-2022,EVIDENCE_ACCUSED,2026-12-28,13:17,13:25,13:17,13:47,ADV-120,4.28,Defence evidence → reference gap 14 days. Mon 28 Dec has room (29 of 386 min); ADV-120 already listed,ADJOURNED
ST/1677/2022,KL-001677-2022,EVIDENCE_ACCUSED,2026-12-28,13:25,13:30,13:25,13:55,ADV-701,4.28,Defence evidence → reference gap 14 days. Mon 28 Dec has room (37 of 386 min); ADV-701 already listed,ADJOURNED
ST/2891/2022,KL-002891-2022,EVIDENCE_ACCUSED,2026-12-28,14:00,14:08,14:00,14:30,ADV-938,4.28,Defence evidence → reference gap 14 days. Mon 28 Dec has room (60 of 386 min),ADJOURNED
ST/1132/2022,KL-001132-2022,EVIDENCE_ACCUSED,2026-12-28,14:08,14:17,14:08,14:38,ADV-1172,4.71,Defence evidence → reference gap 14 days. Mon 28 Dec has room (212 of 386 min); ADV-1172 already listed,ADJOURNED
ST/652/2022,KL-000652-2022,EVIDENCE_ACCUSED,2026-12-28,14:17,14:24,14:17,14:47,ADV-091,4.22,Defence evidence → reference gap 14 days. Mon 28 Dec has room (182 of 386 min); ADV-091 already listed,ADJOURNED
ST/1036/2018,KL-001036-2018,ARGUMENTS,2026-12-28,14:24,14:31,14:24,14:54,ADV-041,8.36,"4+ year case due within 30 days, 8.4 years old, waiting 95 days",ADJOURNED
ST/1139/2018,KL-001139-2018,ARGUMENTS,2026-12-28,14:31,14:38,14:31,15:01,ADV-1110,8.36,"4+ year case due within 30 days, 8.4 years old, waiting 95 days",ADJOURNED
ST/1234/2018,KL-001234-2018,ARGUMENTS,2026-12-28,14:38,14:45,14:38,15:08,ADV-334,8.36,"4+ year case due within 30 days, 8.4 years old, waiting 95 days",MOVED_FORWARD
ST/1394/2018,KL-001394-2018,ARGUMENTS,2026-12-28,14:45,14:53,14:45,15:15,ADV-086,8.36,"4+ year case due within 30 days, 8.4 years old, waiting 95 days",ADJOURNED
ST/1513/2018,KL-001513-2018,ARGUMENTS,2026-12-28,14:53,15:00,14:53,15:23,ADV-155,8.36,"4+ year case due within 30 days, 8.4 years old, waiting 95 days",ADJOURNED
ST/1722/2018,KL-001722-2018,ARGUMENTS,2026-12-28,15:00,15:07,15:00,15:30,ADV-1047,8.36,"4+ year case due within 30 days, 8.4 years old, waiting 95 days",ADJOURNED
ST/1742/2018,KL-001742-2018,ARGUMENTS,2026-12-28,15:07,15:14,15:07,15:37,ADV-583,8.36,"4+ year case due within 30 days, 8.4 years old, waiting 95 days",ADJOURNED
ST/1845/2018,KL-001845-2018,ARGUMENTS,2026-12-28,15:14,15:21,15:14,15:44,ADV-947,8.36,"4+ year case due within 30 days, 8.4 years old, waiting 95 days",ADJOURNED
ST/1899/2018,KL-001899-2018,ARGUMENTS,2026-12-28,15:21,15:28,15:21,15:51,ADV-954,8.36,"4+ year case due within 30 days, 8.4 years old, waiting 95 days",ADJOURNED
ST/1966/2018,KL-001966-2018,ARGUMENTS,2026-12-28,15:28,15:35,15:28,15:58,ADV-134,8.36,"4+ year case due within 30 days, 8.4 years old, waiting 95 days",ADJOURNED
ST/2043/2018,KL-002043-2018,ARGUMENTS,2026-12-28,15:35,15:42,15:35,16:05,ADV-502,8.36,"4+ year case due within 30 days, 8.4 years old, waiting 95 days",ADJOURNED
ST/2044/2018,KL-002044-2018,ARGUMENTS,2026-12-28,15:42,15:49,15:42,16:12,ADV-710,8.36,"4+ year case due within 30 days, 8.4 years old, waiting 95 days",ADJOURNED
ST/2115/2018,KL-002115-2018,ARGUMENTS,2026-12-28,15:49,15:56,15:49,16:19,ADV-301,8.36,"4+ year case due within 30 days, 8.4 years old, waiting 95 days",ADJOURNED
ST/2125/2018,KL-002125-2018,ARGUMENTS,2026-12-28,15:56,16:03,15:56,16:26,ADV-146,8.36,"4+ year case due within 30 days, 8.4 years old, waiting 95 days",MOVED_FORWARD
ST/2172/2018,KL-002172-2018,ARGUMENTS,2026-12-28,16:03,16:10,16:03,16:33,ADV-562,8.36,"4+ year case due within 30 days, 8.4 years old, waiting 95 days",ADJOURNED
ST/2294/2018,KL-002294-2018,ARGUMENTS,2026-12-28,16:10,16:17,16:10,16:40,ADV-920,8.36,"4+ year case due within 30 days, 8.4 years old, waiting 95 days",ADJOURNED
ST/2325/2018,KL-002325-2018,ARGUMENTS,2026-12-28,16:17,16:25,16:17,16:47,ADV-1150,8.36,"4+ year case due within 30 days, 8.4 years old, waiting 95 days",ADJOURNED
ST/2403/2018,KL-002403-2018,ARGUMENTS,2026-12-28,16:25,16:32,16:25,16:55,ADV-849,8.36,"4+ year case due within 30 days, 8.4 years old, waiting 95 days",ADJOURNED
ST/2215/2022,KL-002215-2022,JUDGEMENT,2026-12-28,16:32,17:04,16:32,17:02,ADV-1013,4.31,Not reached on Mon 21 Dec; earliest day with room. Mon 28 Dec has room (242 of 386 min),ADJOURNED
ST/2894/2017,KL-002894-2017,ARGUMENTS,2026-12-28,17:04,17:11,17:04,17:34,ADV-409,9.61,Not reached on Mon 21 Dec; earliest day with room. Mon 28 Dec has room (248 of 386 min),NOT_REACHED
ST/2833/2017,KL-002833-2017,ARGUMENTS,2026-12-28,17:11,17:17,17:11,17:41,ADV-1037,9.37,Not reached on Mon 21 Dec; earliest day with room. Mon 28 Dec has room (254 of 386 min),NOT_REACHED
ST/1701/2021,KL-001701-2021,ARGUMENTS,2026-12-28,17:17,17:24,17:17,17:47,ADV-1120,5.90,Not reached on Mon 21 Dec; earliest day with room. Mon 28 Dec has room (260 of 386 min),NOT_REACHED
ST/618/2021,KL-000618-2021,ARGUMENTS,2026-12-28,17:24,17:30,17:24,17:54,ADV-516,5.90,Not reached on Mon 21 Dec; earliest day with room. Mon 28 Dec has room (266 of 386 min),NOT_REACHED
ST/2708/2017,KL-002708-2017,ARGUMENTS,2026-12-28,17:30,17:37,17:30,18:00,ADV-405,9.37,Arguments → reference gap 14 days. Mon 28 Dec has room (108 of 386 min),NOT_REACHED
ST/190/2017,KL-000190-2017,ARGUMENTS,2026-12-28,17:37,17:43,17:37,18:07,ADV-1051,9.37,Arguments → reference gap 14 days. Mon 28 Dec has room (66 of 386 min),NOT_REACHED
ST/840/2017,KL-000840-2017,ARGUMENTS,2026-12-28,17:43,17:49,17:43,18:13,ADV-1201,9.61,Arguments → reference gap 14 days. Mon 28 Dec has room (169 of 386 min),NOT_REACHED
ST/541/2020,KL-000541-2020,ARGUMENTS,2026-12-28,17:49,17:56,17:49,18:19,ADV-926,6.44,Arguments → reference gap 14 days. Mon 28 Dec has room (175 of 386 min),NOT_REACHED
ST/2333/2021,KL-002333-2021,ARGUMENTS,2026-12-28,17:56,18:02,17:56,18:26,ADV-493,5.90,Arguments → reference gap 14 days. Mon 28 Dec has room (114 of 386 min),NOT_REACHED
ST/1261/2021,KL-001261-2021,ARGUMENTS,2026-12-28,18:02,18:08,18:02,18:32,ADV-285,5.90,Arguments → reference gap 14 days. Mon 28 Dec has room (119 of 386 min); ADV-285 already listed,NOT_REACHED
ST/1253/2021,KL-001253-2021,ARGUMENTS,2026-12-28,18:08,18:15,18:08,18:38,ADV-1236,5.03,Arguments → reference gap 14 days. Mon 28 Dec has room (125 of 386 min),NOT_REACHED
ST/2159/2022,KL-002159-2022,ARGUMENTS,2026-12-28,18:15,18:21,18:15,18:45,ADV-174,4.35,Arguments → reference gap 14 days. Mon 28 Dec has room (80 of 386 min); ADV-174 already listed,NOT_REACHED
ST/1767/2022,KL-001767-2022,REPORTS,2026-12-29,10:00,10:04,10:00,10:10,ADV-720,4.15,"4+ year case due within 30 days, waiting 96 days, 4.1 years old",ADJOURNED
ST/2066/2022,KL-002066-2022,REPORTS,2026-12-29,10:04,10:08,10:04,10:14,ADV-871,4.15,"4+ year case due within 30 days, waiting 96 days, 4.1 years old",ADJOURNED
ST/883/2022,KL-000883-2022,EVIDENCE_ACCUSED,2026-12-29,10:08,10:16,10:08,10:38,ADV-725,4.03,"4+ year case due within 30 days, waiting 96 days, 4.0 years old",ADJOURNED
ST/923/2022,KL-000923-2022,EVIDENCE_ACCUSED,2026-12-29,10:16,10:25,10:16,10:46,ADV-607,4.03,"4+ year case due within 30 days, waiting 96 days, 4.0 years old",ADJOURNED
ST/935/2022,KL-000935-2022,EVIDENCE_ACCUSED,2026-12-29,10:25,10:33,10:25,10:55,ADV-232,4.03,"4+ year case due within 30 days, waiting 96 days, 4.0 years old",ADJOURNED
ST/1057/2022,KL-001057-2022,EVIDENCE_ACCUSED,2026-12-29,10:33,10:42,10:33,11:03,ADV-1068,4.03,"4+ year case due within 30 days, waiting 96 days, 4.0 years old",ADJOURNED
ST/1092/2022,KL-001092-2022,EVIDENCE_ACCUSED,2026-12-29,10:42,10:50,10:42,11:12,ADV-054,4.03,"4+ year case due within 30 days, waiting 96 days, 4.0 years old",ADJOURNED
ST/1184/2022,KL-001184-2022,EVIDENCE_ACCUSED,2026-12-29,10:50,10:59,10:50,11:20,ADV-1075,4.03,"4+ year case due within 30 days, waiting 96 days, 4.0 years old",MOVED_FORWARD
ST/2467/2017,KL-002467-2017,EVIDENCE_ACCUSED,2026-12-29,10:59,11:07,10:59,11:29,ADV-043,9.38,Defence evidence → reference gap 14 days. Tue 29 Dec has room (35 of 386 min),MOVED_FORWARD
ST/2002/2022,KL-002002-2022,EVIDENCE_ACCUSED,2026-12-29,11:07,11:14,11:07,11:37,ADV-043,4.82,Defence evidence → reference gap 14 days. Tue 29 Dec has room (42 of 386 min); ADV-043 already listed,ADJOURNED
ST/642/2017,KL-000642-2017,EVIDENCE_ACCUSED,2026-12-29,11:14,11:22,11:14,11:44,ADV-1170,9.61,Defence evidence → reference gap 14 days. Tue 29 Dec has room (98 of 386 min); ADV-1170 already listed,ADJOURNED
ST/1705/2017,KL-001705-2017,EVIDENCE_ACCUSED,2026-12-29,11:22,11:30,11:22,11:52,ADV-927,9.61,Defence evidence → reference gap 14 days. Tue 29 Dec has room (147 of 386 min),ADJOURNED
ST/2101/2017,KL-002101-2017,EVIDENCE_ACCUSED,2026-12-29,11:30,11:38,11:30,12:00,ADV-694,9.61,Defence evidence → reference gap 14 days. Tue 29 Dec has room (182 of 386 min),ADJOURNED
ST/2321/2020,KL-002321-2020,EVIDENCE_ACCUSED,2026-12-29,11:38,11:46,11:38,12:08,ADV-397,6.81,Defence evidence → reference gap 14 days. Tue 29 Dec has room (105 of 386 min),ADJOURNED
ST/2502/2020,KL-002502-2020,EVIDENCE_ACCUSED,2026-12-29,11:46,11:53,11:46,12:16,ADV-284,6.81,Defence evidence → reference gap 14 days. Tue 29 Dec has room (49 of 386 min),ADJOURNED
ST/741/2022,KL-000741-2022,EVIDENCE_ACCUSED,2026-12-29,11:53,12:01,11:53,12:23,ADV-284,4.35,Defence evidence → reference gap 14 days. Tue 29 Dec has room (56 of 386 min); ADV-284 already listed,ADJOURNED
ST/892/2020,KL-000892-2020,EVIDENCE_ACCUSED,2026-12-29,12:01,12:09,12:01,12:31,ADV-1167,6.44,Defence evidence → reference gap 14 days. Tue 29 Dec has room (155 of 386 min),ADJOURNED
ST/135/2022,KL-000135-2022,EVIDENCE_COMPLAINANT,2026-12-29,12:09,12:24,12:09,12:39,ADV-896,4.59,Complainant evidence → reference gap 14 days. Tue 29 Dec has room (168 of 386 min),MOVED_FORWARD
ST/963/2021,KL-000963-2021,EVIDENCE_COMPLAINANT,2026-12-29,12:24,12:35,12:24,12:54,ADV-828,4.99,Complainant evidence → reference gap 14 days. Tue 29 Dec has room (116 of 386 min),ADJOURNED
ST/1571/2021,KL-001571-2021,EVIDENCE_ACCUSED,2026-12-29,12:35,12:43,12:35,13:05,ADV-872,5.03,Defence evidence → reference gap 14 days. Tue 29 Dec has room (7 of 386 min); ADV-872 already listed,ADJOURNED
ST/484/2022,KL-000484-2022,EVIDENCE_ACCUSED,2026-12-29,12:43,12:52,12:43,13:13,ADV-291,4.59,Defence evidence → reference gap 14 days. Tue 29 Dec has room (65 of 386 min); ADV-291 already listed,ADJOURNED
ST/1024/2021,KL-001024-2021,EVIDENCE_ACCUSED,2026-12-29,12:52,13:00,12:52,13:22,ADV-362,4.99,Defence evidence → reference gap 14 days. Tue 29 Dec has room (189 of 386 min),ADJOURNED
ST/716/2022,KL-000716-2022,EVIDENCE_ACCUSED,2026-12-29,13:00,13:10,13:00,13:30,ADV-362,4.59,Defence evidence → reference gap 14 days. Tue 29 Dec has room (198 of 386 min); ADV-362 already listed,ADJOURNED
ST/1964/2022,KL-001964-2022,EVIDENCE_ACCUSED,2026-12-29,13:10,13:19,13:10,13:40,ADV-296,4.35,Defence evidence → reference gap 14 days. Tue 29 Dec has room (73 of 386 min); ADV-296 already listed,ADJOURNED
ST/2889/2022,KL-002889-2022,EVIDENCE_ACCUSED,2026-12-29,13:19,13:27,13:19,13:49,ADV-837,4.28,Defence evidence → reference gap 14 days. Tue 29 Dec has room (21 of 386 min),ADJOURNED
ST/3/2022,KL-000003-2022,EVIDENCE_ACCUSED,2026-12-29,13:27,13:30,13:27,13:57,ADV-1172,4.22,Defence evidence → reference gap 14 days. Tue 29 Dec has room (28 of 386 min); ADV-1172 already listed,ADJOURNED
ST/736/2022,KL-000736-2022,EVIDENCE_ACCUSED,2026-12-29,14:00,14:08,14:00,14:30,ADV-257,4.72,Defence evidence → reference gap 14 days. Tue 29 Dec has room (175 of 386 min),ADJOURNED
ST/2638/2018,KL-002638-2018,ARGUMENTS,2026-12-29,14:08,14:15,14:08,14:38,ADV-548,8.37,"4+ year case due within 30 days, 8.4 years old, waiting 96 days",MOVED_FORWARD
ST/2987/2018,KL-002987-2018,ARGUMENTS,2026-12-29,14:15,14:22,14:15,14:45,ADV-1152,8.37,"4+ year case due within 30 days, 8.4 years old, waiting 96 days",ADJOURNED
ST/19/2022,KL-000019-2022,ARGUMENTS,2026-12-29,14:22,14:29,14:22,14:52,ADV-754,4.85,"4+ year case due within 30 days, 4.8 years old, waiting 96 days",ADJOURNED
ST/84/2022,KL-000084-2022,ARGUMENTS,2026-12-29,14:29,14:36,14:29,14:59,ADV-304,4.85,"4+ year case due within 30 days, 4.8 years old, waiting 96 days",MOVED_FORWARD
ST/90/2022,KL-000090-2022,ARGUMENTS,2026-12-29,14:36,14:43,14:36,15:06,ADV-590,4.85,"4+ year case due within 30 days, 4.8 years old, waiting 96 days",ADJOURNED
ST/101/2022,KL-000101-2022,ARGUMENTS,2026-12-29,14:43,14:50,14:43,15:13,ADV-461,4.85,"4+ year case due within 30 days, 4.8 years old, waiting 96 days",ADJOURNED
ST/388/2022,KL-000388-2022,ARGUMENTS,2026-12-29,14:50,14:57,14:50,15:20,ADV-929,4.85,"4+ year case due within 30 days, 4.8 years old, waiting 96 days",ADJOURNED
ST/545/2022,KL-000545-2022,ARGUMENTS,2026-12-29,14:57,15:05,14:57,15:27,ADV-047,4.85,"4+ year case due within 30 days, 4.8 years old, waiting 96 days",ADJOURNED
ST/582/2022,KL-000582-2022,ARGUMENTS,2026-12-29,15:05,15:12,15:05,15:35,ADV-964,4.85,"4+ year case due within 30 days, 4.8 years old, waiting 96 days",ADJOURNED
ST/589/2022,KL-000589-2022,ARGUMENTS,2026-12-29,15:12,15:19,15:12,15:42,ADV-820,4.85,"4+ year case due within 30 days, 4.8 years old, waiting 96 days",ADJOURNED
ST/611/2022,KL-000611-2022,ARGUMENTS,2026-12-29,15:19,15:26,15:19,15:49,ADV-706,4.85,"4+ year case due within 30 days, 4.8 years old, waiting 96 days",MOVED_FORWARD
ST/816/2022,KL-000816-2022,ARGUMENTS,2026-12-29,15:26,15:33,15:26,15:56,ADV-091,4.85,"4+ year case due within 30 days, 4.8 years old, waiting 96 days",ADJOURNED
ST/868/2022,KL-000868-2022,ARGUMENTS,2026-12-29,15:33,15:40,15:33,16:03,ADV-1022,4.85,"4+ year case due within 30 days, 4.8 years old, waiting 96 days",ADJOURNED
ST/1016/2022,KL-001016-2022,ARGUMENTS,2026-12-29,15:40,15:47,15:40,16:10,ADV-179,4.85,"4+ year case due within 30 days, 4.8 years old, waiting 96 days",MOVED_FORWARD
ST/1080/2022,KL-001080-2022,ARGUMENTS,2026-12-29,15:47,15:54,15:47,16:17,ADV-963,4.85,"4+ year case due within 30 days, 4.8 years old, waiting 96 days",ADJOURNED
ST/1086/2022,KL-001086-2022,ARGUMENTS,2026-12-29,15:54,16:01,15:54,16:24,ADV-797,4.85,"4+ year case due within 30 days, 4.8 years old, waiting 96 days",ADJOURNED
ST/2164/2017,KL-002164-2017,ARGUMENTS,2026-12-29,16:01,16:07,16:01,16:31,ADV-1054,9.61,Not reached on Mon 21 Dec; earliest day with room. Tue 29 Dec has room (216 of 386 min),MOVED_FORWARD
ST/2266/2020,KL-002266-2020,ARGUMENTS,2026-12-29,16:07,16:14,16:07,16:37,ADV-1119,6.81,Not reached on Mon 21 Dec; earliest day with room. Tue 29 Dec has room (222 of 386 min); ADV-1119 already listed,MOVED_FORWARD
ST/1574/2022,KL-001574-2022,ARGUMENTS,2026-12-29,16:14,16:20,16:14,16:44,ADV-1119,4.35,Arguments → reference gap 14 days. Tue 29 Dec has room (140 of 386 min),ADJOURNED
ST/1055/2021,KL-001055-2021,ARGUMENTS,2026-12-29,16:20,16:26,16:20,16:50,ADV-008,5.03,Not reached on Mon 21 Dec; earliest day with room. Tue 29 Dec has room (227 of 386 min),MOVED_FORWARD
ST/669/2017,KL-000669-2017,ARGUMENTS,2026-12-29,16:26,16:33,16:26,16:56,ADV-537,9.61,Arguments → reference gap 14 days. Tue 29 Dec has room (134 of 386 min); ADV-537 already listed,ADJOURNED
ST/1035/2022,KL-001035-2022,ARGUMENTS,2026-12-29,16:33,16:39,16:33,17:03,ADV-537,4.82,Arguments → reference gap 14 days. Tue 29 Dec has room (122 of 386 min),ADJOURNED
ST/2842/2020,KL-002842-2020,ARGUMENTS,2026-12-29,16:39,16:46,16:39,17:09,ADV-1260,6.44,Arguments → reference gap 14 days. Tue 29 Dec has room (13 of 386 min),ADJOURNED
ST/2742/2020,KL-002742-2020,ARGUMENTS,2026-12-29,16:46,16:52,16:46,17:16,ADV-784,6.81,Arguments → reference gap 14 days. Tue 29 Dec has room (210 of 386 min),ADJOURNED
ST/292/2021,KL-000292-2021,ARGUMENTS,2026-12-29,16:52,16:59,16:52,17:22,ADV-585,5.90,Arguments → reference gap 14 days. Tue 29 Dec has room (85 of 386 min),ADJOURNED
ST/127/2021,KL-000127-2021,ARGUMENTS,2026-12-29,16:59,17:05,16:59,17:29,ADV-1049,5.03,Arguments → reference gap 14 days. Tue 29 Dec has room (79 of 386 min); ADV-1049 already listed,ADJOURNED
ST/257/2022,KL-000257-2022,ARGUMENTS,2026-12-29,17:05,17:12,17:05,17:35,ADV-218,4.72,Arguments → reference gap 14 days. Tue 29 Dec has room (128 of 386 min),ADJOURNED
ST/416/2022,KL-000416-2022,ARGUMENTS,2026-12-29,17:12,17:18,17:12,17:42,ADV-520,4.72,Arguments → reference gap 14 days. Tue 29 Dec has room (204 of 386 min),NOT_REACHED
ST/502/2022,KL-000502-2022,ARGUMENTS,2026-12-29,17:18,17:24,17:18,17:48,ADV-807,4.22,Arguments → reference gap 14 days. Tue 29 Dec has room (91 of 386 min),NOT_REACHED
ST/2251/2022,KL-002251-2022,REPORTS,2026-12-30,10:00,10:04,10:00,10:10,ADV-189,4.15,"4+ year case due within 30 days, waiting 97 days, 4.2 years old",MOVED_FORWARD
ST/2254/2022,KL-002254-2022,REPORTS,2026-12-30,10:04,10:08,10:04,10:14,ADV-707,4.15,"4+ year case due within 30 days, waiting 97 days, 4.2 years old",ADJOURNED
ST/1220/2022,KL-001220-2022,EVIDENCE_ACCUSED,2026-12-30,10:08,10:16,10:08,10:38,ADV-206,4.03,"4+ year case due within 30 days, waiting 97 days, 4.0 years old",ADJOURNED
ST/1263/2022,KL-001263-2022,EVIDENCE_ACCUSED,2026-12-30,10:16,10:25,10:16,10:46,ADV-368,4.03,"4+ year case due within 30 days, waiting 97 days, 4.0 years old",ADJOURNED
ST/1293/2022,KL-001293-2022,EVIDENCE_ACCUSED,2026-12-30,10:25,10:33,10:25,10:55,ADV-621,4.03,"4+ year case due within 30 days, waiting 97 days, 4.0 years old",ADJOURNED
ST/1319/2022,KL-001319-2022,EVIDENCE_ACCUSED,2026-12-30,10:33,10:42,10:33,11:03,ADV-1074,4.03,"4+ year case due within 30 days, waiting 97 days, 4.0 years old",ADJOURNED
ST/1331/2022,KL-001331-2022,EVIDENCE_ACCUSED,2026-12-30,10:42,10:50,10:42,11:12,ADV-234,4.03,"4+ year case due within 30 days, waiting 97 days, 4.0 years old",ADJOURNED
ST/1373/2022,KL-001373-2022,EVIDENCE_ACCUSED,2026-12-30,10:50,10:59,10:50,11:20,ADV-286,4.03,"4+ year case due within 30 days, waiting 97 days, 4.0 years old",ADJOURNED
ST/2531/2017,KL-002531-2017,EVIDENCE_ACCUSED,2026-12-30,10:59,11:07,10:59,11:29,ADV-746,9.62,Defence evidence → reference gap 14 days. Wed 30 Dec has room (139 of 386 min),ADJOURNED
ST/2912/2020,KL-002912-2020,EVIDENCE_COMPLAINANT,2026-12-30,11:07,11:19,11:07,11:37,ADV-424,6.81,Complainant evidence → reference gap 14 days. Wed 30 Dec has room (68 of 386 min),ADJOURNED
ST/2547/2022,KL-002547-2022,EVIDENCE_COMPLAINANT,2026-12-30,11:19,11:34,11:19,11:49,ADV-195,4.59,Complainant evidence → reference gap 14 days. Wed 30 Dec has room (153 of 386 min),ADJOURNED
ST/2557/2022,KL-002557-2022,EVIDENCE_COMPLAINANT,2026-12-30,11:34,11:48,11:34,12:04,ADV-128,4.59,Complainant evidence → reference gap 14 days. Wed 30 Dec has room (126 of 386 min),MOVED_FORWARD
ST/650/2021,KL-000650-2021,EVIDENCE_COMPLAINANT,2026-12-30,11:48,11:58,11:48,12:18,ADV-930,5.00,Complainant evidence → reference gap 14 days. Wed 30 Dec has room (86 of 386 min),ADJOURNED
ST/2873/2022,KL-002873-2022,EVIDENCE_ACCUSED,2026-12-30,11:58,12:07,11:58,12:28,ADV-930,4.36,Defence evidence → reference gap 14 days. Wed 30 Dec has room (94 of 386 min); ADV-930 already listed,ADJOURNED
ST/361/2021,KL-000361-2021,EVIDENCE_ACCUSED,2026-12-30,12:07,12:15,12:07,12:37,ADV-1241,5.00,Defence evidence → reference gap 14 days. Wed 30 Dec has room (76 of 386 min); ADV-1241 already listed,ADJOURNED
ST/1500/2021,KL-001500-2021,EVIDENCE_COMPLAINANT,2026-12-30,12:15,12:27,12:15,12:45,ADV-436,5.00,Complainant evidence → reference gap 14 days. Wed 30 Dec has room (187 of 386 min),ADJOURNED
ST/387/2022,KL-000387-2022,EVIDENCE_ACCUSED,2026-12-30,12:27,12:34,12:27,12:57,ADV-976,4.83,Defence evidence → reference gap 14 days. Wed 30 Dec has room (58 of 386 min); ADV-976 already listed,ADJOURNED
ST/2702/2022,KL-002702-2022,EVIDENCE_ACCUSED,2026-12-30,12:34,12:44,12:34,13:04,ADV-480,4.59,Defence evidence → reference gap 14 days. Wed 30 Dec has room (162 of 386 min),ADJOURNED
ST/2457/2021,KL-002457-2021,EVIDENCE_ACCUSED,2026-12-30,12:44,12:51,12:44,13:14,ADV-202,5.00,Defence evidence → reference gap 14 days. Wed 30 Dec has room (195 of 386 min),ADJOURNED
ST/2438/2022,KL-002438-2022,EVIDENCE_ACCUSED,2026-12-30,12:51,13:00,12:51,13:21,ADV-016,4.72,Defence evidence → reference gap 14 days. Wed 30 Dec has room (215 of 386 min),ADJOURNED
ST/1089/2022,KL-001089-2022,EVIDENCE_ACCUSED,2026-12-30,13:00,13:08,13:00,13:30,ADV-1239,4.22,Defence evidence → reference gap 14 days. Wed 30 Dec has room (107 of 386 min),ADJOURNED
ST/1613/2022,KL-001613-2022,EVIDENCE_ACCUSED,2026-12-30,13:08,13:16,13:08,13:38,ADV-992,4.72,Defence evidence → reference gap 14 days. Wed 30 Dec has room (169 of 386 min); ADV-992 already listed,ADJOURNED
ST/1887/2022,KL-001887-2022,EVIDENCE_ACCUSED,2026-12-30,13:16,13:25,13:16,13:46,ADV-871,4.22,Defence evidence → reference gap 14 days. Wed 30 Dec has room (177 of 386 min); ADV-871 already listed,ADJOURNED
ST/1071/2022,KL-001071-2022,EVIDENCE_ACCUSED,2026-12-30,13:25,13:30,13:25,13:55,ADV-123,4.72,Defence evidence → reference gap 14 days. Wed 30 Dec has room (207 of 386 min),DISPOSED
ST/1097/2022,KL-001097-2022,ARGUMENTS,2026-12-30,14:00,14:07,14:00,14:30,ADV-676,4.85,"4+ year case due within 30 days, 4.8 years old, waiting 97 days",MOVED_FORWARD
ST/1650/2022,KL-001650-2022,ARGUMENTS,2026-12-30,14:07,14:14,14:07,14:37,ADV-332,4.85,"4+ year case due within 30 days, 4.8 years old, waiting 97 days",ADJOURNED
ST/1659/2022,KL-001659-2022,ARGUMENTS,2026-12-30,14:14,14:21,14:14,14:44,ADV-530,4.85,"4+ year case due within 30 days, 4.8 years old, waiting 97 days",ADJOURNED
ST/1865/2022,KL-001865-2022,ARGUMENTS,2026-12-30,14:21,14:28,14:21,14:51,ADV-1108,4.85,"4+ year case due within 30 days, 4.8 years old, waiting 97 days",ADJOURNED
ST/1933/2022,KL-001933-2022,ARGUMENTS,2026-12-30,14:28,14:35,14:28,14:58,ADV-1134,4.85,"4+ year case due within 30 days, 4.8 years old, waiting 97 days",ADJOURNED
ST/1961/2022,KL-001961-2022,ARGUMENTS,2026-12-30,14:35,14:42,14:35,15:05,ADV-481,4.85,"4+ year case due within 30 days, 4.8 years old, waiting 97 days",ADJOURNED
ST/1969/2022,KL-001969-2022,ARGUMENTS,2026-12-30,14:42,14:50,14:42,15:12,ADV-047,4.85,"4+ year case due within 30 days, 4.8 years old, waiting 97 days",ADJOURNED
ST/2208/2022,KL-002208-2022,ARGUMENTS,2026-12-30,14:50,14:57,14:50,15:20,ADV-950,4.85,"4+ year case due within 30 days, 4.8 years old, waiting 97 days",ADJOURNED
ST/2246/2022,KL-002246-2022,ARGUMENTS,2026-12-30,14:57,15:04,14:57,15:27,ADV-288,4.85,"4+ year case due within 30 days, 4.8 years old, waiting 97 days",ADJOURNED
ST/2286/2022,KL-002286-2022,ARGUMENTS,2026-12-30,15:04,15:11,15:04,15:34,ADV-725,4.85,"4+ year case due within 30 days, 4.8 years old, waiting 97 days",ADJOURNED
ST/2451/2022,KL-002451-2022,ARGUMENTS,2026-12-30,15:11,15:18,15:11,15:41,ADV-321,4.85,"4+ year case due within 30 days, 4.8 years old, waiting 97 days",MOVED_FORWARD
ST/2455/2022,KL-002455-2022,ARGUMENTS,2026-12-30,15:18,15:25,15:18,15:48,ADV-388,4.85,"4+ year case due within 30 days, 4.8 years old, waiting 97 days",ADJOURNED
ST/2704/2022,KL-002704-2022,ARGUMENTS,2026-12-30,15:25,15:32,15:25,15:55,ADV-544,4.85,"4+ year case due within 30 days, 4.8 years old, waiting 97 days",MOVED_FORWARD
ST/2784/2022,KL-002784-2022,ARGUMENTS,2026-12-30,15:32,15:39,15:32,16:02,ADV-1237,4.85,"4+ year case due within 30 days, 4.8 years old, waiting 97 days",ADJOURNED
ST/2790/2022,KL-002790-2022,ARGUMENTS,2026-12-30,15:39,15:46,15:39,16:09,ADV-1244,4.85,"4+ year case due within 30 days, 4.8 years old, waiting 97 days",ADJOURNED
ST/2882/2017,KL-002882-2017,JUDGEMENT,2026-12-30,15:46,16:16,15:46,16:16,ADV-1244,9.11,Not reached on Wed 23 Dec; earliest day with room. Wed 30 Dec has room (248 of 386 min); ADV-1244 already listed,DISPOSED
ST/2822/2022,KL-002822-2022,ARGUMENTS,2026-12-30,16:16,16:23,16:16,16:46,ADV-888,4.85,"4+ year case due within 30 days, 4.8 years old, waiting 97 days",ADJOURNED
ST/2863/2022,KL-002863-2022,ARGUMENTS,2026-12-30,16:23,16:30,16:23,16:53,ADV-728,4.85,"4+ year case due within 30 days, 4.8 years old, waiting 97 days",ADJOURNED
ST/22/2021,KL-000022-2021,ARGUMENTS,2026-12-30,16:30,16:37,16:30,17:00,ADV-166,5.04,"4+ year case due within 30 days, 5.0 years old, waiting 97 days",ADJOURNED
ST/2633/2017,KL-002633-2017,ARGUMENTS,2026-12-30,16:37,16:43,16:37,17:07,ADV-657,9.62,Not reached on Wed 23 Dec; earliest day with room. Wed 30 Dec has room (221 of 386 min),ADJOURNED
ST/906/2020,KL-000906-2020,ARGUMENTS,2026-12-30,16:43,16:49,16:43,17:13,ADV-962,6.44,Not reached on Wed 23 Dec; earliest day with room. Wed 30 Dec has room (254 of 386 min),ADJOURNED
ST/1657/2021,KL-001657-2021,ARGUMENTS,2026-12-30,16:49,16:56,16:49,17:19,ADV-168,5.00,Not reached on Wed 23 Dec; earliest day with room. Wed 30 Dec has room (260 of 386 min),ADJOURNED
ST/459/2021,KL-000459-2021,ARGUMENTS,2026-12-30,16:56,17:02,16:56,17:26,ADV-1060,5.00,Not reached on Wed 23 Dec; earliest day with room. Wed 30 Dec has room (266 of 386 min),ADJOURNED
ST/752/2022,KL-000752-2022,ARGUMENTS,2026-12-30,17:02,17:09,17:02,17:32,ADV-1007,4.28,Not reached on Wed 23 Dec; earliest day with room. Wed 30 Dec has room (271 of 386 min),ADJOURNED
ST/1607/2022,KL-001607-2022,ARGUMENTS,2026-12-30,17:09,17:15,17:09,17:39,ADV-303,4.28,Not reached on Wed 23 Dec; earliest day with room. Wed 30 Dec has room (277 of 386 min),ADJOURNED
ST/234/2021,KL-000234-2021,JUDGEMENT,2026-12-30,17:15,17:45,17:15,17:45,ADV-006,5.78,Judgement → reference gap 21 days. Wed 30 Dec has room (27 of 386 min),DISPOSED
ST/1911/2021,KL-001911-2021,JUDGEMENT,2026-12-30,17:45,18:11,17:45,18:15,ADV-1193,5.03,Judgement → reference gap 21 days. Wed 30 Dec has room (51 of 386 min),DISPOSED
ST/2594/2020,KL-002594-2020,ARGUMENTS,2026-12-30,18:11,18:17,18:11,18:41,ADV-790,6.81,Arguments → reference gap 14 days. Wed 30 Dec has room (113 of 386 min),MOVED_FORWARD
ST/1470/2022,KL-001470-2022,ARGUMENTS,2026-12-30,18:17,18:23,18:17,18:47,ADV-944,4.83,Arguments → reference gap 14 days. Wed 30 Dec has room (99 of 386 min),ADJOURNED
ST/283/2022,KL-000283-2022,ARGUMENTS,2026-12-30,18:23,18:29,18:23,18:53,ADV-1222,4.72,Arguments → reference gap 14 days. Wed 30 Dec has room (132 of 386 min),ADJOURNED
ST/1274/2022,KL-001274-2022,ARGUMENTS,2026-12-30,18:29,18:35,18:29,18:59,ADV-397,4.72,Arguments → reference gap 14 days. Wed 30 Dec has room (201 of 386 min),ADJOURNED
ST/2350/2022,KL-002350-2022,REPORTS,2026-12-31,10:00,10:04,10:00,10:10,ADV-734,4.15,"4+ year case due within 30 days, waiting 98 days, 4.2 years old",MOVED_FORWARD
ST/1473/2022,KL-001473-2022,EVIDENCE_ACCUSED,2026-12-31,10:04,10:12,10:04,10:34,ADV-616,4.04,"4+ year case due within 30 days, waiting 98 days, 4.0 years old",ADJOURNED
ST/1643/2022,KL-001643-2022,EVIDENCE_ACCUSED,2026-12-31,10:12,10:21,10:12,10:42,ADV-1201,4.04,"4+ year case due within 30 days, waiting 98 days, 4.0 years old",ADJOURNED
ST/1729/2022,KL-001729-2022,EVIDENCE_ACCUSED,2026-12-31,10:21,10:29,10:21,10:51,ADV-142,4.04,"4+ year case due within 30 days, waiting 98 days, 4.0 years old",ADJOURNED
ST/1890/2022,KL-001890-2022,EVIDENCE_ACCUSED,2026-12-31,10:29,10:38,10:29,10:59,ADV-607,4.04,"4+ year case due within 30 days, waiting 98 days, 4.0 years old",ADJOURNED
ST/2114/2017,KL-002114-2017,EVIDENCE_ACCUSED,2026-12-31,10:38,10:45,10:38,11:08,ADV-032,9.62,Defence evidence → reference gap 14 days. Thu 31 Dec has room (180 of 386 min),ADJOURNED
ST/2082/2020,KL-002082-2020,EVIDENCE_COMPLAINANT,2026-12-31,10:45,10:56,10:45,11:15,ADV-640,6.82,Complainant evidence → reference gap 14 days. Thu 31 Dec has room (78 of 386 min),ADJOURNED
ST/2816/2020,KL-002816-2020,EVIDENCE_ACCUSED,2026-12-31,10:56,11:03,10:56,11:26,ADV-073,6.82,Defence evidence → reference gap 14 days. Thu 31 Dec has room (186 of 386 min),ADJOURNED
ST/2774/2020,KL-002774-2020,EVIDENCE_ACCUSED,2026-12-31,11:03,11:10,11:03,11:33,ADV-031,6.44,Defence evidence → reference gap 14 days. Thu 31 Dec has room (199 of 386 min),ADJOURNED
ST/2820/2020,KL-002820-2020,EVIDENCE_ACCUSED,2026-12-31,11:10,11:17,11:10,11:40,ADV-716,6.44,Defence evidence → reference gap 14 days. Thu 31 Dec has room (193 of 386 min),ADJOURNED
ST/217/2021,KL-000217-2021,EVIDENCE_ACCUSED,2026-12-31,11:17,11:26,11:17,11:47,ADV-007,5.03,Defence evidence → reference gap 14 days. Thu 31 Dec has room (42 of 386 min),ADJOURNED
ST/2804/2022,KL-002804-2022,EVIDENCE_COMPLAINANT,2026-12-31,11:26,11:39,11:26,11:56,ADV-1174,4.83,Complainant evidence → reference gap 14 days. Thu 31 Dec has room (211 of 386 min),ADJOURNED
ST/209/2021,KL-000209-2021,EVIDENCE_ACCUSED,2026-12-31,11:39,11:46,11:39,12:09,ADV-530,5.91,Defence evidence → reference gap 14 days. Thu 31 Dec has room (143 of 386 min),ADJOURNED
ST/261/2022,KL-000261-2022,EVIDENCE_ACCUSED,2026-12-31,11:46,11:56,11:46,12:16,ADV-549,4.59,Defence evidence → reference gap 14 days. Thu 31 Dec has room (114 of 386 min),ADJOURNED
ST/559/2022,KL-000559-2022,EVIDENCE_ACCUSED,2026-12-31,11:56,12:05,11:56,12:26,ADV-212,4.59,Defence evidence → reference gap 14 days. Thu 31 Dec has room (123 of 386 min),ADJOURNED
ST/692/2022,KL-000692-2022,EVIDENCE_ACCUSED,2026-12-31,12:05,12:15,12:05,12:35,ADV-790,4.59,Defence evidence → reference gap 14 days. Thu 31 Dec has room (227 of 386 min),ADJOURNED
ST/1863/2021,KL-001863-2021,EVIDENCE_ACCUSED,2026-12-31,12:15,12:23,12:15,12:45,ADV-1124,5.00,Defence evidence → reference gap 14 days. Thu 31 Dec has room (150 of 386 min),ADJOURNED
ST/1163/2021,KL-001163-2021,EVIDENCE_ACCUSED,2026-12-31,12:23,12:31,12:23,12:53,ADV-710,5.00,Defence evidence → reference gap 14 days. Thu 31 Dec has room (218 of 386 min),ADJOURNED
ST/2196/2022,KL-002196-2022,EVIDENCE_ACCUSED,2026-12-31,12:31,12:40,12:31,13:01,ADV-513,4.36,Defence evidence → reference gap 14 days. Thu 31 Dec has room (50 of 386 min),ADJOURNED
ST/2525/2022,KL-002525-2022,EVIDENCE_ACCUSED,2026-12-31,12:40,12:47,12:40,13:10,ADV-773,4.83,Defence evidence → reference gap 14 days. Thu 31 Dec has room (241 of 386 min),ADJOURNED
ST/312/2022,KL-000312-2022,EVIDENCE_ACCUSED,2026-12-31,12:47,12:56,12:47,13:17,ADV-507,4.72,Defence evidence → reference gap 14 days. Thu 31 Dec has room (99 of 386 min); ADV-507 already listed,ADJOURNED
ST/1535/2022,KL-001535-2022,EVIDENCE_ACCUSED,2026-12-31,12:56,13:04,12:56,13:26,ADV-038,4.36,Defence evidence → reference gap 14 days. Thu 31 Dec has room (92 of 386 min),ADJOURNED
ST/123/2022,KL-000123-2022,EVIDENCE_ACCUSED,2026-12-31,13:04,13:12,13:04,13:34,ADV-595,4.23,Defence evidence → reference gap 14 days. Thu 31 Dec has room (34 of 386 min); ADV-595 already listed,ADJOURNED
ST/49/2022,KL-000049-2022,EVIDENCE_ACCUSED,2026-12-31,13:12,13:20,13:12,13:42,ADV-214,4.72,Defence evidence → reference gap 14 days. Thu 31 Dec has room (158 of 386 min),DISPOSED
ST/2034/2022,KL-002034-2022,EVIDENCE_ACCUSED,2026-12-31,13:20,13:29,13:20,13:50,ADV-184,4.72,Defence evidence → reference gap 14 days. Thu 31 Dec has room (173 of 386 min),ADJOURNED
ST/1965/2022,KL-001965-2022,EVIDENCE_ACCUSED,2026-12-31,13:29,13:30,13:29,13:59,ADV-1191,4.36,Defence evidence → reference gap 14 days. Thu 31 Dec has room (130 of 386 min),ADJOURNED
ST/641/2022,KL-000641-2022,EVIDENCE_ACCUSED,2026-12-31,14:00,14:08,14:00,14:30,ADV-910,4.72,Defence evidence → reference gap 14 days. Thu 31 Dec has room (166 of 386 min),ADJOURNED
ST/1668/2022,KL-001668-2022,EVIDENCE_ACCUSED,2026-12-31,14:08,14:16,14:08,14:38,ADV-175,4.72,Defence evidence → reference gap 14 days. Thu 31 Dec has room (249 of 386 min),MOVED_FORWARD
ST/68/2021,KL-000068-2021,ARGUMENTS,2026-12-31,14:16,14:23,14:16,14:46,ADV-889,5.04,"4+ year case due within 30 days, 5.0 years old, waiting 98 days",ADJOURNED
ST/332/2021,KL-000332-2021,ARGUMENTS,2026-12-31,14:23,14:30,14:23,14:53,ADV-1073,5.04,"4+ year case due within 30 days, 5.0 years old, waiting 98 days",MOVED_FORWARD
ST/374/2021,KL-000374-2021,ARGUMENTS,2026-12-31,14:30,14:37,14:30,15:00,ADV-634,5.04,"4+ year case due within 30 days, 5.0 years old, waiting 98 days",ADJOURNED
ST/379/2021,KL-000379-2021,ARGUMENTS,2026-12-31,14:37,14:44,14:37,15:07,ADV-1081,5.04,"4+ year case due within 30 days, 5.0 years old, waiting 98 days",ADJOURNED
ST/498/2021,KL-000498-2021,ARGUMENTS,2026-12-31,14:44,14:51,14:44,15:14,ADV-600,5.04,"4+ year case due within 30 days, 5.0 years old, waiting 98 days",ADJOURNED
ST/576/2021,KL-000576-2021,ARGUMENTS,2026-12-31,14:51,14:59,14:51,15:21,ADV-865,5.04,"4+ year case due within 30 days, 5.0 years old, waiting 98 days",ADJOURNED
ST/634/2021,KL-000634-2021,ARGUMENTS,2026-12-31,14:59,15:06,14:59,15:29,ADV-959,5.04,"4+ year case due within 30 days, 5.0 years old, waiting 98 days",ADJOURNED
ST/770/2021,KL-000770-2021,ARGUMENTS,2026-12-31,15:06,15:13,15:06,15:36,ADV-421,5.04,"4+ year case due within 30 days, 5.0 years old, waiting 98 days",ADJOURNED
ST/909/2021,KL-000909-2021,ARGUMENTS,2026-12-31,15:13,15:20,15:13,15:43,ADV-248,5.04,"4+ year case due within 30 days, 5.0 years old, waiting 98 days",ADJOURNED
ST/913/2021,KL-000913-2021,ARGUMENTS,2026-12-31,15:20,15:27,15:20,15:50,ADV-242,5.04,"4+ year case due within 30 days, 5.0 years old, waiting 98 days",ADJOURNED
ST/1044/2021,KL-001044-2021,ARGUMENTS,2026-12-31,15:27,15:34,15:27,15:57,ADV-137,5.04,"4+ year case due within 30 days, 5.0 years old, waiting 98 days",ADJOURNED
ST/1268/2021,KL-001268-2021,ARGUMENTS,2026-12-31,15:34,15:41,15:34,16:04,ADV-1170,5.04,"4+ year case due within 30 days, 5.0 years old, waiting 98 days",ADJOURNED
ST/1098/2021,KL-001098-2021,JUDGEMENT,2026-12-31,15:41,16:11,15:41,16:11,ADV-185,5.79,Judgement → reference gap 21 days. Thu 31 Dec has room (27 of 386 min),DISPOSED
ST/239/2017,KL-000239-2017,ARGUMENTS,2026-12-31,16:11,16:17,16:11,16:41,ADV-1113,9.38,Arguments → reference gap 14 days. Thu 31 Dec has room (105 of 386 min); ADV-1113 already listed,ADJOURNED
ST/442/2017,KL-000442-2017,ARGUMENTS,2026-12-31,16:17,16:24,16:17,16:47,ADV-031,9.38,Arguments → reference gap 14 days. Thu 31 Dec has room (267 of 386 min); ADV-031 already listed,ADJOURNED
ST/2187/2017,KL-002187-2017,ARGUMENTS,2026-12-31,16:24,16:30,16:24,16:54,ADV-1088,9.38,Arguments → reference gap 14 days. Thu 31 Dec has room (261 of 386 min),MOVED_FORWARD
ST/951/2020,KL-000951-2020,ARGUMENTS,2026-12-31,16:30,16:37,16:30,17:00,ADV-476,6.82,Arguments → reference gap 14 days. Thu 31 Dec has room (56 of 386 min),ADJOURNED
ST/1844/2021,KL-001844-2021,ARGUMENTS,2026-12-31,16:37,16:43,16:37,17:07,ADV-250,5.00,Arguments → reference gap 14 days. Thu 31 Dec has room (84 of 386 min),ADJOURNED
ST/2280/2022,KL-002280-2022,ARGUMENTS,2026-12-31,16:43,16:49,16:43,17:13,ADV-250,4.72,Arguments → reference gap 14 days. Thu 31 Dec has room (272 of 386 min); ADV-250 already listed,ADJOURNED
ST/2669/2021,KL-002669-2021,ARGUMENTS,2026-12-31,16:49,16:56,16:49,17:19,ADV-956,5.03,Arguments → reference gap 14 days. Thu 31 Dec has room (255 of 386 min),ADJOURNED
ST/166/2022,KL-000166-2022,ARGUMENTS,2026-12-31,16:56,17:02,16:56,17:26,ADV-507,4.36,Arguments → reference gap 14 days. Thu 31 Dec has room (62 of 386 min),ADJOURNED
ST/867/2022,KL-000867-2022,ARGUMENTS,2026-12-31,17:02,17:09,17:02,17:32,ADV-658,4.36,Arguments → reference gap 14 days. Thu 31 Dec has room (68 of 386 min); ADV-658 already listed,ADJOURNED
ST/1684/2022,KL-001684-2022,ARGUMENTS,2026-12-31,17:09,17:16,17:09,17:39,ADV-088,4.59,Arguments → reference gap 14 days. Thu 31 Dec has room (234 of 386 min),ADJOURNED
ST/1723/2022,KL-001723-2022,ARGUMENTS,2026-12-31,17:16,17:22,17:16,17:46,ADV-1191,4.23,Arguments → reference gap 14 days. Thu 31 Dec has room (136 of 386 min); ADV-1191 already listed,ADJOURNED
